Grid_Number,Del_n_Government_Facilities
0,8.0
1,9.0
2,7.0
3,8.0
4,8.0
5,7.0
6,7.0
7,6.0
8,8.0
9,6.0
10,6.0
11,6.0
12,6.0
13,6.0
14,2.0
15,4.0
16,3.0
17,3.0
18,5.0
19,5.0
20,5.0
21,2.0
22,2.0
23,1.0
24,1.0
25,3.0
26,3.0
27,3.0
28,4.0
29,8.0
30,11.0
31,10.0
32,9.0
33,5.0
34,3.0
35,6.0
36,6.0
37,5.0
38,4.0
39,5.0
40,5.0
41,5.0
42,2.0
43,3.0
44,0.0
45,0.0
46,9.0
47,9.0
48,5.0
49,10.0
50,10.0
51,10.0
52,10.0
53,10.0
54,8.0
55,7.0
56,9.0
57,9.0
58,8.0
59,7.0
60,7.0
61,6.0
62,6.0
63,6.0
64,5.0
65,3.0
66,6.0
67,5.0
68,5.0
69,5.0
70,5.0
71,1.0
72,4.0
73,3.0
74,4.0
75,4.0
76,5.0
77,9.0
78,12.0
79,13.0
80,15.0
81,13.0
82,0.0
83,11.0
84,6.0
85,6.0
86,6.0
87,5.0
88,5.0
89,5.0
90,5.0
91,6.0
92,0.0
93,0.0
94,9.0
95,9.0
96,9.0
97,6.0
98,9.0
99,9.0
100,11.0
101,11.0
102,10.0
103,10.0
104,8.0
105,10.0
106,9.0
107,8.0
108,9.0
109,7.0
110,7.0
111,6.0
112,6.0
113,5.0
114,6.0
115,5.0
116,5.0
117,5.0
118,5.0
119,6.0
120,4.0
121,6.0
122,4.0
123,6.0
124,7.0
125,9.0
126,16.0
127,15.0
128,14.0
129,15.0
130,15.0
131,13.0
132,3.0
133,7.0
134,6.0
135,6.0
136,5.0
137,6.0
138,5.0
139,6.0
140,6.0
141,3.0
142,9.0
143,9.0
144,9.0
145,11.0
146,8.0
147,9.0
148,11.0
149,13.0
150,14.0
151,12.0
152,12.0
153,9.0
154,11.0
155,8.0
156,7.0
157,9.0
158,7.0
159,9.0
160,8.0
161,8.0
162,9.0
163,7.0
164,6.0
165,3.0
166,3.0
167,2.0
168,6.0
169,6.0
170,6.0
171,6.0
172,6.0
173,9.0
174,16.0
175,20.0
176,21.0
177,22.0
178,18.0
179,15.0
180,15.0
181,13.0
182,11.0
183,6.0
184,6.0
185,5.0
186,6.0
187,5.0
188,6.0
189,6.0
190,9.0
191,9.0
192,12.0
193,13.0
194,15.0
195,11.0
196,10.0
197,10.0
198,14.0
199,15.0
200,16.0
201,13.0
202,11.0
203,10.0
204,10.0
205,7.0
206,10.0
207,12.0
208,12.0
209,12.0
210,12.0
211,12.0
212,7.0
213,3.0
214,3.0
215,3.0
216,7.0
217,6.0
218,7.0
219,9.0
220,6.0
221,9.0
222,13.0
223,25.0
224,23.0
225,22.0
226,22.0
227,22.0
228,20.0
229,15.0
230,15.0
231,12.0
232,7.0
233,5.0
234,5.0
235,4.0
236,6.0
237,6.0
238,7.0
239,9.0
240,12.0
241,19.0
242,9.0
243,20.0
244,19.0
245,11.0
246,12.0
247,15.0
248,16.0
249,17.0
250,16.0
251,12.0
252,10.0
253,10.0
254,9.0
255,13.0
256,11.0
257,12.0
258,13.0
259,11.0
260,11.0
261,7.0
262,3.0
263,3.0
264,8.0
265,9.0
266,8.0
267,8.0
268,9.0
269,12.0
270,15.0
271,25.0
272,46.0
273,50.0
274,48.0
275,39.0
276,30.0
277,21.0
278,19.0
279,16.0
280,14.0
281,7.0
282,5.0
283,5.0
284,3.0
285,2.0
286,7.0
287,7.0
288,9.0
289,23.0
290,12.0
291,21.0
292,20.0
293,20.0
294,12.0
295,13.0
296,16.0
297,19.0
298,17.0
299,16.0
300,14.0
301,11.0
302,9.0
303,14.0
304,13.0
305,11.0
306,11.0
307,13.0
308,12.0
309,12.0
310,9.0
311,5.0
312,8.0
313,8.0
314,8.0
315,9.0
316,8.0
317,14.0
318,12.0
319,22.0
320,42.0
321,59.0
322,61.0
323,60.0
324,58.0
325,44.0
326,32.0
327,20.0
328,16.0
329,14.0
330,7.0
331,6.0
332,6.0
333,3.0
334,4.0
335,5.0
336,7.0
337,12.0
338,26.0
339,24.0
340,24.0
341,21.0
342,0.0
343,14.0
344,16.0
345,17.0
346,18.0
347,17.0
348,16.0
349,15.0
350,12.0
351,10.0
352,15.0
353,12.0
354,11.0
355,12.0
356,12.0
357,11.0
358,12.0
359,12.0
360,12.0
361,8.0
362,8.0
363,8.0
364,9.0
365,8.0
366,16.0
367,24.0
368,39.0
369,55.0
370,61.0
371,67.0
372,67.0
373,62.0
374,42.0
375,45.0
376,24.0
377,16.0
378,12.0
379,6.0
380,7.0
381,4.0
382,4.0
383,4.0
384,5.0
385,5.0
386,15.0
387,24.0
388,24.0
389,24.0
390,11.0
391,21.0
392,15.0
393,17.0
394,18.0
395,19.0
396,18.0
397,16.0
398,15.0
399,12.0
400,10.0
401,12.0
402,12.0
403,13.0
404,13.0
405,13.0
406,13.0
407,14.0
408,13.0
409,12.0
410,10.0
411,8.0
412,8.0
413,10.0
414,15.0
415,21.0
416,29.0
417,57.0
418,63.0
419,67.0
420,73.0
421,72.0
422,70.0
423,64.0
424,53.0
425,32.0
426,19.0
427,7.0
428,6.0
429,5.0
430,8.0
431,8.0
432,7.0
433,8.0
434,7.0
435,17.0
436,21.0
437,21.0
438,24.0
439,24.0
440,24.0
441,15.0
442,15.0
443,17.0
444,18.0
445,17.0
446,18.0
447,15.0
448,13.0
449,10.0
450,13.0
451,13.0
452,12.0
453,13.0
454,17.0
455,16.0
456,16.0
457,16.0
458,14.0
459,11.0
460,14.0
461,17.0
462,21.0
463,27.0
464,26.0
465,32.0
466,60.0
467,76.0
468,71.0
469,71.0
470,75.0
471,74.0
472,68.0
473,59.0
474,38.0
475,12.0
476,4.0
477,5.0
478,9.0
479,9.0
480,9.0
481,9.0
482,10.0
483,12.0
484,16.0
485,22.0
486,21.0
487,21.0
488,22.0
489,21.0
490,15.0
491,17.0
492,17.0
493,20.0
494,19.0
495,19.0
496,15.0
497,12.0
498,12.0
499,15.0
500,12.0
501,12.0
502,16.0
503,17.0
504,17.0
505,18.0
506,17.0
507,21.0
508,21.0
509,37.0
510,42.0
511,45.0
512,42.0
513,39.0
514,39.0
515,67.0
516,76.0
517,74.0
518,72.0
519,72.0
520,69.0
521,63.0
522,56.0
523,36.0
524,9.0
525,5.0
526,9.0
527,9.0
528,9.0
529,10.0
530,10.0
531,12.0
532,12.0
533,16.0
534,20.0
535,20.0
536,20.0
537,19.0
538,21.0
539,20.0
540,26.0
541,27.0
542,31.0
543,28.0
544,24.0
545,21.0
546,18.0
547,15.0
548,11.0
549,15.0
550,16.0
551,18.0
552,18.0
553,20.0
554,19.0
555,21.0
556,23.0
557,47.0
558,53.0
559,47.0
560,50.0
561,52.0
562,52.0
563,53.0
564,70.0
565,74.0
566,77.0
567,75.0
568,72.0
569,67.0
570,60.0
571,54.0
572,30.0
573,9.0
574,6.0
575,9.0
576,9.0
577,9.0
578,10.0
579,12.0
580,12.0
581,13.0
582,13.0
583,21.0
584,19.0
585,20.0
586,19.0
587,21.0
588,28.0
589,34.0
590,39.0
591,43.0
592,44.0
593,36.0
594,36.0
595,31.0
596,23.0
597,14.0
598,14.0
599,20.0
600,18.0
601,19.0
602,20.0
603,24.0
604,26.0
605,45.0
606,56.0
607,58.0
608,59.0
609,59.0
610,57.0
611,64.0
612,63.0
613,71.0
614,75.0
615,16.0
616,27.0
617,24.0
618,67.0
619,61.0
620,49.0
621,18.0
622,7.0
623,6.0
624,10.0
625,9.0
626,11.0
627,12.0
628,13.0
629,13.0
630,14.0
631,13.0
632,13.0
633,22.0
634,24.0
635,19.0
636,19.0
637,32.0
638,45.0
639,64.0
640,76.0
641,81.0
642,84.0
643,71.0
644,57.0
645,47.0
646,38.0
647,19.0
648,19.0
649,18.0
650,22.0
651,22.0
652,25.0
653,31.0
654,54.0
655,64.0
656,64.0
657,27.0
658,30.0
659,63.0
660,62.0
661,73.0
662,67.0
663,72.0
664,74.0
665,18.0
666,17.0
667,63.0
668,62.0
669,44.0
670,21.0
671,11.0
672,11.0
673,10.0
674,11.0
675,11.0
676,11.0
677,13.0
678,13.0
679,14.0
680,14.0
681,13.0
682,13.0
683,18.0
684,21.0
685,18.0
686,41.0
687,66.0
688,81.0
689,102.0
690,117.0
691,127.0
692,132.0
693,112.0
694,96.0
695,69.0
696,53.0
697,35.0
698,22.0
699,20.0
700,20.0
701,33.0
702,43.0
703,65.0
704,80.0
705,28.0
706,35.0
707,39.0
708,77.0
709,72.0
710,70.0
711,62.0
712,60.0
713,68.0
714,11.0
715,68.0
716,68.0
717,50.0
718,30.0
719,17.0
720,13.0
721,13.0
722,13.0
723,11.0
724,12.0
725,13.0
726,14.0
727,14.0
728,13.0
729,16.0
730,12.0
731,13.0
732,13.0
733,11.0
734,11.0
735,54.0
736,76.0
737,100.0
738,152.0
739,181.0
740,199.0
741,203.0
742,173.0
743,128.0
744,101.0
745,76.0
746,50.0
747,40.0
748,25.0
749,28.0
750,38.0
751,49.0
752,83.0
753,96.0
754,28.0
755,41.0
756,43.0
757,122.0
758,112.0
759,87.0
760,65.0
761,51.0
762,52.0
763,9.0
764,48.0
765,55.0
766,43.0
767,29.0
768,17.0
769,14.0
770,13.0
771,16.0
772,14.0
773,16.0
774,23.0
775,24.0
776,16.0
777,15.0
778,14.0
779,14.0
780,13.0
781,13.0
782,11.0
783,8.0
784,86.0
785,114.0
786,174.0
787,213.0
788,226.0
789,240.0
790,238.0
791,231.0
792,195.0
793,121.0
794,94.0
795,72.0
796,54.0
797,45.0
798,38.0
799,45.0
800,58.0
801,94.0
802,139.0
803,20.0
804,37.0
805,33.0
806,21.0
807,148.0
808,128.0
809,81.0
810,50.0
811,46.0
812,8.0
813,6.0
814,54.0
815,50.0
816,32.0
817,23.0
818,17.0
819,15.0
820,13.0
821,27.0
822,23.0
823,25.0
824,26.0
825,27.0
826,23.0
827,14.0
828,14.0
829,13.0
830,12.0
831,11.0
832,8.0
833,103.0
834,155.0
835,217.0
836,252.0
837,282.0
838,295.0
839,294.0
840,276.0
841,249.0
842,198.0
843,117.0
844,77.0
845,68.0
846,66.0
847,52.0
848,57.0
849,90.0
850,130.0
851,176.0
852,17.0
853,229.0
854,27.0
855,21.0
856,9.0
857,164.0
858,113.0
859,64.0
860,55.0
861,11.0
862,73.0
863,68.0
864,58.0
865,41.0
866,7.0
867,26.0
868,20.0
869,30.0
870,31.0
871,32.0
872,35.0
873,35.0
874,33.0
875,31.0
876,22.0
877,15.0
878,12.0
879,12.0
880,9.0
881,9.0
882,118.0
883,182.0
884,249.0
885,294.0
886,330.0
887,334.0
888,323.0
889,319.0
890,293.0
891,245.0
892,169.0
893,110.0
894,77.0
895,72.0
896,73.0
897,94.0
898,122.0
899,168.0
900,233.0
901,257.0
902,269.0
903,59.0
904,55.0
905,24.0
906,178.0
907,145.0
908,7.0
909,106.0
910,12.0
911,98.0
912,86.0
913,80.0
914,69.0
915,50.0
916,37.0
917,31.0
918,38.0
919,40.0
920,36.0
921,36.0
922,33.0
923,30.0
924,30.0
925,29.0
926,15.0
927,10.0
928,9.0
929,9.0
930,9.0
931,138.0
932,202.0
933,266.0
934,322.0
935,357.0
936,363.0
937,365.0
938,361.0
939,323.0
940,277.0
941,213.0
942,142.0
943,97.0
944,82.0
945,91.0
946,125.0
947,151.0
948,22.0
949,277.0
950,319.0
951,68.0
952,82.0
953,79.0
954,52.0
955,21.0
956,205.0
957,151.0
958,10.0
959,12.0
960,14.0
961,15.0
962,109.0
963,93.0
964,11.0
965,49.0
966,41.0
967,42.0
968,45.0
969,36.0
970,40.0
971,39.0
972,35.0
973,36.0
974,36.0
975,27.0
976,13.0
977,9.0
978,9.0
979,10.0
980,134.0
981,210.0
982,280.0
983,343.0
984,383.0
985,423.0
986,421.0
987,410.0
988,369.0
989,333.0
990,246.0
991,186.0
992,134.0
993,119.0
994,115.0
995,144.0
996,179.0
997,234.0
998,319.0
999,63.0
1000,109.0
1001,104.0
1002,101.0
1003,77.0
1004,26.0
1005,16.0
1006,212.0
1007,18.0
1008,24.0
1009,34.0
1010,28.0
1011,28.0
1012,123.0
1013,11.0
1014,66.0
1015,49.0
1016,54.0
1017,48.0
1018,42.0
1019,24.0
1020,19.0
1021,40.0
1022,43.0
1023,40.0
1024,32.0
1025,18.0
1026,14.0
1027,12.0
1028,10.0
1029,119.0
1030,195.0
1031,267.0
1032,353.0
1033,406.0
1034,435.0
1035,438.0
1036,440.0
1037,426.0
1038,373.0
1039,285.0
1040,213.0
1041,157.0
1042,146.0
1043,18.0
1044,21.0
1045,36.0
1046,261.0
1047,368.0
1048,70.0
1049,101.0
1050,125.0
1051,123.0
1052,80.0
1053,34.0
1054,22.0
1055,23.0
1056,40.0
1057,47.0
1058,49.0
1059,47.0
1060,200.0
1061,24.0
1062,129.0
1063,93.0
1064,65.0
1065,8.0
1066,9.0
1067,17.0
1068,26.0
1069,25.0
1070,48.0
1071,57.0
1072,56.0
1073,46.0
1074,32.0
1075,25.0
1076,20.0
1077,12.0
1078,114.0
1079,177.0
1080,269.0
1081,369.0
1082,418.0
1083,439.0
1084,448.0
1085,470.0
1086,444.0
1087,380.0
1088,296.0
1089,237.0
1090,164.0
1091,13.0
1092,18.0
1093,29.0
1094,46.0
1095,270.0
1096,81.0
1097,468.0
1098,105.0
1099,106.0
1100,106.0
1101,88.0
1102,39.0
1103,31.0
1104,38.0
1105,61.0
1106,79.0
1107,68.0
1108,57.0
1109,46.0
1110,27.0
1111,16.0
1112,116.0
1113,74.0
1114,4.0
1115,10.0
1116,10.0
1117,17.0
1118,19.0
1119,60.0
1120,64.0
1121,62.0
1122,53.0
1123,43.0
1124,37.0
1125,29.0
1126,20.0
1127,112.0
1128,155.0
1129,235.0
1130,334.0
1131,383.0
1132,421.0
1133,420.0
1134,440.0
1135,411.0
1136,355.0
1137,289.0
1138,230.0
1139,180.0
1140,151.0
1141,18.0
1142,27.0
1143,44.0
1144,70.0
1145,84.0
1146,97.0
1147,101.0
1148,110.0
1149,144.0
1150,122.0
1151,47.0
1152,36.0
1153,54.0
1154,70.0
1155,80.0
1156,83.0
1157,66.0
1158,61.0
1159,37.0
1160,24.0
1161,143.0
1162,80.0
1163,77.0
1164,61.0
1165,7.0
1166,17.0
1167,19.0
1168,64.0
1169,69.0
1170,65.0
1171,53.0
1172,40.0
1173,38.0
1174,32.0
1175,21.0
1176,113.0
1177,156.0
1178,199.0
1179,285.0
1180,362.0
1181,386.0
1182,389.0
1183,372.0
1184,342.0
1185,318.0
1186,273.0
1187,218.0
1188,43.0
1189,161.0
1190,11.0
1191,23.0
1192,34.0
1193,61.0
1194,93.0
1195,103.0
1196,95.0
1197,138.0
1198,159.0
1199,135.0
1200,106.0
1201,516.0
1202,69.0
1203,84.0
1204,81.0
1205,89.0
1206,83.0
1207,70.0
1208,50.0
1209,31.0
1210,167.0
1211,8.0
1212,72.0
1213,4.0
1214,58.0
1215,10.0
1216,12.0
1217,67.0
1218,68.0
1219,59.0
1220,21.0
1221,54.0
1222,56.0
1223,46.0
1224,39.0
1225,100.0
1226,135.0
1227,191.0
1228,229.0
1229,269.0
1230,330.0
1231,336.0
1232,336.0
1233,321.0
1234,285.0
1235,249.0
1236,50.0
1237,42.0
1238,18.0
1239,15.0
1240,8.0
1241,17.0
1242,51.0
1243,80.0
1244,103.0
1245,127.0
1246,142.0
1247,154.0
1248,142.0
1249,134.0
1250,67.0
1251,75.0
1252,81.0
1253,86.0
1254,90.0
1255,93.0
1256,91.0
1257,59.0
1258,37.0
1259,20.0
1260,135.0
1261,86.0
1262,51.0
1263,56.0
1264,60.0
1265,59.0
1266,63.0
1267,18.0
1268,23.0
1269,18.0
1270,30.0
1271,62.0
1272,58.0
1273,54.0
1274,68.0
1275,102.0
1276,133.0
1277,172.0
1278,224.0
1279,264.0
1280,280.0
1281,305.0
1282,281.0
1283,257.0
1284,230.0
1285,216.0
1286,187.0
1287,16.0
1288,9.0
1289,6.0
1290,6.0
1291,285.0
1292,51.0
1293,86.0
1294,115.0
1295,116.0
1296,148.0
1297,157.0
1298,119.0
1299,89.0
1300,77.0
1301,71.0
1302,84.0
1303,99.0
1304,119.0
1305,107.0
1306,68.0
1307,40.0
1308,23.0
1309,13.0
1310,101.0
1311,77.0
1312,62.0
1313,53.0
1314,57.0
1315,12.0
1316,14.0
1317,18.0
1318,20.0
1319,26.0
1320,65.0
1321,63.0
1322,57.0
1323,57.0
1324,75.0
1325,107.0
1326,151.0
1327,188.0
1328,220.0
1329,225.0
1330,240.0
1331,254.0
1332,242.0
1333,224.0
1334,204.0
1335,175.0
1336,147.0
1337,27.0
1338,17.0
1339,9.0
1340,14.0
1341,290.0
1342,67.0
1343,69.0
1344,79.0
1345,104.0
1346,122.0
1347,134.0
1348,115.0
1349,94.0
1350,81.0
1351,85.0
1352,116.0
1353,143.0
1354,113.0
1355,76.0
1356,51.0
1357,32.0
1358,13.0
1359,113.0
1360,83.0
1361,51.0
1362,52.0
1363,50.0
1364,9.0
1365,11.0
1366,16.0
1367,27.0
1368,25.0
1369,65.0
1370,62.0
1371,52.0
1372,51.0
1373,61.0
1374,80.0
1375,118.0
1376,153.0
1377,191.0
1378,200.0
1379,201.0
1380,203.0
1381,202.0
1382,203.0
1383,195.0
1384,168.0
1385,27.0
1386,36.0
1387,37.0
1388,19.0
1389,14.0
1390,296.0
1391,348.0
1392,440.0
1393,54.0
1394,81.0
1395,113.0
1396,123.0
1397,128.0
1398,91.0
1399,86.0
1400,652.0
1401,157.0
1402,176.0
1403,134.0
1404,472.0
1405,54.0
1406,43.0
1407,198.0
1408,128.0
1409,6.0
1410,63.0
1411,50.0
1412,49.0
1413,4.0
1414,71.0
1415,6.0
1416,12.0
1417,22.0
1418,65.0
1419,57.0
1420,47.0
1421,42.0
1422,51.0
1423,60.0
1424,87.0
1425,125.0
1426,141.0
1427,171.0
1428,21.0
1429,149.0
1430,153.0
1431,185.0
1432,184.0
1433,160.0
1434,143.0
1435,39.0
1436,36.0
1437,24.0
1438,253.0
1439,289.0
1440,318.0
1441,383.0
1442,465.0
1443,76.0
1444,117.0
1445,124.0
1446,134.0
1447,99.0
1448,82.0
1449,130.0
1450,159.0
1451,173.0
1452,140.0
1453,104.0
1454,56.0
1455,47.0
1456,211.0
1457,140.0
1458,14.0
1459,63.0
1460,53.0
1461,13.0
1462,3.0
1463,61.0
1464,4.0
1465,7.0
1466,19.0
1467,27.0
1468,52.0
1469,42.0
1470,32.0
1471,38.0
1472,51.0
1473,68.0
1474,82.0
1475,99.0
1476,105.0
1477,19.0
1478,122.0
1479,136.0
1480,168.0
1481,155.0
1482,165.0
1483,185.0
1484,48.0
1485,221.0
1486,244.0
1487,263.0
1488,280.0
1489,271.0
1490,310.0
1491,389.0
1492,69.0
1493,102.0
1494,111.0
1495,113.0
1496,103.0
1497,103.0
1498,124.0
1499,165.0
1500,164.0
1501,123.0
1502,78.0
1503,70.0
1504,56.0
1505,27.0
1506,21.0
1507,13.0
1508,18.0
1509,13.0
1510,13.0
1511,6.0
1512,49.0
1513,65.0
1514,62.0
1515,60.0
1516,48.0
1517,42.0
1518,38.0
1519,21.0
1520,31.0
1521,40.0
1522,55.0
1523,65.0
1524,75.0
1525,79.0
1526,84.0
1527,106.0
1528,12.0
1529,137.0
1530,151.0
1531,185.0
1532,216.0
1533,254.0
1534,265.0
1535,270.0
1536,267.0
1537,295.0
1538,293.0
1539,291.0
1540,386.0
1541,54.0
1542,73.0
1543,97.0
1544,96.0
1545,97.0
1546,110.0
1547,122.0
1548,148.0
1549,143.0
1550,84.0
1551,90.0
1552,68.0
1553,63.0
1554,42.0
1555,27.0
1556,16.0
1557,22.0
1558,15.0
1559,13.0
1560,4.0
1561,37.0
1562,48.0
1563,43.0
1564,44.0
1565,39.0
1566,37.0
1567,31.0
1568,16.0
1569,21.0
1570,34.0
1571,44.0
1572,44.0
1573,52.0
1574,62.0
1575,71.0
1576,94.0
1577,105.0
1578,133.0
1579,172.0
1580,217.0
1581,267.0
1582,294.0
1583,323.0
1584,315.0
1585,305.0
1586,300.0
1587,321.0
1588,324.0
1589,385.0
1590,468.0
1591,520.0
1592,545.0
1593,107.0
1594,115.0
1595,100.0
1596,111.0
1597,122.0
1598,116.0
1599,95.0
1600,84.0
1601,72.0
1602,62.0
1603,41.0
1604,24.0
1605,129.0
1606,80.0
1607,55.0
1608,39.0
1609,29.0
1610,25.0
1611,31.0
1612,36.0
1613,39.0
1614,33.0
1615,31.0
1616,31.0
1617,14.0
1618,19.0
1619,29.0
1620,35.0
1621,45.0
1622,51.0
1623,63.0
1624,65.0
1625,93.0
1626,112.0
1627,144.0
1628,193.0
1629,274.0
1630,353.0
1631,371.0
1632,379.0
1633,368.0
1634,346.0
1635,315.0
1636,358.0
1637,385.0
1638,420.0
1639,509.0
1640,579.0
1641,88.0
1642,114.0
1643,129.0
1644,116.0
1645,126.0
1646,123.0
1647,137.0
1648,105.0
1649,98.0
1650,79.0
1651,65.0
1652,29.0
1653,24.0
1654,136.0
1655,87.0
1656,57.0
1657,38.0
1658,29.0
1659,24.0
1660,14.0
1661,23.0
1662,35.0
1663,32.0
1664,31.0
1665,27.0
1666,14.0
1667,21.0
1668,27.0
1669,33.0
1670,37.0
1671,54.0
1672,59.0
1673,68.0
1674,96.0
1675,129.0
1676,169.0
1677,36.0
1678,42.0
1679,392.0
1680,419.0
1681,102.0
1682,414.0
1683,381.0
1684,385.0
1685,410.0
1686,455.0
1687,487.0
1688,567.0
1689,646.0
1690,133.0
1691,157.0
1692,123.0
1693,116.0
1694,122.0
1695,104.0
1696,117.0
1697,104.0
1698,88.0
1699,66.0
1700,42.0
1701,37.0
1702,26.0
1703,14.0
1704,85.0
1705,60.0
1706,38.0
1707,27.0
1708,15.0
1709,9.0
1710,10.0
1711,16.0
1712,22.0
1713,14.0
1714,14.0
1715,16.0
1716,22.0
1717,27.0
1718,34.0
1719,38.0
1720,5.0
1721,12.0
1722,63.0
1723,103.0
1724,21.0
1725,34.0
1726,286.0
1727,374.0
1728,423.0
1729,450.0
1730,475.0
1731,117.0
1732,451.0
1733,457.0
1734,489.0
1735,527.0
1736,558.0
1737,627.0
1738,728.0
1739,136.0
1740,157.0
1741,132.0
1742,116.0
1743,114.0
1744,103.0
1745,108.0
1746,85.0
1747,80.0
1748,52.0
1749,57.0
1750,39.0
1751,24.0
1752,105.0
1753,77.0
1754,58.0
1755,29.0
1756,18.0
1757,12.0
1758,9.0
1759,6.0
1760,7.0
1761,9.0
1762,6.0
1763,6.0
1764,14.0
1765,21.0
1766,25.0
1767,27.0
1768,32.0
1769,39.0
1770,52.0
1771,69.0
1772,127.0
1773,19.0
1774,22.0
1775,310.0
1776,404.0
1777,472.0
1778,505.0
1779,533.0
1780,109.0
1781,552.0
1782,535.0
1783,548.0
1784,577.0
1785,632.0
1786,707.0
1787,805.0
1788,149.0
1789,138.0
1790,143.0
1791,108.0
1792,98.0
1793,96.0
1794,101.0
1795,429.0
1796,55.0
1797,38.0
1798,50.0
1799,41.0
1800,29.0
1801,93.0
1802,60.0
1803,38.0
1804,22.0
1805,14.0
1806,12.0
1807,7.0
1808,7.0
1809,6.0
1810,4.0
1811,3.0
1812,3.0
1813,15.0
1814,18.0
1815,21.0
1816,23.0
1817,28.0
1818,31.0
1819,52.0
1820,82.0
1821,146.0
1822,223.0
1823,271.0
1824,51.0
1825,409.0
1826,129.0
1827,582.0
1828,90.0
1829,109.0
1830,622.0
1831,593.0
1832,598.0
1833,645.0
1834,676.0
1835,737.0
1836,789.0
1837,174.0
1838,177.0
1839,147.0
1840,110.0
1841,90.0
1842,90.0
1843,90.0
1844,75.0
1845,53.0
1846,41.0
1847,44.0
1848,35.0
1849,107.0
1850,76.0
1851,56.0
1852,39.0
1853,18.0
1854,10.0
1855,7.0
1856,7.0
1857,7.0
1858,6.0
1859,4.0
1860,3.0
1861,3.0
1862,15.0
1863,17.0
1864,21.0
1865,22.0
1866,27.0
1867,28.0
1868,51.0
1869,84.0
1870,151.0
1871,219.0
1872,276.0
1873,358.0
1874,114.0
1875,125.0
1876,617.0
1877,647.0
1878,115.0
1879,86.0
1880,638.0
1881,659.0
1882,634.0
1883,708.0
1884,732.0
1885,204.0
1886,224.0
1887,207.0
1888,171.0
1889,685.0
1890,613.0
1891,518.0
1892,79.0
1893,69.0
1894,45.0
1895,35.0
1896,192.0
1897,118.0
1898,86.0
1899,69.0
1900,46.0
1901,28.0
1902,10.0
1903,9.0
1904,7.0
1905,7.0
1906,7.0
1907,4.0
1908,3.0
1909,3.0
1910,3.0
1911,16.0
1912,16.0
1913,18.0
1914,21.0
1915,20.0
1916,26.0
1917,55.0
1918,4.0
1919,140.0
1920,33.0
1921,53.0
1922,409.0
1923,504.0
1924,112.0
1925,670.0
1926,715.0
1927,121.0
1928,126.0
1929,674.0
1930,649.0
1931,636.0
1932,668.0
1933,725.0
1934,247.0
1935,248.0
1936,215.0
1937,167.0
1938,666.0
1939,593.0
1940,59.0
1941,62.0
1942,50.0
1943,32.0
1944,215.0
1945,169.0
1946,121.0
1947,93.0
1948,61.0
1949,38.0
1950,16.0
1951,8.0
1952,8.0
1953,6.0
1954,6.0
1955,6.0
1956,4.0
1957,3.0
1958,3.0
1959,3.0
1960,18.0
1961,18.0
1962,20.0
1963,18.0
1964,3.0
1965,25.0
1966,54.0
1967,75.0
1968,126.0
1969,48.0
1970,62.0
1971,80.0
1972,97.0
1973,616.0
1974,141.0
1975,163.0
1976,145.0
1977,141.0
1978,122.0
1979,624.0
1980,642.0
1981,686.0
1982,753.0
1983,221.0
1984,197.0
1985,190.0
1986,145.0
1987,635.0
1988,584.0
1989,482.0
1990,401.0
1991,317.0
1992,272.0
1993,216.0
1994,161.0
1995,127.0
1996,96.0
1997,58.0
1998,35.0
1999,15.0
2000,11.0
2001,9.0
2002,8.0
2003,6.0
2004,9.0
2005,11.0
2006,13.0
2007,9.0
2008,7.0
2009,22.0
2010,25.0
2011,23.0
2012,23.0
2013,26.0
2014,29.0
2015,62.0
2016,89.0
2017,128.0
2018,44.0
2019,60.0
2020,436.0
2021,532.0
2022,121.0
2023,151.0
2024,171.0
2025,164.0
2026,146.0
2027,118.0
2028,646.0
2029,688.0
2030,84.0
2031,113.0
2032,745.0
2033,134.0
2034,760.0
2035,708.0
2036,630.0
2037,601.0
2038,503.0
2039,394.0
2040,36.0
2041,27.0
2042,227.0
2043,176.0
2044,126.0
2045,84.0
2046,55.0
2047,30.0
2048,21.0
2049,15.0
2050,12.0
2051,8.0
2052,10.0
2053,15.0
2054,16.0
2055,16.0
2056,15.0
2057,14.0
2058,38.0
2059,41.0
2060,39.0
2061,40.0
2062,39.0
2063,42.0
2064,76.0
2065,110.0
2066,157.0
2067,245.0
2068,40.0
2069,449.0
2070,81.0
2071,127.0
2072,156.0
2073,177.0
2074,176.0
2075,143.0
2076,88.0
2077,60.0
2078,663.0
2079,668.0
2080,724.0
2081,754.0
2082,755.0
2083,748.0
2084,47.0
2085,57.0
2086,54.0
2087,64.0
2088,74.0
2089,61.0
2090,42.0
2091,36.0
2092,158.0
2093,113.0
2094,77.0
2095,54.0
2096,37.0
2097,28.0
2098,20.0
2099,12.0
2100,13.0
2101,17.0
2102,17.0
2103,17.0
2104,11.0
2105,10.0
2106,15.0
2107,63.0
2108,69.0
2109,67.0
2110,67.0
2111,68.0
2112,73.0
2113,111.0
2114,136.0
2115,185.0
2116,258.0
2117,337.0
2118,61.0
2119,87.0
2120,135.0
2121,593.0
2122,156.0
2123,130.0
2124,113.0
2125,67.0
2126,600.0
2127,619.0
2128,610.0
2129,659.0
2130,676.0
2131,710.0
2132,62.0
2133,78.0
2134,92.0
2135,79.0
2136,98.0
2137,101.0
2138,80.0
2139,59.0
2140,38.0
2141,168.0
2142,120.0
2143,86.0
2144,55.0
2145,39.0
2146,28.0
2147,20.0
2148,15.0
2149,20.0
2150,18.0
2151,17.0
2152,17.0
2153,17.0
2154,11.0
2155,15.0
2156,95.0
2157,105.0
2158,137.0
2159,131.0
2160,106.0
2161,108.0
2162,132.0
2163,158.0
2164,212.0
2165,283.0
2166,326.0
2167,58.0
2168,95.0
2169,112.0
2170,117.0
2171,113.0
2172,110.0
2173,614.0
2174,587.0
2175,597.0
2176,581.0
2177,70.0
2178,110.0
2179,119.0
2180,125.0
2181,104.0
2182,110.0
2183,118.0
2184,119.0
2185,130.0
2186,109.0
2187,104.0
2188,56.0
2189,42.0
2190,178.0
2191,121.0
2192,93.0
2193,60.0
2194,43.0
2195,27.0
2196,21.0
2197,16.0
2198,21.0
2199,18.0
2200,17.0
2201,18.0
2202,18.0
2203,12.0
2204,10.0
2205,109.0
2206,133.0
2207,151.0
2208,154.0
2209,145.0
2210,142.0
2211,159.0
2212,165.0
2213,208.0
2214,279.0
2215,48.0
2216,63.0
2217,82.0
2218,104.0
2219,490.0
2220,104.0
2221,89.0
2222,616.0
2223,568.0
2224,610.0
2225,559.0
2226,104.0
2227,146.0
2228,148.0
2229,152.0
2230,124.0
2231,111.0
2232,115.0
2233,115.0
2234,118.0
2235,104.0
2236,86.0
2237,291.0
2238,223.0
2239,170.0
2240,117.0
2241,87.0
2242,66.0
2243,42.0
2244,27.0
2245,21.0
2246,16.0
2247,22.0
2248,18.0
2249,18.0
2250,18.0
2251,19.0
2252,13.0
2253,5.0
2254,123.0
2255,137.0
2256,154.0
2257,161.0
2258,178.0
2259,162.0
2260,170.0
2261,186.0
2262,198.0
2263,67.0
2264,58.0
2265,56.0
2266,71.0
2267,75.0
2268,63.0
2269,61.0
2270,588.0
2271,540.0
2272,535.0
2273,574.0
2274,81.0
2275,102.0
2276,154.0
2277,154.0
2278,128.0
2279,119.0
2280,115.0
2281,105.0
2282,101.0
2283,94.0
2284,83.0
2285,341.0
2286,280.0
2287,226.0
2288,152.0
2289,103.0
2290,85.0
2291,63.0
2292,46.0
2293,27.0
2294,22.0
2295,14.0
2296,19.0
2297,19.0
2298,19.0
2299,19.0
2300,13.0
2301,11.0
2302,5.0
2303,125.0
2304,140.0
2305,153.0
2306,164.0
2307,182.0
2308,175.0
2309,179.0
2310,184.0
2311,185.0
2312,77.0
2313,77.0
2314,47.0
2315,49.0
2316,55.0
2317,53.0
2318,460.0
2319,474.0
2320,492.0
2321,493.0
2322,516.0
2323,106.0
2324,100.0
2325,98.0
2326,96.0
2327,95.0
2328,96.0
2329,103.0
2330,108.0
2331,104.0
2332,90.0
2333,71.0
2334,39.0
2335,260.0
2336,195.0
2337,122.0
2338,87.0
2339,70.0
2340,55.0
2341,43.0
2342,27.0
2343,21.0
2344,12.0
2345,18.0
2346,18.0
2347,19.0
2348,13.0
2349,11.0
2350,5.0
2351,5.0
2352,123.0
2353,141.0
2354,150.0
2355,164.0
2356,173.0
2357,176.0
2358,182.0
2359,181.0
2360,177.0
2361,204.0
2362,63.0
2363,253.0
2364,30.0
2365,38.0
2366,386.0
2367,413.0
2368,406.0
2369,432.0
2370,436.0
2371,420.0
2372,119.0
2373,81.0
2374,79.0
2375,76.0
2376,571.0
2377,84.0
2378,97.0
2379,123.0
2380,116.0
2381,74.0
2382,45.0
2383,16.0
2384,220.0
2385,147.0
2386,94.0
2387,72.0
2388,61.0
2389,49.0
2390,40.0
2391,22.0
2392,15.0
2393,10.0
2394,8.0
2395,18.0
2396,19.0
2397,18.0
2398,5.0
2399,5.0
2400,6.0
2401,121.0
2402,135.0
2403,149.0
2404,160.0
2405,161.0
2406,158.0
2407,174.0
2408,171.0
2409,168.0
2410,176.0
2411,47.0
2412,43.0
2413,232.0
2414,254.0
2415,299.0
2416,335.0
2417,336.0
2418,365.0
2419,375.0
2420,386.0
2421,115.0
2422,65.0
2423,71.0
2424,528.0
2425,499.0
2426,480.0
2427,438.0
2428,413.0
2429,389.0
2430,318.0
2431,292.0
2432,260.0
2433,162.0
2434,104.0
2435,70.0
2436,56.0
2437,51.0
2438,43.0
2439,28.0
2440,17.0
2441,12.0
2442,7.0
2443,6.0
2444,7.0
2445,17.0
2446,18.0
2447,12.0
2448,0.0
2449,11.0
2450,114.0
2451,126.0
2452,138.0
2453,148.0
2454,141.0
2455,125.0
2456,153.0
2457,156.0
2458,153.0
2459,147.0
2460,152.0
2461,170.0
2462,164.0
2463,196.0
2464,233.0
2465,285.0
2466,297.0
2467,314.0
2468,321.0
2469,339.0
2470,393.0
2471,46.0
2472,57.0
2473,384.0
2474,373.0
2475,365.0
2476,352.0
2477,341.0
2478,312.0
2479,249.0
2480,229.0
2481,207.0
2482,123.0
2483,67.0
2484,50.0
2485,38.0
2486,34.0
2487,25.0
2488,15.0
2489,9.0
2490,6.0
2491,6.0
2492,5.0
2493,6.0
2494,7.0
2495,12.0
2496,12.0
2497,10.0
2498,6.0
