Grid_Number,n_Government_Facilities
0,0.3741504221391735
1,1.4603319055259625
2,2.56865964113799
3,3.6791735174525155
4,4.7903533828773215
5,5.7281583500902515
6,6.115475134720592
7,5.133476778523593
8,4.025777524034984
9,2.921309269745886
10,1.8259445131437675
11,0.7790771590492036
12,0.5938951199667207
13,1.6035348285538582
14,2.69495803647177
15,3.798306995149528
16,4.905541313611608
17,4.652673373705968
18,3.5495408884743704
19,2.4543785063671226
20,1.3862068832178491
21,0.5403957167182504
22,1.065527041053334
23,2.1098650565346277
24,3.2000899323862213
25,3.116393129053335
26,2.454926292467624
27,2.1941472859907547
28,2.464703586300911
29,3.1317898187078805
30,4.001788776700883
31,4.969243564430394
32,5.987095459107566
33,7.033498753453517
34,8.097392150423222
35,0.8912006811138611
36,1.66935860297215
37,2.663905762881559
38,3.665315714675278
39,4.564000617111036
40,4.790136029181691
41,5.247243718905787
42,5.299888408426622
43,4.235912521066577
44,3.2046770405662035
45,2.2516254764925785
46,1.530536488392413
47,1.4450359518235567
48,2.075229665766569
49,2.999648268237849
50,4.020206910653067
51,5.079281423550929
52,4.64811196645792
53,3.543560335444453
54,2.445722221964065
55,1.3708234244211943
56,0.49961872737050605
57,1.04543924854559
58,1.9265101147220076
59,2.887963921304985
60,2.5253600045180824
61,1.6408886661159998
62,1.2167376007147312
63,1.6556713066406916
64,2.5445838312993914
65,3.56109935070889
66,4.621775915053449
67,5.702022355669067
68,6.792508195973459
69,7.822386009642136
70,0.3807726452031714
71,1.2399867435834049
72,2.324437304089936
73,3.426559904113327
74,3.5891348051222773
75,3.872716807776096
76,4.425702699119795
77,5.162229690030386
78,4.647147413120757
79,3.7313048487553946
80,2.9533294599673336
81,2.4483741857747927
82,2.395783720981055
83,2.820972412406829
84,3.5565226408801034
85,3.8246907551116727
86,4.28146582259223
87,4.845216950005637
88,3.798397793042605
89,2.802211019113824
90,1.8212032459865124
91,0.7260962146845611
92,0.45881641673164564
93,1.5383990500001832
94,2.6449372603746415
95,2.1704160099772682
96,1.1002388878824074
97,0.23950941112499388
98,1.1481709696115698
99,2.2476856395049216
100,3.3554056734985607
101,4.465228557934711
102,5.575898784642496
103,6.394268533834834
104,7.044241162998812
105,0.6097367175819622
106,1.328283460386508
107,2.372710975309505
108,2.684964230973285
109,2.6177820515402868
110,2.9948948267743623
111,3.6822370081010196
112,4.541057800835616
113,5.212097200498919
114,4.414984784177856
115,3.780355297880647
116,3.4004328884015242
117,3.3626869606681122
118,2.904179974472532
119,2.6817553415046453
120,2.902106871825647
121,3.4821687316315577
122,4.278041146583105
123,4.108824242531776
124,3.0244161144999504
125,1.9709417396866789
126,1.0464187397020133
127,0.8821764825283577
128,1.712991781596987
129,2.7501470272113737
130,2.2022298221856893
131,1.1617327496923844
132,0.5677077678040702
133,1.3295952667914637
134,2.353648031673358
135,3.4272830883326493
136,4.451659146059556
137,4.838554264843552
138,5.429438972643168
139,6.165944348123903
140,0.4789786786730843
141,1.0683829736381738
142,2.1275164206578068
143,1.7602980112317441
144,1.6561353610728244
145,2.2044912950215934
146,3.0740269509618208
147,4.063540797190739
148,5.103719057257052
149,5.194065768423621
150,4.6665416622527
151,3.7477134287491465
152,2.8031385534044726
153,2.0353569314814557
154,1.7031242499801094
155,2.032596582355449
156,2.799129830094749
157,3.743216401471421
158,4.340985711006979
159,3.4100055486393748
160,2.522978828994755
161,1.8909174442466425
162,1.8051530876772715
163,2.3268968259334875
164,3.1475994377024787
165,2.626794284246575
166,1.843816970124451
167,1.5401740554861219
168,1.9538355911821097
169,2.7813078232825434
170,3.346799039786018
171,3.5104487642560205
172,3.9897743488952395
173,4.688945542296262
174,5.525122926869809
175,0.5436200443813223
176,1.0988804158076182
177,1.9328926865065865
178,0.9526554663519791
179,0.7428950611385348
180,1.6337368332850504
181,2.69428308521538
182,3.7844535907310535
183,4.88445277915466
184,5.155418736768697
185,4.508808558210344
186,3.415983848234839
187,2.341238778905283
188,1.3291782122559237
189,0.724494825144749
190,1.325116264719939
191,2.336629155434318
192,3.1599381056022766
193,3.4234664650124245
194,3.8054187154802666
195,2.805655256755729
196,1.9326286607575502
197,1.439190036786804
198,1.697157825476373
199,2.482394752683551
200,3.2956640769741576
201,2.71304989063077
202,2.516493577126446
203,2.788853232469843
204,2.639342968976582
205,2.369807001682508
206,2.595900878474133
207,3.2146974577406544
208,4.050027203247869
209,4.994399180842123
210,1.1771974628429422
211,1.6346927161333349
212,1.8612466819085651
213,0.7973349259997574
214,0.5292533394472099
215,1.5483337980574636
216,2.643374423515294
217,3.7483838484573737
218,4.563801968969627
219,4.194748634161534
220,4.103218955521511
221,3.3479122264741563
222,2.240761691908082
223,1.1429663095014784
224,0.25415221890726
225,1.1382781106045012
226,2.2359836995764235
227,2.18515381633563
228,2.551529390672904
229,3.2739226484813613
230,2.4572484172759554
231,1.3789833353140515
232,0.4878346360770093
233,1.0233438148798064
234,2.080707772120921
235,3.1755817483867466
236,3.6376584533856606
237,3.493437202781708
238,2.6658313884587432
239,1.8139335487649983
240,1.3930388259189055
241,1.7503204634127767
242,2.5806101181130154
243,3.567679601886182
244,4.611939852672306
245,0.19834665929686418
246,1.1514746426902447
247,2.2550628926425595
248,1.5110330010116073
249,1.3883199964005943
250,2.0110958209405925
251,2.9384422226659046
252,3.961974419052403
253,3.709756838278842
254,3.245086641645197
255,3.1259784019094212
256,2.63986621274286
257,2.0569769123165544
258,1.6618211804668646
259,1.2327749227547067
260,1.6585176200247436
261,1.488666027379051
262,1.2161332143340005
263,1.7929572672620853
264,2.7245685608429433
265,2.473321754262183
266,1.4074225634129398
267,0.5632214311493339
268,1.0613485881710694
269,2.099658450159393
270,3.188029599241615
271,4.2885151486924675
272,3.3438835899393253
273,2.2542889035061857
274,1.2062096808142984
275,0.4180665905026657
276,1.1393031261733177
277,2.2122626180729026
278,3.311051571349792
279,4.048079771353661
280,0.7831823221943157
281,1.3783589039755708
282,2.3789145248185792
283,2.418674360908718
284,2.3438991031817404
285,2.758732060491854
286,3.492879097705541
287,3.783869427830176
288,2.9348902552978027
289,2.319990522340156
290,2.15034729431977
291,2.030489097186899
292,1.1770361382645895
293,1.0586805425535182
294,1.8245704247837966
295,2.011057489818581
296,0.9134952440506008
297,0.31218141487267853
298,1.3539952924677252
299,2.458050367587728
300,2.847710232260035
301,1.9931841958596492
302,1.5195312456438739
303,1.7657942888424292
304,2.5298114614902953
305,3.486362701587585
306,4.431627843505799
307,3.3266702386182216
308,2.228678251391589
309,1.157644573471523
310,0.4314365623090856
311,1.2007793507204505
312,1.983750761316513
313,2.5722953915246096
314,3.430889440137963
315,0.474363638460821
316,1.4016556349204994
317,2.485380959749227
318,3.366903289643143
319,3.3135178969577477
320,3.618787927969279
321,4.205319655422543
322,3.3295535741801463
323,2.3199447152172747
324,1.466704562936137
325,1.1803234231163953
326,1.762942655426348
327,0.6750750783655077
328,0.43726908987124347
329,1.549046317827854
330,2.139468244577649
331,1.1693568685272266
332,0.7939325745344792
333,1.538221281339077
334,2.564133931435874
335,3.466189402052221
336,2.8066759565705737
337,2.492639784717121
338,2.649894051540352
339,3.2099043738553594
340,3.741863959173705
341,4.115164040511405
342,3.586379792575557
343,2.600427244848841
344,1.7706456441096248
345,1.4074844369844157
346,1.0092833979209277
347,1.1079187819940237
348,1.977163979951632
349,3.010603445439138
350,0.6067753413048287
351,1.4518197447476697
352,2.5140101757002804
353,3.0369938981115197
354,2.8168330288987384
355,3.019706421061222
356,3.5742926023590607
357,3.1259628793116008
358,2.016924350177771
359,0.9149787360772489
360,0.2815149769312685
361,1.3394691555343414
362,1.2008708906990069
363,1.0851156545534504
364,1.757256633607316
365,1.6726360771882818
366,1.9531749313908648
367,1.7543075792704106
368,2.193891550095455
369,3.0035957559721878
370,3.9626855890712123
371,3.700645660524749
372,3.4684365387240885
373,3.0571476787526857
374,2.708143981049018
375,2.7919165299684585
376,3.2754258035194135
377,3.8085864117242934
378,2.8162506217841417
379,1.9246217778131027
380,1.2733725065403778
381,0.4688653001545301
382,0.6547835348795732
383,1.7636639780803356
384,2.8749160196042816
385,1.5594391054277916
386,2.0423666165702876
387,2.895433432730984
388,2.1596642351748
389,1.8373332221244651
390,2.135485753477393
391,2.6999990831160976
392,2.7557901992860927
393,2.1612732075478966
394,1.2001031082176707
395,0.8259875255878338
396,1.5482653661055485
397,2.084348259795931
398,1.5854434218464597
399,0.8066877445546224
400,0.6962533895576453
401,1.2498302021965997
402,2.261027337015934
403,2.490211795977167
404,2.835457222574066
405,3.514447716374182
406,4.061055831566054
407,3.087838709391176
408,2.2472613569393607
409,1.7431240921493587
410,1.8707329787896159
411,2.5364669204017143
412,3.4410099217690675
413,2.4507950979348414
414,1.3803544382000628
415,0.4460776994343222
416,0.7688623167072196
417,1.2405802830679102
418,2.054435021773661
419,2.2588066505843325
420,1.9351804957010499
421,2.279125497236532
422,2.405235478911008
423,1.4227391244883125
424,0.8579497951779828
425,1.3859406239454932
426,1.7391488839285592
427,1.8246708551765645
428,2.471248855018285
429,1.9900769883207197
430,1.7894629109294082
431,2.217388301120803
432,1.973078410630443
433,1.2177910288445484
434,0.35907397681568987
435,0.29477827371964194
436,1.0789988246597124
437,1.71718895694465
438,1.5214811972318456
439,2.038120322744676
440,2.909609280164508
441,3.7560230370752072
442,2.674043333504506
443,1.6328407072794116
444,0.8091304794073323
445,1.0564458441076179
446,2.012542134174654
447,3.075294488921729
448,2.4477577031802085
449,1.3749548887309713
450,0.5121976729876929
451,1.0374775167455572
452,1.7951613633509453
453,1.161589788188975
454,1.396008477103269
455,0.9576967423322394
456,1.538485373245519
457,2.2504103007646625
458,1.1416842725233929
459,0.12410389381822565
460,1.0955468574141716
461,0.8231270417395771
462,0.9912332208244021
463,1.939177867393631
464,2.897872136153694
465,2.5895057427566606
466,1.7438230603140294
467,1.1630853792379914
468,0.5306229847538615
469,0.09622286716517191
470,0.746212141399112
471,1.637464229311377
472,0.9881008049346862
473,0.5854026781537706
474,1.477129556706605
475,2.548330727326194
476,3.644026564283314
477,2.5842603994827895
478,1.4812519883632
479,0.42740546882163377
480,0.8025619960986221
481,1.8916655152114006
482,2.997591270729158
483,2.808314627859354
484,1.9456193577116565
485,1.468707125426888
486,1.7325209535757238
487,1.4061809386241455
488,0.32272202341570166
489,0.8389377321905735
490,0.09969972494525983
491,1.2082132088204645
492,2.3200173755958153
493,1.5817454595947007
494,1.1017101026544653
495,1.5487007197302232
496,0.49869121106068914
497,0.7441359711321801
498,1.825279733050668
499,2.929576113544295
500,2.0966290019881018
501,1.1088197531841137
502,0.32014488170894473
503,0.42952280660902536
504,1.0289395399686934
505,0.5562417493785998
506,1.4147473048086348
507,0.9582118808566108
508,0.5334122126330454
509,1.4573089948834792
510,2.536894314425367
511,3.6360388277037843
512,2.849285890729114
513,1.906305233352088
514,1.2737470353721647
515,1.4435115826865417
516,2.2400629858105825
517,3.1504476441168667
518,3.31632312837051
519,2.755028054139231
520,2.441615234719365
521,2.608764564232925
522,1.6250514681834856
523,0.8760901752401784
524,1.1692467850867745
525,0.27312679810147217
526,1.0628213154451935
527,1.4546101396446403
528,1.6763655222725307
529,2.081145829669899
530,1.9763754479292066
531,1.3183714328050478
532,1.429338612456821
533,2.1956267473883067
534,3.1051449792964116
535,2.0006818933015245
536,0.9145452829275231
537,0.12453299078933983
538,0.15850666099622202
539,0.9805977512727779
540,0.5048769838962889
541,1.3953533444655795
542,1.6655984924213016
543,1.46301124839027
544,1.9948553301425334
545,2.879471472996965
546,3.8827987894982687
547,3.38682632619732
548,2.643074977070744
549,2.2302377336884516
550,2.3312952637696576
551,2.4745437482609494
552,2.173401877094811
553,2.4076642048135466
554,3.0566125651450284
555,3.416942995164317
556,3.0918135869988146
557,2.283187824542142
558,1.8274146501742807
559,1.9846420940193197
560,0.046460899910935625
561,0.3363805785825737
562,0.5155537627761251
563,0.979938636528007
564,1.7221853457664538
565,2.3249023802014093
566,2.2684287622089503
567,2.3345995083690805
568,2.8684147052162867
569,2.4485218925819043
570,1.7245773561546276
571,1.347224797888504
572,0.7941672403632853
573,0.9055810022710864
574,1.3253111765845482
575,1.4544791553938559
576,1.951267416236292
577,2.558219727852466
578,2.431114200488066
579,2.783703748500666
580,3.4728315661404694
581,4.23573504622636
582,3.4034795198011247
583,2.774663315852211
584,2.50732973613784
585,2.589282727153755
586,1.6828972601798944
587,1.1969810561646272
588,1.5831128900438969
589,2.460201518116143
590,3.474449439863232
591,3.747078543212163
592,3.113488062923049
593,2.7964049084653415
594,2.9015194452865165
595,0.2735803107961739
596,0.5177861853243053
597,0.5791580509568591
598,0.8498005319513573
599,0.8581749002029011
600,1.7383576757403012
601,2.638646087080156
602,2.799830371220432
603,2.962503138699417
604,1.9911243043973523
605,0.971429074511033
606,0.6289954167223116
607,1.523305077100046
608,1.8790446409629542
609,2.1135104394139583
610,2.427185902395174
611,2.7536903683849365
612,2.587430115225151
613,2.7510899357888965
614,3.303794678139594
615,4.090780478428527
616,3.7410956117514242
617,2.763763843410358
618,1.937484731005196
619,1.5304136298639548
620,1.7520785102831282
621,1.2049203572492904
622,0.2293123840942981
623,1.0612245818028803
624,2.1616367405015904
625,3.2698641445915415
626,3.4510106117824484
627,3.0081389651942176
628,2.9429896354845853
629,3.278160783821621
630,0.13481165639333442
631,0.5763691684558911
632,1.5247215335600859
633,0.6417225657400468
634,0.5311725629567531
635,1.599231873722313
636,1.6622024637352921
637,1.9078543166438287
638,2.1709877647254716
639,1.6281831057986602
640,0.9110073283712169
641,0.5309480510316473
642,1.4855098962851092
643,2.5699096889867405
644,3.015460482145831
645,2.809886931311216
646,2.00184582562509
647,1.610022093692282
648,1.863669846091996
649,2.6115541283522647
650,3.1909600352505305
651,3.110906044748078
652,2.3242140862654614
653,1.3118441227158149
654,0.5562786765131436
655,0.7919488966121272
656,1.407990201877588
657,0.7636342651787867
658,1.287128782947192
659,2.2810361784488937
660,3.3499871524313978
661,2.676110984833053
662,2.0739927994471112
663,1.9784298134992189
664,2.449445893972238
665,0.6402766305169227
666,0.1744384214996714
667,1.2693229226124587
668,0.8122363185003307
669,1.1829635309170314
670,1.4412963657056428
671,0.6940302869002019
672,1.1657114555153203
673,1.6022839103054505
674,0.7108499604997521
675,0.9151799253022957
676,1.4410162961727493
677,2.002351872927832
678,2.8994722968160596
679,3.328547691034405
680,2.294179130140588
681,1.3483083590019118
682,0.6347647010454425
683,1.1367435211225467
684,2.1539129984663288
685,2.2555559579209494
686,2.140916655219097
687,2.088813621203488
688,0.9773517254560902
689,0.14196051789135267
690,0.20818490670845125
691,1.3009010859940986
692,1.7390868320809119
693,2.024291256603011
694,2.764769331172189
695,3.1073106575891947
696,2.0791013919815553
697,1.2094659965979704
698,1.037215367764352
699,1.7781129786209189
700,0.4231581706163294
701,0.3863027815391016
702,1.3412363786023813
703,0.2989461025846171
704,0.9105476990485875
705,1.3093354552216434
706,0.34458121614548953
707,0.9979856888537973
708,1.5293143644806453
709,0.5168659059005639
710,0.06383190536534802
711,1.1149558441822165
712,2.2259921156698472
713,3.3376365299099993
714,3.0305170468606777
715,1.9944837752350664
716,0.9478206878830596
717,0.16796771405362726
718,1.0125499802803621
719,1.5867155666966186
720,1.380574925131125
721,1.184178587896033
722,1.836146249127994
723,1.044145610457431
724,0.1606069347387765
725,0.9024311148164773
726,1.569494077964196
727,2.566145695590592
728,2.9067785191009103
729,3.463400583610592
730,2.953875554088875
731,1.8419424658101833
732,0.7300586606309538
733,0.3822062151036581
734,1.4940012972085261
735,0.20848435933266643
736,0.1881555601346823
737,1.2271193828646787
738,1.1993233909778829
739,1.4757975773336152
740,1.8082755923996654
741,1.2938669016099764
742,1.5972428772502412
743,1.1088368937985478
744,1.113007540549164
745,1.0428218769097461
746,1.5252631388782847
747,2.4572830807404507
748,3.496128566740825
749,2.868508500774868
750,1.7871531622389047
751,0.6788111535521288
752,0.4477891034965071
753,0.25143221731084137
754,1.049273253435729
755,0.7984918924136604
756,0.3660612673935973
757,1.4502671279811479
758,1.5236552549273552
759,1.1211438256406823
760,1.2826175520983534
761,1.3709026164428444
762,2.1416121253863976
763,3.1251389281833646
764,3.0661446441721134
765,2.4556561909549224
766,2.0908941525682865
767,1.2296255900561395
768,1.0606517565213418
769,1.7918837930842522
770,0.5061945702986375
771,0.25366266622789574
772,1.3592119017492925
773,2.169504851246054
774,2.33367667797867
775,2.596890266159691
776,2.268864046652375
777,1.1623420580602981
778,0.1358728919518332
779,0.7783002249224271
780,1.8291120243618348
781,2.2084556076581325
782,2.756321406427373
783,2.6895170007793334
784,2.2057232939646805
785,1.4242201777857253
786,1.2615145839451727
787,1.1537083618976336
788,0.7485820742120078
789,1.2641536416516685
790,0.9468224998843735
791,0.3781631527518749
792,1.364699320092981
793,1.8233459102629366
794,1.578395231007548
795,0.5028588961850078
796,0.6980436769729566
797,1.7873234798818283
798,2.8938983758585883
799,2.4368703888653496
800,1.6023950297188958
801,1.292232440106072
802,1.733343155542653
803,2.003126902012585
804,2.4694348976044154
805,0.17504412185405138
806,0.316747167196146
807,1.326131301517657
808,2.4051761315458893
809,3.2608744431803895
810,3.044072782700345
811,2.1103362671630803
812,1.4344489154198197
813,0.4347234465712815
814,0.857513832977013
815,0.8556540082324988
816,1.5046643604362127
817,1.8293662634583847
818,1.7271869858652433
819,1.8485758892735427
820,0.7619429471839796
821,0.46555733497271123
822,1.3979614404177398
823,1.7238081704873995
824,2.002247860317901
825,1.1168869466670348
826,0.7028071156528283
827,1.487716896863641
828,1.01635433730596
829,0.7716752552427248
830,0.8786472318797273
831,0.6690595042949987
832,1.4463424654413197
833,2.20163273982363
834,2.041688433573204
835,1.007271045172499
836,0.3419605846932262
837,1.0771783162957074
838,2.1372351594228367
839,3.232351692860584
840,0.5133733739457416
841,0.7762871084678048
842,1.79322434053632
843,2.710475021616093
844,3.735044639829546
845,2.7474841738409546
846,1.6540769390054322
847,0.6293918445981278
848,0.7274338507354146
849,0.9881632667060897
850,0.1885227826439021
851,1.2519893687322612
852,1.0059320012058668
853,0.8054271056378736
854,1.6608397834217707
855,1.023559463183802
856,0.8269320076786121
857,0.4743807917158951
858,1.4307782310105952
859,1.607458049013618
860,0.9793687611695674
861,0.1939849254832792
862,1.2511840346715275
863,0.8083504989371872
864,0.46472891675527034
865,0.9868274877799966
866,0.13005632866009548
867,1.1010425679332252
868,1.3570878447781134
869,1.078553218715176
870,1.1709067941037588
871,0.5391186275190517
872,1.1069062290998537
873,2.152369912972951
874,3.2423777419192974
875,0.300289674953645
876,0.8313262714033991
877,1.9403337837324004
878,3.051483140569991
879,3.8774711243086424
880,2.783738924967693
881,1.7136174660903782
882,0.772418004051083
883,0.46619138045015807
884,0.7465407520426214
885,0.1529160203647323
886,1.1923034153067598
887,0.5594360291645317
888,0.4797035840603891
889,1.5296505780148986
890,1.4220597699452546
891,0.9773472430654861
892,0.6404520530380882
893,1.458711012327869
894,1.2866057548532979
895,0.17516789088068216
896,0.9374836285843646
897,0.40250959894804667
898,1.171659622784348
899,1.3222522670211543
900,1.413620464694126
901,0.8489840798875186
902,1.384228104493879
903,0.8639622194256569
904,0.26100591796467115
905,1.3648002799028778
906,1.5049445292992654
907,1.7886484615996683
908,2.570317275897198
909,2.904753666122815
910,1.1096121916651647
911,1.3535368020262244
912,2.2148920632710056
913,3.2330007962251086
914,3.3695208804338916
915,2.564114576257517
916,2.066048987071947
917,1.647728119091806
918,1.2785732626979123
919,1.341962785759809
920,1.0820956216644466
921,0.3057719764527887
922,0.4663556249042993
923,1.0555583227543186
924,1.3104299772199735
925,0.4551431104949213
926,0.748263837799162
927,0.25178682269262503
928,0.9809474506781715
929,1.4784194337568597
930,1.0076958278806583
931,1.262337310556841
932,0.5756643485270845
933,1.2418316046375635
934,1.972571301740649
935,1.2799407771208167
936,1.3632026843766092
937,2.128568185165909
938,1.249566574098905
939,0.9396982484895001
940,1.6363102697735945
941,2.479585020339742
942,2.016835466342331
943,1.697415327168018
944,2.0414883225996583
945,2.071892930302325
946,2.2120751269714503
947,2.822529836313147
948,3.6759944563572087
949,2.894233943954191
950,1.8968083600008891
951,1.1366776621164956
952,1.2079124890885462
953,1.3123173127712529
954,0.38536934060471506
955,1.0235744563569797
956,0.2380328207896512
957,0.11594164391613829
958,1.022105563766123
959,1.3480293422099177
960,0.4302781638068499
961,0.39914146613218016
962,0.26221344684711007
963,0.05975123598202667
964,0.5986714305096046
965,1.5765768126077222
966,0.6457511277036272
967,0.7760432225779493
968,1.5494227023169427
969,1.260041595100664
970,0.5062903896789664
971,0.6903143158693981
972,1.5386645087140804
973,2.0704214866367865
974,1.8994744449337084
975,2.3242683734648817
976,2.2923477247674633
977,1.3060064025636822
978,0.7207428998713828
979,1.3439308998799004
980,2.8413401296697516
981,2.8539121932915097
982,3.203816499158471
983,3.550088179887953
984,2.7052014151713073
985,1.5935826959198673
986,0.4834865696881151
987,0.6331469494902956
988,1.409633044731713
989,0.6429410833769236
990,1.1456629028465874
991,1.2162947941375473
992,1.0264689832573917
993,1.4629198297172623
994,0.9579360556671708
995,1.1412580360869882
996,0.5808963966531336
997,0.20898810744995427
998,0.6774428404800581
999,0.38939440489643584
1000,1.3005056051649881
1001,0.7161332079890121
1002,0.2000503624098042
1003,1.040869649522576
1004,0.7646130471497681
1005,0.3485551156382646
1006,0.7127216637487322
1007,0.7235548697125781
1008,1.7354980458343257
1009,2.823692196895523
1010,3.0781325733862617
1011,2.0120891184301324
1012,0.9082381678621368
1013,0.10528258843700544
1014,1.143343446452319
1015,1.8868704211796334
1016,1.9058603185864709
1017,2.24101658629352
1018,2.713177546890294
1019,2.8597630485464727
1020,1.8437882551700535
1021,1.0458144628728456
1022,1.1228370212939
1023,1.9750089586643205
1024,1.61104166320862
1025,1.8693368996947313
1026,0.8432295198666191
1027,0.26906241192158575
1028,0.6907889891721626
1029,0.39587767144568675
1030,0.26123685413769565
1031,0.2205413612052388
1032,0.3629371378124171
1033,0.7490570421709364
1034,1.1376032047063627
1035,0.3229377734040189
1036,1.1778365335704943
1037,0.9172925048178255
1038,0.20072901961771147
1039,0.49552282794683583
1040,1.0149079850794256
1041,0.7581937503648585
1042,0.7683820094806356
1043,1.7546584849019438
1044,2.835507753741639
1045,3.0081940375105436
1046,1.903384934994536
1047,0.8181560945360058
1048,0.406864660484304
1049,1.2407340939300266
1050,0.9837395834642056
1051,1.0198087293753786
1052,1.3037305987622305
1053,2.009776556261788
1054,2.975155870005533
1055,2.4855643045792095
1056,1.96772507854493
1057,2.009655772921552
1058,2.5842509427112548
1059,2.587422564145156
1060,2.1812099680912196
1061,1.2829985251955556
1062,0.7918716414283241
1063,0.516977616478912
1064,0.3682762730052289
1065,0.019848645819824148
1066,0.06364062731168353
1067,0.374486711428839
1068,0.5187424258179213
1069,0.33199840070538283
1070,0.6561562382338592
1071,1.0158868462930535
1072,1.3079040054358972
1073,0.9536232803537671
1074,0.6472783245332429
1075,1.1586170598241157
1076,1.5977359919079719
1077,1.60253744384837
1078,2.248633921876274
1079,3.1650347655073134
1080,3.2454173261170114
1081,2.259698165048596
1082,1.4671742515054478
1083,1.2929915243837085
1084,1.8108656214173768
1085,0.5436952228752203
1086,0.6065753838688076
1087,0.5450821820975842
1088,1.6238024273526652
1089,2.7293252650015534
1090,3.29771589689665
1091,2.9271832067757644
1092,2.5934008847739
1093,2.7046130458227418
1094,3.2213347409974413
1095,2.7585104171667534
1096,2.1207356940470015
1097,1.6291286575100283
1098,0.8515876513103479
1099,0.7513855454595033
1100,0.4968158012925809
1101,0.216265008673134
1102,0.7015653869023438
1103,0.6569601051477846
1104,0.4818072607574691
1105,0.2272980325465369
1106,0.17844935452280378
1107,0.9699587310123737
1108,1.1607144558653992
1109,0.3255775957807411
1110,0.9304475211377169
1111,1.5327799149787977
1112,1.2744692033678817
1113,1.8362983263319022
1114,2.75546251047491
1115,2.5634733591174603
1116,1.9690561138967302
1117,1.912022638132421
1118,2.2011722651834953
1119,1.9303576806417162
1120,0.19295122035223614
1121,0.21029254899507865
1122,0.9024182416549633
1123,1.7759307310358552
1124,2.8224747245568316
1125,2.9794079480434243
1126,2.1262019117754742
1127,1.6240257722299927
1128,1.7963983796895313
1129,2.507886931002054
1130,3.4387219819701125
1131,3.0181953535492108
1132,2.309799631672224
1133,1.6208520482298934
1134,0.818430487347179
1135,0.6303050628877724
1136,0.578379408316035
1137,0.3755189220890934
1138,0.4272880987217496
1139,0.3639410843586569
1140,0.46037973768612617
1141,0.4624520934302414
1142,0.382209411254303
1143,0.7433688385734797
1144,0.8488237377062683
1145,0.9587997972824092
1146,0.9241883531771461
1147,0.3593370489397377
1148,1.3700308237709107
1149,2.469353790402473
1150,1.9741924861079192
1151,1.0970304490684384
1152,0.9911498205334028
1153,1.4245470496547707
1154,0.954318088161813
1155,0.7830809382492272
1156,0.5925964600883861
1157,1.4957022284395913
1158,2.364484873637973
1159,3.2253672586337396
1160,2.5896161896864225
1161,1.5330292061256825
1162,0.6834525721020459
1163,1.028055749616689
1164,2.029667993750899
1165,3.10726053621539
1166,2.903306968883732
1167,1.823072389316642
1168,0.8311779918172434
1169,0.32601395091051666
1170,0.5705744704799767
1171,0.8423624481065658
1172,1.0997222066110457
1173,0.5815938693177143
1174,0.75924195273255
1175,0.936068805390366
1176,1.3212406017580147
1177,0.8442937012661713
1178,1.1022539127791775
1179,0.53835108585763
1180,0.6990407218759738
1181,0.6911281855758936
1182,0.7380761464278242
1183,1.5141262800598942
1184,1.7813828379830103
1185,1.7699851410363208
1186,0.6625403563933481
1187,0.46683443565876953
1188,1.059202153378762
1189,0.058172610756522275
1190,1.5386608051986628
1191,1.4527918003484477
1192,1.4273297264458058
1193,1.7915734425419427
1194,2.618217514453406
1195,2.540399278926067
1196,1.4483503459170166
1197,0.4633263345897281
1198,0.89693154687832
1199,1.96651047464865
1200,3.0663827278528637
1201,2.8845962723743086
1202,1.7931278323778241
1203,0.7632702865772794
1204,0.6501676522008695
1205,1.0812972407330945
1206,0.6461370005687548
1207,0.4663913155276743
1208,0.4696607479340741
1209,0.4824927155365121
1210,0.9003482554797793
1211,1.592882382403025
1212,1.558800128562395
1213,1.1109824798873271
1214,0.3983515405751173
1215,0.892441439922678
1216,0.44481431249107517
1217,0.9008956098721465
1218,0.6283108407508627
1219,1.0426561661222584
1220,2.0621230769270715
1221,1.2584251022533668
1222,1.1462395281217646
1223,1.4115848572966916
1224,1.0021296818633458
1225,2.296566726113311
1226,1.2252066585083243
1227,0.4482257498752368
1228,1.1719827762742654
1229,2.2403221355759477
1230,2.8494598053018296
1231,1.9399368815528848
1232,1.3711861042989824
1233,1.5715628739154626
1234,2.35209070967744
1235,3.3268173758511534
1236,3.1825555408912733
1237,2.2411830537772204
1238,1.545964259608629
1239,1.4933090119617847
1240,1.0770473234919333
1241,0.18943167177098233
1242,1.067748300739105
1243,0.5102283752357547
1244,0.7947535855488915
1245,0.3406071412409091
1246,0.6178517754542024
1247,0.6882581525524976
1248,0.41351028962400427
1249,0.39090642805639625
1250,0.12680060882751262
1251,0.8286207714640305
1252,0.6355020548530397
1253,0.467682437470024
1254,0.9545160580889896
1255,1.8368814142454994
1256,1.3700126178912309
1257,0.28791625983048974
1258,0.8727653258803866
1259,0.4376838362674574
1260,1.7693834562246866
1261,1.2587825310516751
1262,0.5331984767194728
1263,1.2070335982116447
1264,2.2588541199886514
1265,3.3497426916265067
1266,2.7105511755236313
1267,2.3374232667254993
1268,2.4602580380096284
1269,3.0191147597297032
1270,3.8275449682933878
1271,3.607782410105232
1272,2.957427107498073
1273,2.4724742114995104
1274,2.314568728282079
1275,1.3267113287659873
1276,0.7974708968021408
1277,1.408765076956086
1278,0.5532593018532515
1279,0.626930794731515
1280,0.3298496849973584
1281,0.1954323882586041
1282,0.3819732760555876
1283,0.12926562070479167
1284,0.2492836830925383
1285,0.42833220839384395
1286,0.3887992888344592
1287,0.5320957345780063
1288,0.8453834663809298
1289,0.40873152901572285
1290,1.2847052050446552
1291,1.5984127867044993
1292,0.8722501545196109
1293,1.199824802020016
1294,0.7232635508080316
1295,1.2649880264486117
1296,0.3144635423262351
1297,1.034621801638307
1298,1.8600792556861458
1299,2.665557905042118
1300,3.6363945534951334
1301,3.5845385215087564
1302,3.3113229763090124
1303,3.3990683158817103
1304,3.8230005362252295
1305,3.276433745568358
1306,2.6843302276289696
1307,2.4797382261806455
1308,2.7505339095086194
1309,2.8057984265249485
1310,2.067656273528924
1311,1.7750387035223962
1312,1.939990435692248
1313,1.311563707297997
1314,0.7604059416616318
1315,0.3535405141919974
1316,0.7138935898414156
1317,0.7667765616626784
1318,0.22427299814275983
1319,0.28346277132090797
1320,0.2644822377869073
1321,0.05589574104647007
1322,0.22002758710237888
1323,0.4325203016820013
1324,0.3562623350830732
1325,0.9920339262507712
1326,1.6718334383131668
1327,1.078678661267
1328,1.3503391869807453
1329,0.6286117553669337
1330,1.4106574831424437
1331,0.6990069069600069
1332,1.208358022224533
1333,2.2146128095973268
1334,2.8021277639192945
1335,3.3575157371193862
1336,3.6330209844219103
1337,4.194953293758647
1338,4.355708580288779
1339,3.5836332424228283
1340,2.6154429418665353
1341,1.819757853328421
1342,1.501784872733416
1343,1.9162617931331036
1344,2.725139575405142
1345,2.3600850092777916
1346,1.7169311242183505
1347,0.989819598232123
1348,0.8733657633285141
1349,0.2385836801588672
1350,1.0104286287981938
1351,0.21439384112515789
1352,0.5732618471910198
1353,0.170326575553762
1354,0.05682963284238589
1355,0.16799882427401855
1356,0.22614812002380758
1357,0.22452767396007062
1358,0.20355290941686977
1359,0.1651226025794005
1360,0.4838191249083171
1361,0.9506916151717627
1362,0.19775418937724856
1363,0.9384009419229723
1364,0.3644626436200021
1365,2.073643483237414
1366,1.6728529940356867
1367,1.94158164121234
1368,1.6188920901367119
1369,1.9294930915644373
1370,2.3839623665111818
1371,2.7585739902004467
1372,3.4654071308745986
1373,4.345253149686463
1374,3.2961037944678595
1375,2.2051305464595097
1376,1.1548868198841336
1377,0.5270566794427686
1378,1.3017973178414186
1379,1.8292707304695794
1380,1.4124823313278185
1381,1.4416154404989385
1382,0.3320051115149593
1383,0.5752406351724483
1384,0.2047409788825259
1385,0.44235290334118
1386,0.6130840636796309
1387,0.7138537946271114
1388,0.12165269252234151
1389,0.272048802408742
1390,0.1296948100675635
1391,0.2987302347023992
1392,0.24827722944255373
1393,0.280240849368431
1394,0.28638475589855633
1395,0.12194582814939207
1396,0.05601982566387485
1397,0.907508423931323
1398,1.2903436451338282
1399,1.3336826516045623
1400,2.720309751663843
1401,2.3716555644067006
1402,1.3346777076851448
1403,0.6409690980318214
1404,1.2301140271940976
1405,1.4185819413308898
1406,1.9847349884961916
1407,2.8877038505080685
1408,3.9001738916751876
1409,3.2867748114919553
1410,2.191162918852628
1411,1.1279909354636801
1412,0.46518222457265124
1413,0.6535276490467214
1414,1.0870431138441978
1415,0.5789796403384263
1416,0.7491824640409438
1417,0.9484704653403161
1418,0.9129316170754849
1419,0.7122145455426578
1420,0.6530678416295034
1421,0.48535916336810975
1422,0.21277898716516364
1423,0.10538165043536712
1424,0.0796317359335716
1425,0.24674826713014378
1426,0.2119998580527213
1427,0.10930539511241426
1428,0.8935556658437434
1429,0.9519820150964193
1430,0.10529308947745292
1431,0.03927662484759739
1432,0.5184283796691335
1433,1.6219879474432033
1434,1.394995464796358
1435,1.8094573831815008
1436,1.642321595764611
1437,1.220966996166632
1438,0.3467916339151032
1439,0.8978341446454174
1440,0.5101043305413987
1441,1.4789080579111797
1442,2.5665139778390254
1443,3.668743830264351
1444,2.680881384749197
1445,2.1653242304353535
1446,1.479751050693757
1447,1.2283412822486015
1448,0.4220093802666206
1449,0.9657534355642302
1450,0.768332301326129
1451,0.9035305373860056
1452,1.1381871493678861
1453,0.6881399575741689
1454,0.16660641665323367
1455,0.22443713619109842
1456,0.22492988566740446
1457,0.40444028055333087
1458,0.19809336621586673
1459,0.060769149255949076
1460,0.3622318609315636
1461,0.28899551290325864
1462,0.15467486546852266
1463,0.45457188215860633
1464,1.095190662345933
1465,0.4101753924031141
1466,0.2145745002921074
1467,0.8223115074850251
1468,0.8018616056888702
1469,0.43582210896779106
1470,1.0337006556638715
1471,0.7013043120787419
1472,0.7996533150140958
1473,1.1090944653828914
1474,0.7829578099138073
1475,0.6532776501711509
1476,1.5341833915685303
1477,2.4863159254789267
1478,3.0041280042165273
1479,2.013385521025594
1480,1.2472047803309878
1481,0.8906474034380818
1482,0.3354746903447698
1483,1.3582530736380414
1484,0.9170704708323368
1485,0.7625758223697633
1486,1.0117002492646296
1487,0.18514902719143958
1488,0.4825188537510898
1489,0.3897476988522434
1490,0.3508636058349407
1491,0.25861079761409544
1492,0.3238386144663886
1493,0.2864474443183332
1494,0.20497746555215224
1495,0.07970013124014048
1496,0.38618785769867964
1497,0.14256493975383133
1498,0.2642670162349424
1499,0.3873899259957296
1500,0.39663181488676325
1501,0.7761244059890781
1502,0.813530108064579
1503,0.07369708869658688
1504,0.584896137189055
1505,0.8850357235230777
1506,0.4545389200003223
1507,0.19689392878216905
1508,0.5827113315981693
1509,0.28318765685501657
1510,0.35251252657633947
1511,1.0535357356286976
1512,2.137398500779005
1513,2.7943224209266027
1514,1.6844252078748472
1515,0.5824097455420661
1516,0.5603358675166096
1517,0.42737136253702684
1518,1.5023654508037945
1519,0.5505815859233171
1520,0.3068935749327922
1521,0.4379835110330547
1522,0.8291349059412387
1523,1.3656288668971208
1524,1.1758894240414945
1525,0.8696431674340387
1526,0.10666981160616806
1527,0.18167213331598434
1528,0.4588433770954801
1529,0.18910045718034138
1530,0.26009010128084353
1531,0.01279016972247242
1532,0.2815406900483926
1533,0.11467452411998358
1534,0.317748300218422
1535,0.19421144570046397
1536,0.44581803420872285
1537,1.1699189723823389
1538,0.9033854468393513
1539,1.4372246204546717
1540,1.55511722473509
1541,1.3570386511891097
1542,1.1652739554533686
1543,0.4253810584221152
1544,0.25190517153760683
1545,0.5659992684665626
1546,1.1895279194139114
1547,2.2075966232819857
1548,2.9169918437246607
1549,1.8809109711442216
1550,1.0196436015137151
1551,0.9321880212510139
1552,0.8637553225829863
1553,1.1640251767722547
1554,0.3458684247393486
1555,0.5989041851716539
1556,0.6699519549653578
1557,1.6202680542392232
1558,0.5663481242411395
1559,0.6993526782271384
1560,0.9751497579945594
1561,0.15539564952854484
1562,0.2529686377524982
1563,0.31485703246357305
1564,0.39615753013435817
1565,0.21933197887727413
1566,0.310209579861992
1567,0.06666416213823512
1568,0.04406025142280569
1569,0.4199045729149892
1570,0.3324454659800976
1571,0.14438471403543512
1572,0.40498279790361597
1573,1.1138033967049983
1574,1.7711947001994055
1575,2.4441442442414383
1576,2.2320701037178674
1577,1.5524716129265337
1578,1.240096873278424
1579,0.7548746208824001
1580,1.3824608223319854
1581,1.9074854794459097
1582,2.663981677712438
1583,3.3356552480301755
1584,2.480994690203479
1585,1.9123115976479224
1586,1.8027229086613135
1587,1.785334143151844
1588,1.0821581352541223
1589,0.17697798006095022
1590,0.7203247610426216
1591,0.7716885602752934
1592,1.148188020901471
1593,0.8309496100063417
1594,0.39109809284782965
1595,0.7831812470105431
1596,0.2952314115470522
1597,0.08751560139576743
1598,0.4622515725447711
1599,0.5885079487555175
1600,0.5249233017100092
1601,0.06268274272391554
1602,0.21991719012805427
1603,0.4034499154715726
1604,0.23987842986123378
1605,0.27227960931144163
1606,0.2774177068271212
1607,0.2766658415533787
1608,0.297447381843494
1609,1.2839414378717104
1610,2.860288064719369
1611,1.7710419265112036
1612,0.751527468490882
1613,0.6825393061815158
1614,1.685167235386353
1615,2.119869849748427
1616,2.773335148223163
1617,3.352375116261445
1618,3.957461475016338
1619,3.2695280970411895
1620,2.861990358290362
1621,2.3510173099854987
1622,1.4480578366994372
1623,1.0673907084482148
1624,1.1510095149807704
1625,0.5804331219624438
1626,0.5494189704785333
1627,0.4874722636345998
1628,0.6072886467710036
1629,0.3260249967690951
1630,0.512127695979643
1631,0.4971877811778213
1632,0.3081834673049197
1633,0.7555964694315368
1634,0.22389884991686765
1635,0.2652651993607843
1636,0.425022887859667
1637,0.19112175577291093
1638,0.2824421047055662
1639,0.07894854613067376
1640,0.27650029857978975
1641,0.2338236560127221
1642,0.832282204741063
1643,0.37397360607887814
1644,1.2682536566646097
1645,2.87324777742753
1646,1.791894953648681
1647,0.7994276677559519
1648,0.7349448983956907
1649,1.7070634868170187
1650,2.78583018667843
1651,3.5789624127980884
1652,4.159127846755566
1653,5.0077922935037265
1654,4.323111085244897
1655,3.2114263132991674
1656,2.1000216232926254
1657,0.9898409028759326
1658,0.14947089977423988
1659,1.2400646873915746
1660,1.0480627251323889
1661,1.0311752176292046
1662,0.8726790050749818
1663,0.5076689339185491
1664,0.4003264179277056
1665,0.9375539834756654
1666,0.7024510445159043
1667,0.18331054964433643
1668,0.12235157008444332
1669,0.48654393887896324
1670,0.5448221221138757
1671,0.5262496875358843
1672,0.03706505699162588
1673,0.18713990957870166
1674,0.27859358289630687
1675,0.8583586665640238
1676,0.4660930358646858
1677,0.37707894235241113
1678,1.2289522290818597
1679,1.3232063414969721
1680,3.2015438493014026
1681,2.2814537044959367
1682,1.6226648725687867
1683,1.5918272103875661
1684,2.2153213633563094
1685,3.12317881561454
1686,3.9599986653232717
1687,3.961932847235052
1688,4.264398711729371
1689,4.4145702073869115
1690,3.3335153370123263
1691,2.2823411695417377
1692,1.3336792163838913
1693,0.9061907173349918
1694,1.5285696929136556
1695,1.9429244202970335
1696,1.9338019565925435
1697,1.644880924172883
1698,1.43551252578439
1699,1.351398383138854
1700,0.770925277354413
1701,0.5362891141268246
1702,0.6614275685641997
1703,0.3583090434942331
1704,0.8153376176082855
1705,0.9584207573646378
1706,1.3827971339776504
1707,0.9398005583628521
1708,0.2995870695460658
1709,0.8529995930977187
1710,0.876930185350869
1711,0.5892945145574873
1712,1.1668455426948365
1713,0.6812840899826951
1714,0.4628167420695718
1715,3.216058170941304
1716,2.6824632736545024
1717,2.553634758789732
1718,2.5391277012094124
1719,2.9699389863063694
1720,3.3601226002038875
1721,2.9931656673753086
1722,2.9958294522490343
1723,3.3858248135493323
1724,4.052836956454962
1725,3.7185685698016213
1726,2.8150050753130262
1727,2.1198153718120616
1728,1.8803837687861518
1729,2.2474277065278274
1730,2.8924837203001776
1731,2.8862890049905943
1732,2.5343623326503453
1733,2.4036856873849644
1734,2.2333239628936647
1735,1.485934556552014
1736,1.3788144895941405
1737,1.5420933382960365
1738,0.9670559271783905
1739,0.5298505112929109
1740,0.7311448532340981
1741,0.6896718361347247
1742,0.5055866560522112
1743,0.10403020096230597
1744,0.5317244577216667
1745,0.8562725212559325
1746,0.6149815270531087
1747,1.3675559867137261
1748,0.39426143892444393
1749,0.11496007940161646
1750,2.5145490918417566
1751,1.7821090304359988
1752,1.5816859202234916
1753,2.0737430884502936
1754,2.9277897356794957
1755,2.540411264738159
1756,2.036881450638846
1757,2.042334634946312
1758,2.58077455887977
1759,3.409182622045737
1760,4.2964569200450295
1761,3.543389320868296
1762,3.0206846689879896
1763,2.857678434752537
1764,3.1114270649036784
1765,3.6970924928593853
1766,3.11842876816498
1767,2.7988369194191556
1768,2.90090337754746
1769,2.918031295119739
1770,2.394752459059884
1771,1.6698634857569554
1772,0.8333199482228895
1773,0.16844165541826964
1774,0.9287846538283235
1775,1.4360195208588564
1776,0.4533011799438269
1777,0.09389135155642445
1778,0.6754378563178548
1779,0.4898914587314759
1780,1.2657127468764504
1781,1.50058758174289
1782,0.8023830082000951
1783,0.6952377515962138
1784,0.21219680565320395
1785,2.0550054437995655
1786,1.0374003339192392
1787,0.6342033325484351
1788,1.4836072986620459
1789,2.5441756428559126
1790,1.8802607359875063
1791,1.1094371966814442
1792,1.1337203717238353
1793,1.9428997330270914
1794,2.9558855164868874
1795,4.021507344665567
1796,4.370714369301754
1797,3.958719009615571
1798,3.835704673198258
1799,4.028233673302773
1800,3.09818379489594
1801,2.2880545925179248
1802,1.8287993563708254
1803,1.9815858874949903
1804,2.6422945424972073
1805,2.6204370919531974
1806,1.516526437449876
1807,0.4537363322688847
1808,0.3483298635361495
1809,0.8417605957320209
1810,1.3332398889286983
1811,0.6053957245130789
1812,0.8838201535221802
1813,0.5419103342405831
1814,0.178688542535339
1815,0.8192655512839643
1816,1.1557835926887081
1817,0.5857676592671649
1818,0.21929129405937983
1819,0.78812003603931
1820,2.010796083508857
1821,0.9468208902197265
1822,0.4717001652935244
1823,1.4217575858060392
1824,2.5086152671814785
1825,1.592324411726701
1826,0.48068836429641476
1827,0.5635312654607109
1828,1.6754688401357731
1829,2.7874157428842747
1830,3.899363993703094
1831,4.731490494346447
1832,4.239635605915842
1833,4.004357609217994
1834,3.722869245601685
1835,2.6502050352027156
1836,1.631036592417359
1837,0.8774031749504456
1838,1.162864835414446
1839,2.0994130722401274
1840,2.8793929386858723
1841,1.9297489730785395
1842,0.8657709302024555
1843,0.3265145480721512
1844,1.1370721989535157
1845,1.2487879396118047
1846,0.3853145854357307
1847,0.4042248979630338
1848,0.5375408936125428
1849,0.42925028079188693
1850,0.7315581059080458
1851,0.581939071147937
1852,0.14655123807107262
1853,0.25325647600400214
1854,0.3031328077555914
1855,2.4049361078289464
1856,1.6237991358585908
1857,1.400925368544699
1858,1.9394129128652544
1859,2.8342398114285543
1860,1.8585045578363153
1861,1.0721554371280486
1862,1.1259962634897762
1863,1.9384031354162101
1864,2.9529321306778153
1865,4.0193372518841795
1866,3.940779266789561
1867,3.334350619732178
1868,3.029671440763581
1869,3.116534322058638
1870,2.5225189336051876
1871,1.4141632304028269
1872,0.31560578932552186
1873,0.7964072943943946
1874,1.9083460077169323
1875,2.6930787814041515
1876,2.278080421703703
1877,1.4400400777336955
1878,1.196094794695925
1879,1.5123790508482184
1880,0.5754871017158847
1881,0.6354608076035996
1882,0.6576346454860645
1883,0.6290222103204789
1884,0.5198969705681112
1885,0.4723589343590014
1886,0.0905784681499443
1887,0.4879487171244743
1888,0.9885514254175374
1889,0.27750728343739456
1890,1.9883581888599715
1891,1.1661637066144346
1892,1.113179956829998
1893,1.8950629974209774
1894,2.836092115445143
1895,2.320170405788615
1896,1.996551732482318
1897,2.0337704318539047
1898,2.574003109840724
1899,3.404059945741697
1900,4.180052055845928
1901,3.2540114572880166
1902,2.485399001565851
1903,2.0588074431694885
1904,2.1847265818310144
1905,2.0585900406970383
1906,1.7336568140265427
1907,1.0330875834680673
1908,1.2656367109320716
1909,2.146919871734189
1910,1.7192604318005
1911,1.6499080493856686
1912,1.5241156560422437
1913,2.0877566352308228
1914,1.4015235453087709
1915,0.53423131431263
1916,0.2405806151918674
1917,0.5243990750932931
1918,0.8927620583666855
1919,0.36689094882573786
1920,0.05303691893919996
1921,0.16449298237072502
1922,0.23639165586118432
1923,0.4751348862112276
1924,0.35119652926429157
1925,1.7222435461687549
1926,0.6103972390902404
1927,0.5019054581822354
1928,1.6137210820677905
1929,1.929145153497092
1930,1.4049601256446147
1931,1.336737544857525
1932,2.018089166400818
1933,2.971760894451091
1934,3.9892696600710313
1935,3.8009880901338833
1936,2.750190963508382
1937,1.7755147225096248
1938,1.101915170780042
1939,1.3224386099188756
1940,1.1482544061358575
1941,1.14430841612958
1942,1.9421926235291802
1943,2.1174357810989846
1944,1.501456956472219
1945,0.7564930956353445
1946,0.8809427241500596
1947,0.6184417639725336
1948,1.5551375421534168
1949,1.1210562862923887
1950,0.12700643554727625
1951,0.44967453226811344
1952,0.6481305831828612
1953,0.4090517974826795
1954,0.18311922462229197
1955,0.12408251714196479
1956,0.5035685310367118
1957,0.24473091242089823
1958,0.3793079679199638
1959,0.395585720630336
1960,1.9745584040916506
1961,1.1424777962505857
1962,1.0883439079802635
1963,1.8805828172412817
1964,1.0946930854462655
1965,0.6951366010835315
1966,0.544342772530209
1967,1.6069429220259257
1968,2.7094435583889824
1969,3.0102378093401105
1970,3.1957335147319377
1971,2.540594529854173
1972,1.4295548519265904
1973,0.32480136450667046
1974,0.8001419375843459
1975,0.5605107214694608
1976,0.551228722160329
1977,1.193162769493167
1978,2.0175401425364035
1979,1.3356632253063285
1980,0.3192952449696023
1981,0.8618120683402924
1982,0.5955019760829959
1983,1.0321165946410944
1984,1.4065100053183566
1985,0.8148432763603873
1986,1.00000012094711
1987,0.9875334683687927
1988,0.41341415753954025
1989,0.5538536063588878
1990,0.519546749112402
1991,0.4687102491836229
1992,0.14618065904593808
1993,0.30218963055303705
1994,0.20110075533218555
1995,2.5984307682529106
1996,2.039105186247845
1997,2.0092087321104253
1998,1.8698673044854466
1999,0.7707313752345917
2000,0.405601172076129
2001,0.8509703628786722
2002,1.7349544398917531
2003,2.333933380757678
2004,2.0312625558889694
2005,2.2973185183242086
2006,2.694772951445912
2007,1.6884110397172354
2008,0.9552616102521987
2009,0.5915605286169143
2010,0.5542609925489262
2011,0.4787918222299784
2012,0.6350640056658066
2013,1.7464917165071818
2014,1.7963970513064933
2015,1.2429237244257787
2016,1.3602366077721475
2017,0.2643028210139179
2018,0.15190832107338306
2019,0.9675641449876716
2020,0.474559611632568
2021,0.747877447368451
2022,1.625995017257094
2023,1.3562413937250373
2024,0.9405873118273371
2025,0.5498074270136681
2026,0.17120771551313332
2027,0.15589645398745378
2028,0.11253080936234437
2029,0.01288661957102488
2030,3.3948501456777103
2031,2.9884223441543503
2032,2.9680281115551983
2033,2.193427196852225
2034,1.3815291280801076
2035,1.216135235289581
2036,1.7522533419550945
2037,2.3143223505340496
2038,1.5584267898218718
2039,1.0525018579930256
2040,1.503226058433801
2041,2.425794575857701
2042,2.360882635252147
2043,1.8545592200805996
2044,0.9753000911132947
2045,0.9450254623118083
2046,1.0599319428683074
2047,1.1390505385323013
2048,1.9860208607333312
2049,2.565835405033297
2050,2.21382284468408
2051,1.6157695749784027
2052,0.9111815650089269
2053,0.9450158097772233
2054,1.343903600686355
2055,1.3030149171177576
2056,1.4247319646029963
2057,1.6690094759649952
2058,1.216726822351427
2059,0.45664517260006654
2060,0.6677784490632458
2061,0.3757663935606198
2062,0.09209249530646925
2063,0.16333406989817117
2064,0.2543692519510503
2065,4.268298961092771
2066,3.952645939339297
2067,3.663414995681673
2068,2.8363610278442604
2069,2.2676288451228426
2070,2.1707601266531675
2071,2.5990615085017836
2072,2.26301849784616
2073,1.152197864782206
2074,0.08203328479020251
2075,1.0764577753953566
2076,2.1871569597984526
2077,3.1957365334394563
2078,2.440541415516408
2079,1.8622099325846813
2080,1.8423097415262948
2081,1.9830056028912995
2082,2.0263333640994112
2083,2.598577466789519
2084,3.442877155465702
2085,2.7347668919897585
2086,1.6229280364955063
2087,0.5115693619076016
2088,0.5571777305861252
2089,1.6628242449898638
2090,2.2543053702972218
2091,2.267377661590452
2092,1.1675210223588919
2093,0.240980406170269
2094,0.40617686969099226
2095,0.3435533584457512
2096,0.09029490869316541
2097,0.22539196551656507
2098,0.2091249950910687
2099,0.5018419721951842
2100,5.179956364762427
2101,4.923025021187891
2102,4.309758145696762
2103,3.6328868343906584
2104,3.208516849452582
2105,3.1407254161419034
2106,3.450593289656759
2107,2.4367215843948613
2108,1.4641866733671827
2109,0.9071579105596811
2110,1.4053080304799697
2111,2.366370252514745
2112,3.4201444427182643
2113,3.2231388997169628
2114,2.8088165876535314
2115,2.794691648215805
2116,2.9420754719229927
2117,2.971376548231896
2118,3.3875081212350873
2119,3.9617285870728964
2120,2.8943551451607976
2121,1.8794021227640696
2122,1.0409462895503456
2123,1.0328747360197106
2124,1.8765117049573115
2125,2.9066517617523093
2126,2.3725764395710884
2127,1.3605795219461332
2128,0.7389835185559156
2129,0.6653296092742987
2130,0.30363436200779126
2131,0.241949241535114
2132,0.3853272900671635
2133,0.8836915748522158
2134,0.46812744111999377
