Grid_Number,n_Connectivity
0,2.195751042347124
1,2.653827865053185
2,3.4259515879632825
3,4.3479131174823005
4,3.7951055051026734
5,3.439794967038537
6,3.42555326115163
7,3.7562618364579756
8,4.354015724867727
9,5.126233021438225
10,6.005991937814034
11,6.487779687209514
12,5.596316995841942
13,4.797822906883048
14,4.146360748096322
15,3.7199962823341184
16,3.490411469442384
17,3.3798066606656256
18,3.6243724990950166
19,3.4379198927461507
20,3.531939460096236
21,3.950033115593948
22,4.604757212107442
23,5.410885182138285
24,6.310660031230159
25,7.2693908760576935
26,8.266590560304516
27,7.285567407116185
28,6.246454752303309
29,5.237343193527008
30,4.279508465500613
31,3.4163553549195727
32,2.7389117074437355
33,2.409284747917021
34,2.5652545443303123
35,3.1351668190317326
36,3.943459561653485
37,4.87291882457768
38,5.8662308727791155
39,6.895857717488999
40,7.9476980876381305
41,9.013979052001922
42,9.626341334563746
43,8.975471136583687
44,8.4216731086722
45,7.985169689279466
46,7.6859711927258765
47,7.540439813154541
48,7.557458115515472
49,1.2534205414143147
50,1.9475239563451727
51,2.913331148670999
52,3.71192962656145
53,2.9555809794761885
54,2.4830140000282994
55,2.4633555055709446
56,2.9058121745414223
57,3.6458511578224777
58,4.540217964005302
59,5.514325877271658
60,6.0015264743103005
61,5.024577085366949
62,4.11670887417304
63,3.334827015835641
64,2.78706166048671
65,2.5590040842318444
66,2.4060669633937475
67,2.7391014561752156
68,2.4655379312784627
69,2.5951351908910265
70,3.1406111264625967
71,3.9325579533626476
72,4.851746910720434
73,5.838385593213377
74,6.863447151733116
75,7.912011722340785
76,7.024756101141105
77,5.940223846625471
78,4.86807792835517
79,3.8187652960225575
80,2.817909927004804
81,1.9419388837851361
82,1.4403121887422812
83,1.6884117017957971
84,2.4697836442734937
85,3.4382831072090645
86,4.473992903677435
87,5.539340807355955
88,6.620033456029829
89,7.70962071952363
90,8.80480111188778
91,8.885304762906134
92,8.17573200654655
93,7.563690132866405
94,7.07453775727965
95,6.735103711327244
96,6.568639204241358
97,6.588268471963174
98,0.4838907417513556
99,1.5671831275449386
100,2.674105084341402
101,3.1657938495736273
102,2.231511414430505
103,1.5523846134668837
104,1.5208599817801178
105,2.165408617533741
106,3.088338740853373
107,4.106037040295932
108,5.162761516374773
109,5.643914595274638
110,4.59153808276624
111,3.575406866318638
112,2.637746925205292
113,1.898616788778325
114,1.6506498318295912
115,1.4360992901627172
116,1.9432586093552122
117,1.4982710961686636
118,1.7032411636708853
119,2.455627606890485
120,3.4105785028228945
121,4.439239439611997
122,5.500410000952851
123,6.578376384264816
124,7.66605660203578
125,6.893277325241257
126,5.784160108376542
127,4.676388176161792
128,3.57121364904756
129,2.4721225330310177
130,1.393583527340261
131,0.49560328409614546
132,1.0109562408521815
133,2.0667135178363236
134,3.161240159632789
135,4.264790295796644
136,5.371805611296187
137,6.4805105602998205
138,7.590164758221005
139,8.700405009532664
140,8.19316072216547
141,7.417747089084676
142,6.737278593463878
143,6.183181666763661
144,5.791839941882996
145,5.597494619069634
146,5.62061774350205
147,0.900324518225269
148,1.741390975833258
149,2.7797775366264523
150,2.8596873511096597
151,1.7707000367928662
152,0.752201989233714
153,0.6849083026362076
154,1.686787856115313
155,2.773854628159338
156,3.875067491398232
157,4.981052997682434
158,4.907513946988875
159,4.338929036409508
160,3.2446620147316523
161,2.1684603593262026
162,1.161667509824228
163,0.6852625847633255
164,0.49270874363547945
165,1.3988594443331293
166,0.5631253650935879
167,0.9866649808339821
168,2.0255289998502493
169,3.115267245567619
170,4.216618862384793
171,5.322379316355155
172,6.430274557198409
173,7.539363534939822
174,6.898529876936522
175,5.790418242180727
176,4.684125821587692
177,3.5813389035758716
178,2.4867256199218137
179,1.4193247028052067
180,0.563935503332343
181,1.0461482822967179
182,2.0841524756826453
183,3.1726675199181966
184,4.2732668040624056
185,5.378537115440888
186,6.486090977033139
187,7.594929437409821
188,8.472366380379938
189,7.563344051535367
190,6.715669461174829
191,5.9555957966415685
192,5.320797701994592
193,4.860608705654562
194,4.6274191192042124
195,4.655465640666594
196,1.8166906765217439
197,2.3498911215033718
198,3.1963219222943358
199,2.871429036140186
200,1.7895991790586525
201,0.7956683169052452
202,0.7323750788386774
203,1.7066109042251179
204,2.7859523753062874
205,3.883735680150066
206,4.7818698369488555
207,4.068230919531823
208,3.5647704840396957
209,3.1906400550298963
210,2.0867692030654403
211,1.000944450660004
212,0.3173947796006135
213,0.5747177129356226
214,1.1431186693062718
215,0.1878690629873713
216,0.9757861655096338
217,2.0202526123369156
218,3.1118394772519564
219,4.214087277737325
220,5.320374100968671
221,6.428615084277832
222,6.745080224444544
223,6.144533121624745
224,5.699765704008427
225,4.890344336648056
226,3.8471070469853217
227,2.8561967417477003
228,1.997085206195241
229,1.5138365534843121
230,1.7515465158408694
231,2.5133626042159096
232,3.4697161641862464
233,4.49819199639003
234,5.558902275575146
235,6.636408673297887
236,7.723684868330654
237,7.984582656269105
238,7.012668013537623
239,6.088869124531353
240,5.238702495611477
241,4.5040584514033455
242,3.9499295315318155
243,3.659263060884484
244,3.694770773365847
245,2.775516629552533
246,3.150349217899153
247,3.823450015150095
248,3.1975192865736073
249,2.2762915007607916
250,1.6160874671323886
251,1.5858236670470656
252,2.211514639578441
253,3.120836361575439
254,4.130533196447442
255,4.152286153019076
256,3.3054859465086857
257,2.6615515427858356
258,2.3904681787401567
259,2.4319392204391526
260,1.5888291159493726
261,1.267789358506518
262,1.5247940192423175
263,1.376380188402641
264,0.789266123517875
265,1.3506746218431998
266,2.344901956180679
267,3.401177808744874
268,4.432021848283336
269,5.494587076388031
270,6.573508873939099
271,5.991918091254182
272,5.306899116686203
273,4.78499070021175
274,4.4835204595909
275,4.321608471316028
276,3.468941677343844
277,2.804224520293073
278,2.483275292340712
279,2.6348623138266487
280,3.192366655952152
281,3.9890816658954824
282,4.909908596528956
283,5.896990294489139
284,6.922040801545478
285,7.9684276016466375
286,7.591005168085694
287,6.561089921252704
288,5.562850406609519
289,4.616878873931971
290,3.762804622285724
291,3.0780982624214737
292,2.695095805243518
293,2.743220021152714
294,3.7443246184131205
295,4.0299600786795615
296,4.575374485766932
297,3.7569783560303853
298,3.0119581555627395
299,2.549854841281774
300,2.530709329401367
301,2.9631203022819057
302,3.6916847589191537
303,4.577100939486052
304,3.677742157617999
305,2.685311297178805
306,1.835447751736377
307,1.4141083543039794
308,1.761646595612021
309,2.436957422096814
310,2.2408366762446006
311,2.495365894377057
312,2.09492262511962
313,1.7654977035162036
314,2.078010047138391
315,2.827035841636445
316,3.7601861420403924
317,4.770611100759853
318,5.818188979879462
319,6.1988133042180555
320,5.311615026784127
321,4.524829732167476
322,3.8997148764501697
323,3.5233975407616795
324,3.4776064244003453
325,3.774390646973298
326,3.6932993519267554
327,3.4558484378353205
328,3.566255578091894
329,3.9957892051371733
330,4.656967467799885
331,5.334825824235426
332,5.842577601572685
333,6.502608809631871
334,7.273581750213686
335,7.306872787190947
336,6.230195674726736
337,5.168476433841722
338,4.133257968427828
339,3.1507707794392825
340,2.289924422369898
341,1.74155490879995
342,1.815250788504621
343,4.716968076213939
344,4.946677911737801
345,5.237726619928431
346,4.4628886409708795
347,3.8566607315218566
348,3.5075847921579775
349,3.4936130653020667
350,3.818425791563603
351,4.407752363854389
352,4.528441459516712
353,3.4233317699903734
354,2.3247539872024325
355,1.250049652230507
356,0.44003352543531105
357,1.1390773513728583
358,2.2077652184395964
359,3.2160405592161094
360,2.2912857530011674
361,1.5510552330940852
362,1.4263297565313169
363,2.033696908755483
364,2.9513203762130136
365,3.9695746766471167
366,5.027685010813951
367,6.10496292589049
368,5.682201247889118
369,4.7356755198740785
370,3.832493306971847
371,3.069568289525206
372,2.5747536266107685
373,2.5118370188074564
374,2.9089785832788118
375,3.6177133391847294
376,4.429491823359831
377,4.19228907535196
378,3.9790553292653374
379,4.069807975471523
380,4.445970605265577
381,5.044089046634798
382,5.795849896235332
383,6.64934430984125
384,7.145253783013761
385,6.039853000692608
386,4.937393973371431
387,3.840410988240655
388,2.7554520864861036
389,1.705619586909021
390,0.8358363964202511
391,0.9802903243023744
392,5.691480954559595
393,5.883182176183837
394,5.928636420390629
395,5.256576405797923
396,4.752612245695513
397,4.4739147006862385
398,4.462887437885103
399,4.721406332925058
400,5.209496442178706
401,4.539747874242925
402,3.4382727346177004
403,2.346697758529861
404,1.2903967136199412
405,0.5441684697860558
406,1.1832063661315697
407,2.2308513223779327
408,2.9732604769905127
409,1.877061969766638
410,0.8242012811012044
411,0.5550821599617675
412,1.5523488641288516
413,2.6427864322961523
414,3.745893164068232
415,4.853037544220471
416,5.961970609934377
417,4.76632934420254
418,4.306180182392448
419,3.2870869784550476
420,2.353626168508951
421,1.657417803301338
422,1.5580031144919928
423,2.140228009181992
424,3.034244626634663
425,3.8722632713016565
426,3.283261336431498
427,3.006334865603447
428,3.1255648777113314
429,3.6018223783558816
430,4.3185593946911265
431,5.176837664590685
432,6.11736898718536
433,7.107574875091541
434,6.00344562273248
435,4.892794341294949
436,3.782905751960473
437,2.674729468774191
438,1.571891177832666
439,0.5102630298904052
440,0.7230194916489663
441,6.435673654267286
442,6.497170017859207
443,6.548015509902811
444,6.103896114710561
445,5.675593832993148
446,5.444267139178952
447,5.435125183110056
448,5.649246726521265
449,5.820804995233667
450,4.756167198742572
451,3.7193204147767216
452,2.7419745747665787
453,1.9173854816067675
454,1.518937752840006
455,1.8468456904803394
456,2.6433630865632467
457,3.003413029239204
458,1.9244626439770436
459,0.9270843798586632
460,0.6987680317159891
461,1.6093260739747937
462,2.676648351587371
463,3.769857387116237
464,4.871556771278706
465,4.503079826513418
466,3.879730181080472
467,3.507099475916838
468,2.970671927394508
469,1.886715695587427
470,0.8759925047574384
471,0.6692473066537392
472,1.612849460795893
473,2.688407920232748
474,3.177923772980326
475,2.425912253944735
476,2.0356235604841393
477,2.208016882940486
478,2.842494694787573
479,3.7090532327857413
480,4.680516845025941
481,5.703530682717326
482,6.754713081990792
483,6.123719733453084
484,5.039630969034946
485,3.9709796707525276
486,2.9346790451945406
487,1.9821364641160282
488,1.3108207878093785
489,1.407302250559318
490,5.458141636061006
491,5.530617555047529
492,5.570126803171574
493,5.683863327312529
494,5.180290196146638
495,4.8235286192969555
496,4.708536084411641
497,4.85253105784851
498,5.234182378243007
499,5.151915082802896
500,4.213558501307151
501,3.382127094503761
502,2.7561484609387854
503,2.495353123309751
504,2.7074124726769426
505,3.302459628870485
506,2.982592383786792
507,2.4063613381625464
508,1.7164805334392919
509,1.60464894809674
510,2.1624877721412257
511,2.541673041630738
512,3.0426267273866765
513,3.811550232514
514,3.809923325120904
515,3.0480557174934773
516,2.557075241273268
517,2.23347063043408
518,1.6440222080550784
519,0.8308691429535969
520,0.5850066860557351
521,1.538800440488633
522,2.6203898768067484
523,2.6654992251669123
524,1.7003010049370948
525,1.0723913536592606
526,1.3718182253507736
527,2.2553513232741174
528,3.2808834571463876
529,4.349097061154751
530,5.434883306502661
531,6.200489753070309
532,6.391836695814621
533,5.362200178236822
534,4.373061559158948
535,3.459336105684797
536,2.698741822995542
537,2.2521702434465802
538,2.3095879344459256
539,4.480844512511241
540,4.568950089224008
541,4.592240581828531
542,4.729651379326511
543,4.311011096670738
544,3.875128231962708
545,3.7311235589775475
546,3.911369232152477
547,4.37597961464276
548,5.047023673907177
549,4.856327013173119
550,4.1554864560943985
551,3.6640258476512004
552,3.4720260994538727
553,3.627355394207062
554,3.2615542372799395
555,2.3328045738069756
556,1.530145939509108
557,1.3090371735887694
558,1.8864443687789838
559,1.522819277594699
560,1.6260243492455384
561,2.332765336479628
562,3.2729948586026256
563,3.2645691479857475
564,2.3308598402029728
565,1.6374571031436422
566,1.5499955586628675
567,0.7627581896033228
568,0.8770877304395527
569,0.6215406903856722
570,1.5530558874443117
571,2.0592148086976696
572,2.1672101347343995
573,1.340792584655532
574,0.2383886563394506
575,0.8881418186662076
576,1.9984056071889988
577,3.1098740157469185
578,4.2215956887149675
579,5.084536515586251
580,5.2535189989699935
581,5.640857557597658
582,5.831412160418847
583,4.937138793713842
584,4.149478676735471
585,3.5403205003989946
586,3.212853457439861
587,3.2532825836371715
588,3.50397884257145
589,3.616067123382048
590,3.614358872672388
591,3.787515922471165
592,3.4993863726954175
593,2.945862633637222
594,2.753792024734309
595,2.993575882301865
596,3.57945314246277
597,4.3745097123511245
598,4.949042589070891
599,5.000627614449411
600,4.600278281271131
601,4.040866868715424
602,3.1289713207937804
603,2.3927348914810476
604,1.9736424243907074
605,0.891504822277071
606,0.40885158353179535
607,1.4185911063426215
608,0.6390902911533048
609,0.8565015475070057
610,1.879259359144228
611,2.966900556876626
612,2.950155231004424
613,1.8652340652589081
614,0.8530197455670061
615,0.6701116260729693
616,0.6031943856307435
617,0.7425275178519473
618,1.527368068797425
619,1.7275569241315105
620,1.0971595094814879
621,1.3185482506371171
622,1.06911308147506
623,0.9296134120750086
624,1.2633568391537273
625,2.1910778708106964
626,3.237041287143809
627,4.198655912645228
628,4.1114059227360995
629,4.318734519546538
630,4.78248251844488
631,5.437432503326685
632,5.614596665198401
633,4.936176865833026
634,4.436310446775333
635,4.179559869293105
636,4.2106357018030485
637,2.5280448423092037
638,2.6813504364275524
639,2.6364867069666813
640,2.8693773641656906
641,2.796081452585076
642,2.061769121734154
643,1.7766751564251424
644,2.1295820223363386
645,2.8959500766648523
646,3.8354656016567015
647,4.002737875899329
648,4.441311979714454
649,4.725869175884553
650,3.6500847901994513
651,2.6048533171025956
652,1.649322573514643
653,1.0621353111993854
654,1.0748028778290544
655,0.726323431772673
656,1.1430829268758944
657,0.6269990612094527
658,0.8538272738241526
659,1.625182384905983
660,2.507446675477844
661,2.9416879936727804
662,1.8518140406727148
663,0.8232645797706238
664,0.6318039516622896
665,1.4314116302657511
666,1.4954203292872168
667,2.102797273068465
668,1.359916397414399
669,0.26227318875962646
670,0.8255395081682786
671,0.2933427043667469
672,1.401230440398933
673,2.0745382803492483
674,2.7401097388681874
675,3.6311920847365227
676,3.252380918296749
677,3.139045290291537
678,3.406184254348393
679,3.977868670269182
680,4.745276523503772
681,5.6289183289857485
682,5.216216468991214
683,4.815280304683527
684,4.651644491709707
685,4.7498979404948365
686,1.5547979201543
687,1.7934327767739326
688,1.658640976896727
689,2.008420025100634
690,2.302589025098012
691,1.3171843492930349
692,0.8005593862463936
693,1.4211538907374166
694,2.423081459789261
695,2.868716880535979
696,3.0758149917010664
697,3.6283055771047046
698,4.397888929213417
699,3.496517658872414
700,2.3849280421060244
701,1.2739663007439093
702,0.1759569465138903
703,0.9548789979938763
704,1.6717465866201253
705,1.0337987494644647
706,0.3940199707163448
707,0.23685487337488548
708,1.1088026957672197
709,2.2080871691162844
710,2.783623920974581
711,2.132012080161611
712,1.5911101190410757
713,1.0898149847693117
714,1.480352264886195
715,2.136730422234695
716,1.253755922445283
717,1.0252088820749656
718,0.9140297288580357
719,1.2351670925042983
720,0.9644124729000813
721,1.6755319795398778
722,2.675366467632469
723,3.480770372630616
724,2.936490744894836
725,2.3294277509890087
726,2.1684906380208333
727,2.5399472229107256
728,3.2669824595552113
729,4.1674787503708455
730,5.059148654503623
731,4.370459151399934
732,3.8832593716682817
733,3.6784990919053024
734,3.8020875658712288
735,0.5975159411530797
736,1.0752787330804308
737,0.680935600568269
738,1.3215712276167588
739,1.5078158305764287
740,1.0631814378125342
741,0.19061136175939486
742,1.1896104212716208
743,2.195218150963943
744,1.8914710062059226
745,2.1929898937196985
746,2.9178089468367165
747,3.7732191425036374
748,3.3568569743728034
749,2.549181127576106
750,1.5599217353192383
751,0.9171965684549447
752,1.3122521083170777
753,2.252914550557267
754,1.6187150677561406
755,0.5313813653648904
756,0.5377233840287916
757,1.3107822349409721
758,1.704798674961343
759,2.123550816468386
760,1.3082968045282943
761,0.990800939820616
762,0.15121069612337684
763,0.7377052673204955
764,1.2921555538296665
765,0.7901421339499037
766,0.3218144043697792
767,1.4337596633237486
768,2.0483399853976496
769,1.9170621278599698
770,2.3563065143586646
771,3.146759578755884
772,3.3225282966190277
773,2.3173044151787616
774,1.4742684753183268
775,1.2041169527753812
776,1.7886279793567803
777,2.72421452441763
778,3.757174711866782
779,4.402605744299725
780,3.5901898059586093
781,2.9780615406497306
782,2.7057532095527
783,2.8716219312669935
784,0.45814508748281335
785,0.7683804474193697
786,0.29801405578980056
787,1.032109661481631
788,0.5583405638567753
789,1.4251667811508915
790,1.158829882520625
791,0.9127068930669379
792,1.3409074991538468
793,0.9142259344807845
794,1.4379189712142042
795,2.402555972626613
796,2.9684059753178578
797,2.417282550916475
798,2.3125609318622797
799,2.2696612083173897
800,1.8865305478940553
801,1.6927067409875023
802,1.5571512037306352
803,1.9688007593014554
804,0.8993472689622732
805,0.46296536608239935
806,1.0816485265900957
807,0.7394857954876395
808,1.4663538668499105
809,0.8842401551727603
810,0.2280686722441663
811,0.39581018686747116
812,0.15487573047449868
813,0.47544143084734064
814,1.256589994636512
815,1.028672481092001
816,0.9486229128629428
817,1.309721895541896
818,2.201625981753312
819,3.193394064817383
820,3.8140839274946656
821,3.1120974230992937
822,2.0039924352221625
823,0.9053636459577773
824,0.3102310813567785
825,1.3585527806019033
826,2.463320996733081
827,3.5725477393079705
828,3.8817035862593916
829,2.9282355167814025
830,2.134096069423576
831,1.7340793254480469
832,1.9830679418499524
833,1.405706739432179
834,0.9278355401825087
835,0.7594954835138761
836,0.5661684465841145
837,0.34102414474472426
838,1.0676396946033395
839,0.8419439093620579
840,0.2971592881332028
841,0.3665841301555786
842,0.06305581311742219
843,1.1116909479064974
844,2.2227460120231814
845,2.300937220229079
846,1.5252759510043012
847,1.3533231947137359
848,1.951758929619687
849,1.9422262694402967
850,0.9268414376257036
851,0.6470622502458635
852,1.3728634195361578
853,0.8542837269168441
854,0.16258032329244268
855,0.5709410133416775
856,0.30383011137708527
857,1.1340907240612448
858,0.8511744760029771
859,0.8654123555852148
860,0.6660497140080238
861,0.895721378133528
862,0.8278012798459087
863,1.678630837195191
864,0.9237099921817359
865,0.19477483575614585
866,0.8525299527597658
867,1.9643542045269642
868,3.07626882824352
869,4.188201846698958
870,3.1985078813664596
871,2.135704962742927
872,1.1682812328216015
873,0.8008674799204581
874,1.546207855424917
875,2.5715736571822876
876,3.618571090945087
877,3.5565490738240473
878,2.481171985472515
879,1.4615915500569936
880,0.7675595270933989
881,1.230815878511692
882,2.37810193979723
883,1.744749722277834
884,1.284905181837759
885,0.43309826620039255
886,0.48810915913609615
887,0.9048937397780515
888,0.6170347712934305
889,0.6121863701876727
890,0.4219757241312832
891,0.7315449999121534
892,1.132266140284437
893,1.2991715275210909
894,1.845383466181582
895,0.8474220660739972
896,0.4725396946052271
897,1.4836865261596641
898,1.6555012278651333
899,0.8716730165423381
900,0.5652236606748289
901,0.5843928584304312
902,0.4417473612761556
903,0.712530126859032
904,0.4128698580984204
905,1.0060976577599143
906,0.1921805994391162
907,0.4864332894849874
908,0.651979171433537
909,1.6229924696727533
910,1.4382641770698703
911,1.3009449482199849
912,1.9465800740074823
913,1.375898720074207
914,0.9903349307540127
915,1.280505256986437
916,2.1843732453539055
917,3.1139334722212912
918,4.094235296516339
919,3.444188246160786
920,2.4533432884800437
921,1.5022378051573795
922,0.7994752328036328
923,1.2224832115013766
924,2.196049199551994
925,3.2593958491133175
926,3.482411966685203
927,2.373692566282747
928,1.2706305655317411
929,0.25971139794957543
930,0.9966244667434063
931,2.044472300089983
932,1.51448376186013
933,1.251532101717293
934,1.1273708587593754
935,0.586387572205609
936,0.3961599054096544
937,0.30346412575870096
938,0.4190598850700962
939,0.7998446776052744
940,0.35018357516238735
941,0.80906089950821
942,0.3731294993783968
943,1.362705382654714
944,1.0090724633189299
945,0.7234420195514102
946,1.581572574687715
947,0.7521774782642668
948,0.9339538654894631
949,1.256289440826809
950,0.7998026575875459
951,0.2690210007346199
952,0.3739328995294404
953,0.7713048158675069
954,1.0644473975897653
955,0.785359441038943
956,0.9278422676052126
957,1.0402050610264957
958,1.615895976192033
959,0.6062186275753477
960,0.4699038792845004
961,1.165990287670399
962,1.957877257534564
963,1.0041104437738264
964,0.8099719397641192
965,1.666353394481436
966,2.714825051376117
967,3.799562976980884
968,3.201605614503858
969,2.0992602785287535
970,1.018023213463667
971,0.25843245902400663
972,0.9602847639413318
973,2.0616422243871373
974,3.1704026300190105
975,3.6745173980903982
976,2.647483555878504
977,1.7289079101665534
978,1.2008073361023435
979,1.538706037048873
980,1.2152325602759468
981,0.7102169131590433
982,0.3235661249678961
983,0.5228510203624789
984,0.1862984339512161
985,0.7599048344537637
986,0.15160104579842892
987,0.7934935310348904
988,1.3357334803035492
989,0.8760402240349441
990,0.33670482489372067
991,0.3047675587535229
992,1.3435358881950565
993,1.5941970574918596
994,1.6527877798679935
995,1.569908541482041
996,0.5461453782230437
997,0.7776882791204585
998,0.3337451738356306
999,0.1999446392194055
1000,0.15734993181700227
1001,0.27121345094551164
1002,0.19379398237581366
1003,0.8300012309500033
1004,0.41555452853868524
1005,1.4592228856207723
1006,1.9000537561216995
1007,1.6662752026421985
1008,0.7299578629248116
1009,0.35563119002218435
1010,0.7773220590559008
1011,1.8460298203365426
1012,0.7634272827968428
1013,0.4802901992432316
1014,1.533427036308988
1015,2.6353331130430857
1016,3.743183818428249
1017,3.2461450547615023
1018,2.16657457407317
1019,1.1504326958210165
1020,0.652539442738196
1021,1.4145608488734334
1022,2.3614560201810173
1023,3.3730448188409823
1024,4.0955703283210845
1025,3.2063176308641066
1026,2.50202146928195
1027,2.170855214540447
1028,2.3744421532731264
1029,0.8287667263701807
1030,0.2999234726555137
1031,0.654533343104881
1032,0.3603278009872453
1033,0.6848504810592085
1034,0.6417059593161661
1035,0.6698032783319838
1036,0.7973833745989755
1037,0.4831943243395028
1038,1.46152942104927
1039,1.1764770640627387
1040,0.789551177000559
1041,1.4453843692054829
1042,0.6371207129158105
1043,1.093422135217455
1044,0.8155971628693777
1045,0.8675773664896863
1046,0.2670063906463459
1047,0.49818338619071156
1048,0.3001935383388944
1049,0.3985211785801555
1050,0.5845527337142491
1051,0.5320665501008239
1052,1.4661422136808768
1053,1.2779739007291067
1054,1.1233759967905954
1055,1.1350391243372957
1056,1.343396103862864
1057,1.1251793986422096
1058,1.1286309325653112
1059,1.323425176294483
1060,2.168401007966523
1061,1.4349086030186546
1062,1.3063992255142867
1063,1.9563377736679457
1064,2.9018439557950266
1065,3.9353527813572877
1066,3.388256272071198
1067,2.2774970235947447
1068,1.1690026354559924
1069,0.13785489793773073
1070,0.9987514463191303
1071,2.076623343831381
1072,3.178063390265299
1073,3.9564629231032393
1074,3.9304359923610366
1075,3.3804539079219382
1076,3.1431627859828923
1077,3.286995302226269
1078,1.006771466680474
1079,0.6999277829321404
1080,0.8376516320562235
1081,0.3615890421726185
1082,0.35379489524540814
1083,0.369225946873446
1084,0.6125592918268135
1085,0.9681161415591142
1086,0.5429346820536373
1087,0.8313580097219259
1088,1.1665004062478141
1089,1.7502086998871984
1090,1.3645925094771836
1091,0.4229906452550086
1092,0.9040944206266458
1093,0.26441953329606344
1094,0.05666764995597284
1095,0.4548201230805582
1096,0.36300187607504225
1097,0.5342694905432266
1098,0.2560423656716123
1099,0.7584911780907525
1100,0.35931228123456543
1101,1.4682520580240204
1102,1.2252567704894817
1103,0.1771520117551352
1104,0.32643431339391316
1105,0.8050327839835291
1106,0.28930427514868323
1107,0.848197178624984
1108,1.8562979968636628
1109,1.5274560267619672
1110,0.9596773257723739
1111,1.4077292172974474
1112,2.348464360509919
1113,3.394367463852249
1114,4.343202510961756
1115,3.489912455581329
1116,2.4261356157968086
1117,1.4315757269762952
1118,0.6469306021802393
1119,1.1227162065473215
1120,2.1390012836106176
1121,3.2191650527068147
1122,2.983479297267259
1123,2.978353182302545
1124,3.161977518357111
1125,3.6876114406026677
1126,4.226902407741887
1127,1.785318732827795
1128,1.2697489033373905
1129,1.0348839576432378
1130,1.153813094335325
1131,0.8289932695282194
1132,0.5294220616221115
1133,0.8544471174761926
1134,0.4385029825640916
1135,0.8618510008057847
1136,0.3154693943302378
1137,0.3807473430851232
1138,1.355775660468584
1139,1.8825010775487863
1140,1.363986476886953
1141,1.1361789114974925
1142,0.4438047112648044
1143,0.2975177333380613
1144,0.2552811209893823
1145,0.23325331819400505
1146,0.6465061462223591
1147,0.5219627186118033
1148,0.4755228545044432
1149,0.08027992973738834
1150,0.8365694726029871
1151,1.254115393330949
1152,0.8396394649845692
1153,0.6149598208487735
1154,0.8009513077031702
1155,0.3229061888019525
1156,0.8100418781072897
1157,1.00718694634453
1158,1.191066456987726
1159,0.08115058149308965
1160,1.0331475553290546
1161,2.145009246501865
1162,3.256930734044702
1163,4.368866361819939
1164,3.844216115552218
1165,2.8836299021118426
1166,2.0521602810868442
1167,1.606320178770339
1168,1.8498728347420461
1169,2.595507037795474
1170,2.372440864562055
1171,2.0114612798770093
1172,2.004653930775312
1173,2.2686159187550157
1174,2.957610733720779
1175,3.8498268244627134
1176,1.4404497510029257
1177,0.5342167576410702
1178,0.2304446503352174
1179,1.272528666834444
1180,0.4388899751092624
1181,0.29288790856081853
1182,0.24392356741664964
1183,0.3801058270496954
1184,0.14386015194557036
1185,0.7000454494661434
1186,0.6879277894511003
1187,1.4718602610027482
1188,2.1750496278525313
1189,1.6462512938516887
1190,1.5555592157512836
1191,0.7023856108131135
1192,0.5747392555458858
1193,0.17076499336793735
1194,0.791420280339466
1195,0.358748035785822
1196,0.8372287985914791
1197,0.3968630726037952
1198,0.571084872250447
1199,0.39337410965589975
1200,0.7234449140597272
1201,1.241563857521886
1202,0.5964149305037216
1203,0.6767915686444508
1204,0.7092086936706632
1205,0.9155536205444706
1206,0.19688072993123107
1207,1.3084907159925447
1208,0.9969213896474789
1209,1.4333758284485736
1210,2.3639252518355702
1211,3.40508168025267
1212,3.8134151869188466
1213,3.7124777374323834
1214,3.249639611429987
1215,2.772676860615755
1216,2.5769638440334712
1217,2.735346030952979
1218,2.593332649517838
1219,1.6341043565734952
1220,1.0431117801949923
1221,1.0313184477305881
1222,1.4805008465519367
1223,2.406867277894296
1224,3.444851194305202
1225,0.7693991724417129
1226,0.5227937521765769
1227,0.4992855497268143
1228,0.40991726566699566
1229,0.4585042964492026
1230,0.14238213997816723
1231,0.82433491167154
1232,0.6637048726241702
1233,0.44671443848566345
1234,0.06892198705716707
1235,0.5256499417609862
1236,0.8430166055673746
1237,1.594737847093962
1238,0.7229791262277839
1239,0.9874569191492089
1240,0.08133082534661437
1241,0.8562561986061639
1242,0.8500216359867637
1243,0.5601369240487825
1244,0.5688971019987057
1245,0.4545216241738198
1246,0.3091687573645556
1247,0.16148039279171614
1248,0.5137151327942383
1249,0.47020951578300907
1250,0.3282793046039247
1251,0.7776512650240316
1252,0.6872857336970057
1253,0.609284697129715
1254,0.2688809384624276
1255,0.48466569698833245
1256,0.7110212336041889
1257,1.8025159896078347
1258,2.223335045776805
1259,2.9114461409577146
1260,3.3909860437561137
1261,2.87521844003718
1262,2.7400434298887095
1263,2.5098237806730475
1264,1.8512707742315853
1265,1.7401304068083225
1266,1.8615790608573792
1267,1.7294092032797352
1268,1.2686917554746406
1269,0.1657282559070192
1270,0.07435573189628052
1271,1.0648453206931092
1272,2.176034163649853
1273,3.2877372382808208
1274,0.508111453067061
1275,0.3807825248033488
1276,0.047821987136098594
1277,0.6638180759633061
1278,0.558884958989938
1279,0.32494832339496565
1280,0.45049392738029825
1281,0.7168329739032246
1282,0.2826988040993927
1283,0.40909442623057385
1284,0.45615627285960203
1285,0.9581838502562221
1286,1.4354225946103136
1287,0.3554023443525178
1288,0.8155035066487631
1289,0.718671357584372
1290,1.0160160013660215
1291,1.0567372085710944
1292,0.253893782137498
1293,1.042045183917235
1294,0.9886060506044799
1295,0.8485799004504497
1296,0.5790906342641519
1297,0.26570319045044005
1298,0.8591469801881282
1299,0.5942020071583609
1300,0.3856218468090381
1301,0.0506227730227097
1302,0.3480700995851617
1303,0.7980005765244547
1304,0.8753953951722497
1305,1.0182910476491136
1306,1.027710206582077
1307,1.7143315614417203
1308,2.7008405097230783
1309,2.6689295576012797
1310,1.9727389326999165
1311,1.7700494595776637
1312,1.9843037042065919
1313,1.0323157435230683
1314,0.8165492818932898
1315,1.0543069881251472
1316,0.7982285743827473
1317,1.5640718749702367
1318,0.9021497924879645
1319,0.661455245490481
1320,1.4045129388581752
1321,2.3608907267489956
1322,3.4128896520517005
1323,0.4740828300240144
1324,0.5340559736969239
1325,0.09577598026072877
1326,0.22442382660094834
1327,0.4307009778819296
1328,0.46372179752035647
1329,0.5577229860867496
1330,0.37706671781200307
1331,0.38721122237936917
1332,1.269091509444079
1333,1.1673482941550752
1334,1.742117879343036
1335,0.9903660925161412
1336,0.2805699371256269
1337,0.9944890995556265
1338,0.9740948842486359
1339,1.4409039416993406
1340,0.4655343074234208
1341,0.9110996394807641
1342,1.6329660737439502
1343,1.3023429793208199
1344,1.1029974380643355
1345,0.3990938365371574
1346,0.5539595447435454
1347,0.5111675859106078
1348,1.4332102678089433
1349,0.5392051980201746
1350,0.1537965976829981
1351,0.3951847078658226
1352,0.6577140845937405
1353,0.6607515377913462
1354,0.5112189987427416
1355,0.2908578076827994
1356,1.4026530721843402
1357,2.4486386663281197
1358,2.155884464062227
1359,1.1902053918019846
1360,0.8112966515605193
1361,1.540349950129236
1362,0.7766298568123683
1363,0.45196819319655807
1364,0.8098895983234027
1365,0.4261109563878624
1366,1.4765101671949206
1367,1.8241447917313929
1368,1.6196328747029174
1369,2.0663707201255073
1370,2.8825424739765277
1371,3.792466035742489
1372,0.839223785303652
1373,0.667726449655398
1374,0.9120461214813995
1375,1.0014455997325615
1376,1.3597182752441128
1377,0.7420279966325591
1378,1.0171905167716202
1379,1.0976230154208912
1380,0.7322184766748246
1381,1.529828043905802
1382,2.104057210476778
1383,2.201669780280822
1384,1.1703957547384216
1385,0.3725884810738834
1386,0.32936836132101943
1387,0.5625786310546118
1388,0.5516047883804028
1389,0.6664391477606509
1390,1.0283481307808586
1391,1.884901021336754
1392,0.774983817211532
1393,0.3481527191240601
1394,0.4011558859012295
1395,0.9858291954649243
1396,0.18007154416082488
1397,0.9227594680660464
1398,0.337758142828354
1399,0.36324690870970766
1400,0.38640706415843445
1401,0.6210088666782044
1402,0.5592853196682068
1403,0.05058928102757815
1404,0.8598069130251205
1405,0.8746103852828973
1406,1.4738573734926823
1407,1.8656597850623766
1408,0.9173609047956073
1409,0.2884779325886191
1410,1.3408021282358156
1411,1.4281589208817147
1412,1.2808674364164043
1413,1.4486374328438671
1414,1.2743866235143932
1415,1.9032694061137267
1416,2.7340636976169854
1417,2.589568916829069
1418,2.8900089656135868
1419,3.531472592906838
1420,4.36052344267208
1421,1.625966862467159
1422,1.5443921751448078
1423,1.8182293783013088
1424,1.8646151000876359
1425,2.187827667183967
1426,1.6725985919907076
1427,1.435465905819334
1428,0.5718696607989824
1429,0.4924004120095817
1430,1.297530867538109
1431,2.162553707460787
1432,2.132296935387526
1433,1.650211232646349
1434,0.8291047291752124
1435,0.22829980822209117
1436,0.8449473811227989
1437,0.23678364419500753
1438,1.2125762675986245
1439,1.3362394100083947
1440,0.9391663689231157
1441,1.1878600076187886
1442,0.9651656071111739
1443,0.20356796819311496
1444,0.4598876598764321
1445,0.5737720309805149
1446,0.6744161801441497
1447,0.6148541567109256
1448,0.7568823774271607
1449,0.473488280898288
1450,0.56757670594622
1451,0.272073787973803
1452,0.43546429502814654
1453,0.6188408777702792
1454,0.6464805559591593
1455,0.499632105836939
1456,1.2482977182343482
1457,1.4719325275181923
1458,1.0593319988938377
1459,1.0796877210705722
1460,1.9188874879817168
1461,2.2306481447407616
1462,2.332263056794966
1463,2.2281474376404633
1464,2.638691585899182
1465,3.3813618278712383
1466,3.5616699161194965
1467,3.7856574244080625
1468,4.295319983881476
1469,5.004119051168014
1470,2.548804729441167
1471,2.4974828910677127
1472,1.8208685737696433
1473,1.606828235416696
1474,2.0787241000734977
1475,2.4886340690801996
1476,1.4095803291070739
1477,0.503384760190867
1478,0.32620657018406196
1479,0.7916443053751899
1480,1.8444219798860708
1481,1.4661085978916824
1482,0.7033896075683858
1483,0.4839421474074643
1484,0.670124168862564
1485,1.1913435856571393
1486,0.8600538636748328
1487,0.8624305189427744
1488,0.4491106059913235
1489,0.21734057294040388
1490,0.9052687360033238
1491,0.5442015571635447
1492,0.8681417620908433
1493,0.19189749991812355
1494,0.45730441261995686
1495,0.5210869882057461
1496,0.3680309130180917
1497,0.8357710999425226
1498,0.4287171702305921
1499,0.5818886328076792
1500,0.32688281654151047
1501,0.03692535995774412
1502,0.5503687258741571
1503,0.31712963868158844
1504,0.2159150262856456
1505,0.9711398269720901
1506,1.6494415912106548
1507,0.539829745679631
1508,0.5788238834463961
1509,1.6886445345299226
1510,2.800154635403054
1511,3.267816212793436
1512,3.1942620018594905
1513,3.49297277543359
1514,4.083046659148796
1515,4.5345437317948285
1516,4.71243449307476
1517,5.130775065513312
1518,5.737205645580593
1519,3.16953033252267
1520,2.0896736842838837
1521,1.077224219678373
1522,0.6534143148114844
1523,1.4718528624853005
1524,2.5255917654038376
1525,1.9555459730707965
1526,1.4458442772246112
1527,0.9796710042141823
1528,0.39493764365528883
1529,1.309040302475937
1530,1.0298230895070497
1531,0.10888548739982142
1532,0.2636054395269018
1533,0.7205086807061014
1534,1.8313988942254802
1535,1.8167406258203185
1536,1.0328566079355739
1537,0.7243452204909927
1538,1.0577352247912963
1539,1.0678641360884402
1540,0.4738557836382636
1541,0.21422217432017385
1542,0.4122289232747536
1543,0.2239408440881726
1544,0.5931793250777795
1545,0.525473649169246
1546,0.6662673142657269
1547,0.5171506860538276
1548,0.39339713887345323
1549,0.5728096846964572
1550,0.9391015435837337
1551,0.9181387696053769
1552,0.5687996619749768
1553,0.7293607693664252
1554,0.8473219511059275
1555,0.8000459146884152
1556,1.1663683257826785
1557,1.1848770080732847
1558,1.9799783578732997
1559,2.98488817069353
1560,3.921431326816509
1561,4.164140658894267
1562,4.209328341160351
1563,4.45691244644664
1564,4.947984843626215
1565,5.619065888213722
1566,6.0080392513199525
1567,6.533473127112218
1568,3.1309957968022495
1569,2.0307563082583595
1570,0.9579509523268219
1571,0.42922163294920507
1572,1.3869588072164292
1573,2.4770830820204512
1574,2.751779860348199
1575,2.158131513554413
1576,1.133389660406366
1577,0.5842873707329757
1578,0.8901230208226564
1579,1.1902628099194978
1580,0.16592513516998483
1581,0.20555257136641786
1582,1.079318118580065
1583,1.4448271841795504
1584,1.6127080312529936
1585,1.5974880127892668
1586,1.641781443823376
1587,0.8976143006200786
1588,0.7585859658389081
1589,1.2599159285918209
1590,0.20637058093048513
1591,0.9611237854129238
1592,0.7046004233219929
1593,0.23152840071603173
1594,0.36250461272165535
1595,1.0965936596237622
1596,0.08592212926013017
1597,0.31555886761501184
1598,0.8636868692788929
1599,1.148945043376537
1600,0.5933390225525129
1601,0.44569200062919806
1602,0.6793604968226735
1603,0.6959775217686727
1604,0.6375939622004791
1605,1.6737770908980587
1606,2.091032012218084
1607,2.6245972995737383
1608,2.8629477818790328
1609,2.978510141106546
1610,3.2912266812614974
1611,3.2412385791035674
1612,3.5569571431550115
1613,4.155854044858171
1614,4.935905560121362
1615,5.824780398183291
1616,6.779810602667484
1617,3.3871989105140634
1618,2.407030384221297
1619,1.608519936908342
1620,1.1247682164906287
1621,1.3006969399534631
1622,2.1427514642809546
1623,2.2683051714963924
1624,2.163759881637472
1625,1.6157487180704775
1626,0.5826502432033139
1627,0.7356500741953802
1628,1.0651040157549119
1629,0.08407246979776135
1630,0.7301645545391054
1631,1.5003058630414974
1632,0.5399329169240947
1633,0.8542942988752626
1634,0.7327286707390508
1635,0.824961359838427
1636,0.28788136378320167
1637,0.5828096141244967
1638,1.1858406066460039
1639,0.5930177345318474
1640,1.2222332580240678
1641,0.3277524888719499
1642,0.43949397271733254
1643,0.6198560069850348
1644,1.0559079556244888
1645,0.37567103756573045
1646,0.5819357350316942
1647,0.2466493996264113
1648,0.18655287273904939
1649,0.3582200631993504
1650,0.5337809705074821
1651,1.0005698082747654
1652,1.1604880379884175
1653,0.6699957473801071
1654,1.4226448785107204
1655,2.4641032715480153
1656,2.320739610844664
1657,1.8943244225173832
1658,2.0649358258463413
1659,2.3487401200136557
1660,2.278276817818382
1661,2.708758499044821
1662,3.4578985227994257
1663,4.364586351775086
1664,5.349301645123057
1665,6.3759943851317455
1666,3.700909791063604
1667,2.589394058316687
1668,1.478530432235606
1669,0.374172728821313
1670,0.7528748668182702
1671,1.8618534424933508
1672,1.387585988483932
1673,1.2092758501991383
1674,1.863374252094593
1675,1.2977783723081884
1676,0.18843951393125974
1677,0.8239240676870149
1678,0.7977713787480292
1679,0.5071768296343382
1680,1.1041810370516738
1681,0.6282539649707897
1682,0.16483170271353106
1683,0.3704911513924528
1684,0.37266135574495546
1685,0.11776544749812866
1686,1.0512573129605014
1687,1.101046938471792
1688,0.39720890929059066
1689,0.6655477894239971
1690,0.23651773132394888
1691,0.9989553605578001
1692,0.4312795349772551
1693,0.7474816175400341
1694,1.223483254785657
1695,0.17306254256321515
1696,0.28156005842888077
1697,0.4280513151274552
1698,0.7467338557667308
1699,1.4161895977659489
1700,1.699179848111958
1701,1.0123523740937457
1702,0.35644070642532377
1703,1.3046474486423152
1704,2.3979204101663507
1705,1.6359364105625176
1706,0.937646311192806
1707,1.246970567462111
1708,1.4487597755927408
1709,1.3316149282679075
1710,1.9799883981199782
1711,2.922391504553564
1712,3.9538908008159916
1713,5.01986007109373
1714,6.102261884878982
1715,3.805783727329482
1716,2.7371780621094777
1717,1.7242853691730362
1718,0.9628284640361874
1719,1.1635203453898815
1720,1.884767519591646
1721,0.785215473078098
1722,0.39196991855283647
1723,1.470911226612091
1724,1.604101013702621
1725,0.9598385015515885
1726,0.1782233628969472
1727,0.37924413862851447
1728,0.6099403443850266
1729,0.5020890318652289
1730,0.819133681277818
1731,0.5341863753017232
1732,0.5933226290713595
1733,0.3253611641460178
1734,1.0763193526033432
1735,1.1541500634397979
1736,1.6780828675384647
1737,1.3671876321440197
1738,1.0801302180290306
1739,0.46159606005431786
1740,0.1743264499467009
1741,0.13190472953045093
1742,0.6762160110097484
1743,1.6491649138357878
1744,1.1179032847962556
1745,0.516390915220533
1746,0.44608207464506544
1747,0.2530369300900893
1748,1.2296570378798346
1749,1.9831130297240624
1750,1.6135080423688688
1751,1.3059286504407164
1752,1.8111745872302567
1753,2.477001862430091
1754,1.365886647318222
1755,0.26194805278283384
1756,0.8628149127047213
1757,0.7610172794863763
1758,0.503573953451243
1759,1.5494800721747417
1760,2.649726891982121
1761,3.756870912165372
1762,4.866206719798264
1763,5.976513947905433
1764,4.145349198523238
1765,3.1924628391062715
1766,2.381717920284115
1767,1.9042593825110345
1768,2.013129308144774
1769,2.038272796262031
1770,1.1039536907298122
1771,0.8693295347438595
1772,1.6630142086243633
1773,1.6106642749066138
1774,1.3067423777310063
1775,0.8819648292843157
1776,0.310148852401447
1777,0.7293631019161076
1778,0.21460583942814157
1779,0.7126452389875697
1780,1.2091717090413867
1781,0.3965798127385876
1782,0.4345905357691344
1783,0.3425340539228212
1784,0.22793099894668103
1785,0.8983999899183005
1786,1.2026169223904293
1787,1.3022730331484702
1788,0.1991003060857875
1789,0.2786128707631482
1790,0.3277099767740487
1791,0.8938020018014968
1792,0.856872020447341
1793,0.8734799994814139
1794,0.26880962333150793
1795,0.8052478850430779
1796,1.213315458175085
1797,1.088860413651219
1798,1.0801346254490718
1799,1.9027945087324616
1800,2.276860399519597
1801,2.599743006481219
1802,2.687732096376181
1803,1.7186935529154523
1804,1.0755340793635477
1805,1.3536993399601183
1806,0.9784208700947602
1807,0.7948021751404661
1808,1.6670260732977031
1809,2.7201293523242636
1810,3.8068482752236124
1811,4.9048900314528225
1812,6.008049682184836
1813,4.668674743269229
1814,3.8475949990559264
1815,3.2069164118805173
1816,2.8701046403442048
1817,2.9433910032428354
1818,2.5822327832926044
1819,1.9317986716042517
1820,1.8079348291594362
1821,1.9896969309797439
1822,0.9274479758468201
1823,0.48403301305383145
1824,0.6642186410505923
1825,0.3116285517245717
1826,0.5239847634882289
1827,0.17275710018957754
1828,0.2749281671035397
1829,0.7349254842704391
1830,0.5819299347608546
1831,0.7722955480157445
1832,0.5804421470544294
1833,0.6106633635225237
1834,0.2936383339915014
1835,0.5487588513593767
1836,0.5352562028960384
1837,0.5424881785798119
1838,0.2950032847013232
1839,0.3900792645041731
1840,0.4075710372700495
1841,0.12454163466761817
1842,0.9409181807963233
1843,0.6199117546125869
1844,0.1723146837263798
1845,1.0993980869876139
1846,0.5661488003797917
1847,0.5492550127671249
1848,1.6600301250840444
1849,2.771746977193567
1850,3.483824892797221
1851,3.1955209869726224
1852,2.437431336108401
1853,2.0355959613206713
1854,2.195243170286156
1855,1.7981616119735992
1856,1.7051597073428033
1857,2.2482473971899135
1858,3.1103899075602994
1859,4.094788966697873
1860,5.131562166941389
1861,6.1944673823697025
1862,5.321823126486963
1863,4.618294988945664
1864,4.099799734799915
1865,3.841995467364063
1866,3.8969683758356033
1867,3.3305343491566033
1868,2.8558642108443992
1869,2.7735039064671287
1870,2.033399961704167
1871,1.0178234714367178
1872,0.640371899178882
1873,0.49787571769000405
1874,0.2809862521363548
1875,0.29716044060055313
1876,0.26965820835460125
1877,0.7761865908673429
1878,0.4737257510856988
1879,0.532936418671967
1880,0.2226775549675195
1881,0.5321220752260906
1882,0.7012419603666913
1883,0.25095269324900077
1884,0.08786461309767284
1885,0.21827446160671837
1886,0.09719818890019417
1887,0.39878501708947217
1888,0.685847079482362
1889,0.6620151703287375
1890,0.7021256576621371
1891,0.03739225569930729
1892,0.3866257872332281
1893,0.15064689171918222
1894,0.3894325612443216
1895,1.1647534654269476
1896,1.1565933056304383
1897,1.9472102699123561
1898,2.9526953647630334
1899,3.7149893892968118
1900,3.8856003235342347
1901,3.290461712349732
1902,3.004870853607045
1903,3.1151599595369324
1904,2.721650351308833
1905,2.661045677978908
1906,3.037731022934262
1907,3.721198414086587
1908,4.575990352721485
1909,5.523125924808878
1910,6.522500629075973
1911,4.694601153205433
1912,4.901242378831559
1913,5.0244119242708765
1914,4.816273385612095
1915,4.778924024845379
1916,4.174704141942235
1917,3.8067120419259317
1918,3.434008311660703
1919,2.4941135509395105
1920,1.7668203130347775
1921,1.1172067265116277
1922,0.2167961511818365
1923,0.46555990535696457
1924,0.7198233730315404
1925,0.5169125606907304
1926,0.9593777248496339
1927,0.4541656222716498
1928,0.5037251442141274
1929,0.15583742485537086
1930,0.22809942623276516
1931,0.6500389161705501
1932,1.2268933426999027
1933,0.5046416452148005
1934,0.0360440897856823
1935,0.10077238441089593
1936,0.3142101162417623
1937,0.1908887763941815
1938,0.2880900146985437
1939,0.31733422389671
1940,0.866420584338888
1941,0.15742238914007511
1942,0.4676609410267067
1943,0.9974408939154046
1944,1.7574285757709711
1945,1.9559634877473067
1946,1.7919916711634294
1947,2.2515633262934887
1948,3.0660565803280115
1949,4.0255100017156735
1950,4.196678184094427
1951,3.976627630119893
1952,4.0347187811887135
1953,3.6714157658139883
1954,3.6266367182631467
1955,3.9113368719196075
1956,4.462900451905423
1957,5.1970440483214855
1958,6.0476371679662035
1959,6.423642342177763
1960,3.719686990495673
1961,3.977403993660154
1962,4.502918588417334
1963,4.9093159452775526
1964,4.950336331034455
1965,5.067051703783771
1966,4.768347156183362
1967,3.97350525476654
1968,3.1250016405445704
1969,2.081212969540518
1970,1.1705220726042789
1971,0.6444765466083082
1972,0.5241381136165811
1973,0.6424400514320184
1974,0.4774997265066298
1975,0.08342629969300021
1976,0.12973684757724627
1977,0.4422085428236437
1978,0.36540168666629513
1979,0.7852208946711238
1980,0.5268705814795903
1981,0.9939843234603248
1982,0.41798093799760416
1983,0.6138409661375083
1984,0.408095146330356
1985,0.6095085272284738
1986,0.4379654062471011
1987,0.612265040483336
1988,1.1487316094957607
1989,1.530592981055425
1990,0.9665542692770632
1991,1.0790304554037513
1992,1.933870967926296
1993,2.1004947275583783
1994,1.1510413615492328
1995,0.842957093184482
1996,1.6028472900932589
1997,2.6268849497503552
1998,3.701998375546918
1999,4.793946363418339
2000,4.949404636431014
2001,4.924383392673018
2002,4.631319942723314
2003,4.595819724755946
2004,4.823572886336559
2005,5.280626265311991
2006,5.319745640011359
2007,5.285737764654375
2008,5.48189889883377
2009,2.747033312740221
2010,3.0871438231150603
2011,3.739997879576604
2012,3.9350595029446858
2013,3.986220577144723
2014,4.33221395111799
2015,4.911116265936589
2016,4.112659145022769
2017,3.0011642654324735
2018,1.890203955971308
2019,0.7820597063687876
2020,0.3510357753466632
2021,0.5323690263489123
2022,1.1126324372103664
2023,0.5576305869219896
2024,0.28229453533316073
2025,0.21249917563520324
2026,0.39482945108228584
2027,0.3457577468946955
2028,0.3955314291101827
2029,0.7192381606984869
2030,0.2363806711514507
2031,0.229321613183728
2032,0.3147521909469669
2033,0.4142826979583696
2034,0.8020697695565058
2035,1.0335318028151723
2036,0.4114469191671325
2037,1.320322493363198
2038,2.2208774007230616
2039,1.5366635151657646
2040,1.2157864605697428
2041,1.7515139135501736
2042,1.9524176399023594
2043,0.8513578578580957
2044,0.3324877521255096
2045,1.403263464261842
2046,2.5101017781342536
2047,3.6200740137047434
2048,4.7309748608977396
2049,5.467338146335553
2050,5.404587815776652
2051,5.170140158423226
2052,4.875257089615371
2053,4.82480838933497
2054,4.670616782294055
2055,4.356836672936958
2056,4.315350788699049
2057,4.553607474484423
2058,1.7803488908495226
2059,2.2703128125550394
2060,2.9830409145900814
2061,2.963129036611113
2062,3.0308461866620138
2063,3.473440037430152
2064,4.173296652152691
2065,4.059223070643036
2066,2.947461261933806
2067,1.8359265198189196
2068,0.7256630237007603
2069,0.3942205017159365
2070,0.13371592628478887
2071,0.6672062644274063
2072,0.27163573843383515
2073,0.5263509790359227
2074,0.7360750916344552
2075,0.5679455455726268
2076,0.2660753147998619
2077,0.6684735878361362
2078,1.128188647803866
2079,0.4806480288063926
2080,0.7566072541802619
2081,0.7941136083550201
2082,1.2366516240359566
2083,1.4585507219253746
2084,0.9359068144857905
2085,0.35990248163261884
2086,1.3623510442694635
2087,1.3866954390456685
2088,0.9804495573353904
2089,0.27967325246367886
2090,1.2915166522464279
2091,1.3475125598959943
2092,1.0801765081271577
2093,1.1879177104630525
2094,1.8082102092543384
2095,2.756984249157106
2096,3.7954133443649005
2097,4.845039857433396
2098,4.507798917590987
2099,4.4315858208421375
2100,4.278038203251651
2101,3.9166571342677408
2102,3.853784813573457
2103,3.79377585887755
2104,3.4001196876587465
2105,3.346902244073184
2106,3.649048847348676
2107,0.8404890201240931
2108,1.6405280874479133
2109,2.1169863652416803
2110,1.9969237052333746
2111,2.0961994631508407
2112,2.6968986555391425
2113,3.553214712247423
2114,3.956631183061344
2115,3.1251596996030977
2116,2.109412052785628
2117,1.2670744213189624
2118,1.1109447736904958
2119,0.13196371168145676
2120,0.3526381970766652
2121,0.09779022624669975
2122,0.5036264519447451
2123,0.4005844296989626
2124,0.1707226011363643
2125,0.3291965830338983
2126,0.9873020713912768
2127,1.8642763366534116
2128,1.4546409515599321
2129,1.3980688893497053
2130,1.3322284601044545
2131,1.532936888563091
2132,0.8055129725955257
2133,0.6344580530258532
2134,0.2742737604605108
2135,1.041342898819695
2136,0.9034217564256203
2137,0.22652580595448024
2138,0.7618150684984732
2139,0.48758536190007606
2140,0.8508506460581218
2141,0.2739388844168145
2142,0.43107718061885103
2143,1.4742652268924636
2144,2.575645690625764
2145,3.683382389720058
2146,3.975016996316901
2147,3.5563093700348714
2148,3.4593026248558267
2149,3.4308301907459215
2150,2.9681333386739652
2151,2.8847699059301695
2152,2.97782603318848
2153,2.45683902898776
2154,2.3827568854047616
2155,2.791391224048685
2156,0.2806585724405871
2157,0.7929961892549706
2158,1.4062256458616849
2159,1.05233317708099
2160,1.2304573414446318
2161,2.096069594569669
2162,3.110227518989794
2163,2.983119329006988
2164,2.8972796420279208
2165,1.872120743673294
2166,0.8953856652240031
2167,0.755947904907385
2168,0.8442886538662322
2169,0.1636776308629824
2170,0.4102831592436918
2171,0.7493430797749011
2172,0.3285704245423433
2173,0.8981018265071958
2174,0.9776288358968539
2175,1.6714711780674616
2176,1.1569868550069609
2177,0.5935794326358391
2178,0.6910901155973547
2179,0.5458775651389506
2180,0.7921441344008847
2181,0.45328548847086697
2182,0.785616211916831
2183,0.36728690269641456
2184,0.3896659693410848
2185,0.5483568370443164
2186,0.9203821752737467
2187,1.4198828973499271
2188,0.5702595698949229
2189,1.05222946569086
2190,0.9403691392755543
2191,0.7835715385012904
2192,1.6129394815436309
2193,2.6574471807433535
2194,3.3450029056583457
2195,3.1663720346246835
2196,2.6216487603367282
2197,2.4885808810039927
2198,2.671573336406705
2199,2.0437634311159956
2200,1.920806107500153
2201,2.2888422872469443
2202,1.5516952683306848
2203,1.4316353234926726
2204,2.040652713478791
2205,0.7849025962883376
2206,0.19330684390048805
2207,0.8240742473471957
2208,0.3731436729771875
2209,0.7388828503216329
2210,1.8508165426674692
2211,2.1351524479671093
2212,2.0133966517548396
2213,1.9968593106767383
2214,1.5356093257297379
2215,0.756935413489569
2216,0.5854183567230352
2217,0.5676296137480913
2218,0.7248368005450934
2219,0.5526364427186014
2220,1.0210761219107318
2221,0.5438460483540827
2222,1.1514345597898248
2223,1.2864030389315269
2224,0.7164054172444645
2225,0.4599637248004137
2226,0.555154926636239
2227,0.8961750042529119
2228,0.2327867367230518
2229,0.8907936927170906
2230,0.32128157951707065
2231,1.0622562920815173
2232,0.21850285586973867
2233,0.4890686874371672
2234,0.625819446067701
2235,1.5338195914493846
2236,1.3131141963206707
2237,1.4468555832498138
2238,1.7595722594539138
2239,1.8515602951752823
2240,1.7154531784570362
2241,2.220393202371727
2242,2.19053118240849
2243,2.4433643856591467
2244,2.4798924337315813
2245,1.7312910742567924
2246,1.5224103852856639
2247,2.0275503138399205
2248,1.2006929161494981
2249,0.9769613602947317
2250,1.7146736848000441
2251,0.8221401889980516
2252,0.5638285472787591
2253,1.559728537310019
2254,0.3632442167941355
2255,0.10597910239976176
2256,0.22117903719694826
2257,0.40448446916360054
2258,0.7078694724030633
2259,1.2218577788064586
2260,1.164204716298199
2261,1.0579346817900552
2262,1.186368510572353
2263,0.7893155402395214
2264,0.2846053996523677
2265,0.43504988687063884
2266,0.5768388803938121
2267,0.9179382632602666
2268,0.20645465550631042
2269,0.9799997738465762
2270,0.527465002693214
2271,1.4157172781265757
2272,0.8707510654169047
2273,0.24341897363883483
2274,0.12300528681442266
2275,0.42655090556271874
2276,0.10593517074326328
2277,0.7570497150204668
2278,0.08656295430785649
2279,0.37893311150328934
2280,0.8254899018248834
2281,0.32427376105785055
2282,0.5389956374859377
2283,1.102247978305697
2284,0.6945350320259461
2285,0.479287010514673
2286,0.773938721347566
2287,1.7586727670669255
2288,1.4256737609834889
2289,1.8560775159025278
2290,1.667244173152089
2291,1.2160434650573453
2292,1.6280917041719078
2293,2.042700176750218
2294,1.0101069480464715
2295,0.5838410892846748
2296,1.4609199585300516
2297,0.7771094421680701
2298,0.3417157009079361
2299,1.45000086124759
2300,0.9168025307949724
2301,0.6946216099480577
2302,1.6116245894162002
2303,0.6516785871970784
2304,0.5200460125934708
2305,0.4781971840939294
2306,0.5188000154755029
2307,0.5052718804739339
2308,0.36331294795633634
2309,0.25100832301133125
2310,0.2588064037269432
2311,0.6453688066616854
2312,0.24726769257875267
2313,0.5048018851964683
2314,0.615886942347878
2315,1.09212281890271
2316,0.8881056835418025
2317,0.09998415597837906
2318,1.0949649034044682
2319,1.4724779636542793
2320,1.2814271395378383
2321,0.6142277177643102
2322,0.22016946138677163
2323,0.7907724125802629
2324,0.6429730335522027
2325,0.16089220944794397
2326,0.3187880433385209
2327,0.8043141031830433
2328,0.3599692430185581
2329,0.22849175446411732
2330,0.487108314532601
2331,0.7970599101313216
2332,0.3947778683245599
2333,0.34498524229883915
2334,0.5668525423240235
2335,0.5489324668367191
2336,1.1259135919512513
2337,0.4554908190092922
2338,1.272841189651955
2339,1.166084063755505
2340,0.24278940790618134
2341,1.1095060570169215
2342,2.023409119106938
2343,0.9705070966422336
2344,0.5122947630245682
2345,1.4338305904302286
2346,1.2898355658580685
2347,1.0846402494676466
2348,1.7782225606737951
2349,1.7034069903912552
2350,1.5947944535731842
2351,2.158241325060268
2352,0.43817477184952724
2353,0.4522649522263818
2354,0.4641250060707001
2355,0.7361322378238804
2356,0.8194274127400394
2357,0.8261207622342183
2358,0.8256958612672324
2359,0.5580042309005463
2360,0.33918130191283796
2361,1.1071780008365206
2362,1.4540998084403434
2363,1.5743668201123833
2364,1.814344874117678
2365,1.43431621378921
2366,0.8793631262992953
2367,0.7528809263834496
2368,1.1061374567370017
2369,0.45352263993575537
2370,0.3738725286673415
2371,0.398777429850321
2372,0.434415257724072
2373,0.27906032388576174
2374,0.6475514670969272
2375,0.4995588496294428
2376,0.0995677154478334
2377,0.6923302994981145
2378,0.6467769979596624
2379,0.3319316283668487
2380,0.08508271994099832
2381,0.05728005581184143
2382,1.0577107750443135
2383,1.2491877038442394
2384,1.2284302438078623
2385,1.1591268301303959
2386,0.532314018270779
2387,1.302307089912971
2388,1.3564045076957463
2389,0.7341538218765323
2390,1.3080492388381149
2391,2.314274426174002
2392,1.6619484705538452
2393,1.443073075707914
2394,1.968682144524667
2395,2.149649640501945
2396,2.033095679879241
2397,2.4736258348496527
2398,2.618992164754414
2399,2.549610386019835
2400,2.935092587195127
2401,0.33139144008386023
2402,0.287666445685962
2403,0.44241600926633784
2404,0.26521040079638075
2405,0.9339235083463201
2406,0.19223420283756054
2407,1.2940468307783048
2408,1.062496848496814
2409,1.065011554586949
2410,1.683629208536164
2411,2.425629643479443
2412,2.547000366125666
2413,1.8929422104084535
2414,0.8888082410590907
2415,0.6852680519402725
2416,0.32265995873420733
2417,0.4263577655808392
2418,0.6542070377635701
2419,0.8369973684415161
2420,0.9087345598177078
2421,0.20590197834501342
2422,0.3393345727152661
2423,1.0484706964485226
2424,0.4418008853407562
2425,0.6423962088749852
2426,0.7717830746823963
2427,0.3797081924125321
2428,0.3131347049514695
2429,0.5280026085917695
2430,0.7536129599471962
2431,1.4265355905337347
2432,1.2353539277264773
2433,0.8594609993206445
2434,1.5569551760027232
2435,1.5033977037884343
2436,1.9164187777179051
2437,2.0542508522034355
2438,1.7084692324627797
2439,2.022535526463175
2440,2.7812398451730456
2441,2.5457576703310765
2442,2.408508322072842
2443,2.7556859009516574
2444,3.078287256581003
2445,2.99797770465802
2446,3.312514205750314
2447,3.5655435216495626
2448,3.5148158510751797
2449,3.8036327929677474
2450,0.7494588935329398
2451,0.4883881008775303
2452,0.531079149750538
2453,0.9435378120692538
2454,1.399267889674517
2455,1.0595229223922031
2456,1.6613516603162972
2457,1.9639462418703197
2458,1.9652421209519655
2459,2.517961599621078
2460,3.152259467225259
2461,2.9552618667197526
2462,1.8621147182735114
2463,0.8211163654993566
2464,0.17209994819134541
2465,0.6010141742846586
2466,0.039005188953566056
2467,1.1155032322615803
2468,0.3397531118953808
2469,0.8504895912780521
2470,0.1595873571037796
2471,0.5070567342440678
2472,0.9716854738413738
2473,0.5871808511534011
2474,0.19046011414365538
2475,0.6414512394709672
2476,0.5652044663437013
2477,1.1485460121529052
2478,0.08802813920520726
2479,1.0812965859164618
2480,2.026790755536768
2481,0.9206830008782374
2482,0.24555233939842988
2483,1.3212861372779774
2484,2.4298478354915365
2485,2.747743839152855
2486,2.9154917514535716
2487,2.6830211575911007
2488,2.89309092624092
2489,3.466152027687257
2490,3.4782628121155037
2491,3.3790240018225184
2492,3.634577875260805
2493,4.028430503794227
2494,3.967319152601325
2495,4.2099705721359735
2496,4.523664142102146
2497,4.483706206585856
2498,4.713445381099226
