Grid_Number,Ban_num_Utilities
0,2.8523594549996574
1,1.7608889002780328
2,0.7337351813175984
3,0.6699755607986729
4,1.682922911608243
5,2.772806184959131
6,3.8752472296438856
7,4.981916336206476
8,6.090509174908517
9,7.200137219311192
10,8.310385808297896
11,8.241230229491027
12,6.980935208902983
13,6.539678777442585
14,6.266913291166614
15,6.184971095446183
16,6.301300998178496
17,6.605435841291779
18,7.046026844197152
19,6.649364082788538
20,6.137161768185753
21,5.795543816208559
22,5.655507349090392
23,5.731846152763326
24,6.016329358968798
25,6.481607770109343
26,6.813394431557632
27,6.685104121894026
28,6.7403080046006885
29,6.974650407650485
30,7.0956117111129595
31,6.426561111063233
32,5.892922163718389
33,5.534007345055008
34,5.384868124352567
35,5.462713052346848
36,5.758343930502926
37,6.240887557527871
38,6.871076476325816
39,7.612330006994965
40,8.435419733560389
41,8.078550527602061
42,7.48580033582651
43,6.810632565315268
44,6.205004676635542
45,5.752591752956742
46,5.491393489551086
47,5.448977406794994
48,4.629150858673738
49,3.601322569364642
50,2.6425126523848985
51,1.8625477928249743
52,1.5582547083978002
53,1.9647120616200269
54,2.786555495060214
55,3.690334485854988
56,3.0542699180123893
57,2.74069754584532
58,2.8578214665495048
59,2.895690058183646
60,1.8302421725283036
61,0.8873636462383951
62,0.8354067301356367
63,1.7553509342501805
64,2.817351900901931
65,3.9072431327195805
66,5.006844155391575
67,6.110915662001993
68,7.217406348082934
69,7.65398543256779
70,7.403149405470035
71,6.041212757502255
72,5.525457271366139
73,5.199804452870939
74,5.100795668581385
75,5.24129071615568
76,5.603302785323976
77,6.076958207648107
78,5.755998566408649
79,5.155838682863886
80,4.744121359037557
81,4.5720415935532195
82,4.666187213928399
83,5.011576978957892
84,5.561597471496487
85,5.754442871138531
86,5.602001312329814
87,5.667811425540458
88,5.944629148535914
89,6.3132475081146495
90,5.550720463725164
91,4.9230847241532345
92,4.48730327736345
93,4.302078587375494
94,4.39917396882021
95,4.761349074685545
96,5.334887101068347
97,6.060070768427824
98,6.8891768029738865
99,7.789089696106068
100,7.225531480233393
101,6.556146904746144
102,5.981461546610464
103,5.281636089488188
104,4.741976306049924
105,4.421522447036132
106,4.368780627280282
107,4.385433592606515
108,3.28216451283622
109,2.187702521193025
110,1.127981866388091
111,0.48115091013068834
112,1.2897796879671959
113,2.3597498652228044
114,2.980494166564163
115,2.143253487946743
116,1.666309646363599
117,1.8527013922452897
118,1.8655966197417004
119,2.048525689400323
120,1.841304387714511
121,1.8168076069759902
122,2.3841225207572014
123,3.24656014696529
124,4.227189097072762
125,5.260319839859961
126,6.320258242627899
127,6.964112024276409
128,6.599689271503579
129,6.409820761012781
130,5.158576604722512
131,4.543757292155385
132,4.141667549198661
133,4.016709083441382
134,4.193728132433165
135,4.612785577712671
136,5.15398994964944
137,4.939588366390589
138,4.225048384597537
139,3.71152213662377
140,3.4889284006346877
141,3.6114689939845412
142,4.047920120249063
143,4.711843418554109
144,4.706834230203862
145,4.519240303241984
146,4.600612925993465
147,4.93767228557474
148,5.483469506908186
149,4.761154034035711
150,4.0118799221738675
151,3.46332721764271
152,3.2197752181454287
153,3.348452123996738
154,3.8118463938634157
155,4.507890456357309
156,5.346479396296224
157,6.270683346806668
158,7.2478244645695264
159,6.4420427665758035
160,5.681118377127933
161,5.052045028736362
162,4.431155113294843
163,3.7717543076857485
164,3.3600576783589675
165,3.290396141977003
166,3.5827765860099055
167,3.3046279626312653
168,2.221260536565361
169,1.1917605069599866
170,0.6159952721776082
171,1.3459084588077737
172,2.3908892317261703
173,2.547924824474436
174,1.4839841252872774
175,0.6207730607009538
176,1.0204762797509586
177,0.8008300757372848
178,1.1650951756139551
179,2.1322352254518306
180,2.873590728738006
181,3.2619900976905236
182,3.9365590683459173
183,4.777580703632909
184,5.71199786772353
185,6.246795865418833
186,5.98524274425523
187,5.557038180757153
188,5.330204287707888
189,4.367772821676343
190,3.621126253506839
191,3.1016984756282295
192,2.932809862812214
193,3.1709740012997796
194,3.641830387927838
195,4.306862934366757
196,4.2447713621911305
197,3.386715011255828
198,2.7192748009127965
199,2.4066438339561684
200,2.581138483186372
201,3.1631439139688626
202,3.977630600847321
203,3.6802677670113813
204,3.4371441317668108
205,3.5435026219207133
206,3.971362988189641
207,4.632483053368977
208,4.107914061285981
209,3.209639164515865
210,2.490275375920088
211,2.1386962335662627
212,2.327967774919657
213,2.9559615343735066
214,3.811672267439159
215,4.774185229551725
216,5.790484089246059
217,6.505354609323042
218,5.756544809810061
219,4.890126585227108
220,4.142671844403779
221,3.589287411167196
222,2.8829994277373383
223,2.3185734896232675
224,2.216470752845647
225,2.631076664531715
226,3.3771657460143607
227,2.7252048121178825
228,1.9781138302624903
229,1.6946945645429874
230,2.074586053370318
231,2.8650806625147887
232,2.5385615856315753
233,1.4678504172455193
234,0.5811515358271975
235,0.9968709568458745
236,0.3956598246516672
237,0.9341753814432117
238,2.015361736754899
239,3.118259860384932
240,4.2259044622460005
241,4.695109066374849
242,4.636115218462639
243,4.839002107904928
244,5.2736306648739175
245,5.049739340492059
246,4.534072960021417
247,4.2530729817248485
248,3.7277113753096596
249,2.8162303013811982
250,2.106973278485838
251,1.8494274668448742
252,2.1876750183893443
253,2.756705334570923
254,3.58967810152068
255,3.73994272279995
256,2.727468914430428
257,1.8340839936107733
258,1.327216568284602
259,1.6223457861116928
260,2.444457033243702
261,3.3892303934825034
262,2.6988626992071487
263,2.3566288016472843
264,2.509263035006589
265,3.084147350478305
266,3.8987678836512116
267,3.6646429938830156
268,2.618505753185026
269,1.6602405868746255
270,1.062585315701264
271,1.4052183531316647
272,2.3006633840717345
273,3.3293133997319972
274,4.398689093406856
275,5.48502197691799
276,5.715467895503783
277,4.963927370124943
278,4.23057422384957
279,3.3386215958141925
280,2.6206663842231834
281,2.1778440542840545
282,1.344338883460303
283,1.1594617974904164
284,1.8314798943887338
285,2.7994906437982663
286,3.502038121915728
287,2.9580849794300157
288,2.7765310496384545
289,3.0233830024630715
290,3.6118453836587814
291,2.956428168518231
292,2.109659546840901
293,1.6228744812038782
294,1.8137370399549602
295,1.423412943669935
296,1.6559493126306757
297,2.4353837779825436
298,3.4048322232356307
299,4.025892988047972
300,3.6310901817418237
301,3.5545294417571585
302,3.8154167903839262
303,4.260589183585691
304,4.01214890313153
305,3.5478629185597685
306,3.180952423588702
307,3.1815794028170683
308,2.2586552719401864
309,1.2687864215115139
310,0.7687500633178689
311,1.2139374999598158
312,2.0705743106819923
313,3.0620346505639287
314,3.508104358920136
315,2.3997454434595724
316,1.297544810374948
317,0.2851827793756139
318,0.975652725906936
319,2.0725176975558948
320,2.752384776368202
321,1.8365063509058488
322,1.2816986801075796
323,1.5445419211529583
324,2.3667129728265235
325,3.3600466001575033
326,3.090807769397303
327,2.399905613648654
328,1.2881837978012967
329,0.17930527511740527
330,0.9368807868263238
331,2.0484636140376495
332,3.160304271683444
333,4.27220146335307
334,5.38412016392682
335,5.035874055704593
336,4.1634510918412415
337,3.432416737946462
338,2.7344380465845557
339,1.7885184987534843
340,1.18038456677921
341,0.7644472695161253
342,0.34861721353507513
343,1.459983094957744
344,2.5718533503756236
345,3.6837713034878887
346,3.991527321525839
347,3.8588670844252833
348,4.0400844090300865
349,4.48812823028147
350,3.657928195333813
351,3.01503640922678
352,2.696907972416919
353,2.8158556195916136
354,2.5000003883151627
355,2.63929918986814
356,3.1866378366842105
357,3.8983713272086304
358,3.1147542619734114
359,2.584366738666654
360,2.4756960611384153
361,2.8376139191424152
362,3.2653127489355454
363,2.933816860416883
364,2.6399269687842417
365,2.1214531247044937
366,2.1224454238587986
367,2.150271361759465
368,1.0639460509928125
369,0.3363893723610079
370,0.6131140116456628
371,1.7215930457327326
372,2.5476188091934704
373,3.2779349021445667
374,2.5355301443032596
375,1.5341873299435127
376,0.8668395131946508
377,1.2735592045522848
378,2.2283082553703957
379,2.3901191505141206
380,1.3457555372716443
381,0.28480937837120746
382,0.9077649142644943
383,2.009930406452261
384,2.861137409098714
385,2.146151572675134
386,1.7467134573259147
387,1.7060268231903188
388,1.1327886240555427
389,1.45902533528398
390,2.3339156171716584
391,3.35237700803794
392,4.416170673426238
393,5.499050604104688
394,4.516636062997944
395,3.517740699635799
396,2.611869103617647
397,1.9344464529283194
398,1.369562884523461
399,0.26507641097950535
400,0.22305676385440193
401,1.115477254517651
402,1.8039569059730063
403,2.6799527812070902
404,3.07687891864657
405,3.7716154432129474
406,4.632045382324433
407,4.371852308435115
408,4.163459904126526
409,4.246005903346104
410,4.009230384524337
411,3.7757794149083326
412,3.8615999479571346
413,3.5816531505385054
414,3.680201067878264
415,4.090523510769709
416,3.3233231709471855
417,2.3556390157629052
418,1.5894828563737362
419,1.4059653740110862
420,1.9748123503818777
421,2.350461843272992
422,1.8627634060857927
423,1.924439385904881
424,1.111280753810977
425,1.1132318720789156
426,1.9278194447835817
427,1.7145104476039328
428,0.925701163850835
429,1.062406254789742
430,1.0167316732926275
431,1.8470630382829227
432,2.194062596253403
433,2.43138756781718
434,2.318229665043054
435,1.9420989650528875
436,2.1545696244227526
437,2.6274320998475433
438,1.622684889783139
439,0.9141528265944711
440,0.9320911636678821
441,1.269520839270722
442,2.197142396603354
443,2.2038419848261834
444,1.3138718721769445
445,0.6726499081316107
446,1.1706690194149305
447,2.182048656802238
448,2.3932543907557715
449,3.0076450580141274
450,3.851889569406121
451,4.806354123301661
452,5.048269847320892
453,4.2023465589719216
454,3.124275732193843
455,2.0514788082361086
456,1.0624942747286337
457,0.7225546348500675
458,0.3520842640871001
459,0.5596582708652488
460,1.443719660928177
461,1.6819373020258352
462,1.625199289392955
463,2.2195708291731355
464,3.1120056064160315
465,3.9416424036624895
466,3.3593613146976464
467,3.083331671660236
468,3.1939665155848704
469,3.6563331574585165
470,4.856265469027773
471,4.923248511092798
472,4.664849027160003
473,4.7408972964561436
474,4.14890852417417
475,3.040593456789948
476,1.9364497250404538
477,0.8528357675259559
478,0.42152401563823866
479,1.4494476485109244
480,1.6552434213209213
481,0.8277422535052998
482,1.050402791210313
483,0.5671005081868172
484,0.570946032937532
485,1.1884905973686428
486,2.0620469594015325
487,1.7230442925845009
488,0.6333122558511182
489,0.5533078112994748
490,1.615170410954891
491,1.1107611668522768
492,1.5269798952413807
493,2.429487013440574
494,3.0236306253208216
495,3.1642613504538613
496,2.4846325710115678
497,1.3795415885536595
498,0.3251665997747252
499,0.8838517874122506
500,1.9297898298842349
501,1.9531240410407589
502,1.1814581229078263
503,1.0856836514118886
504,0.2964815749673409
505,0.9990874959104562
506,2.086818355759894
507,3.191286294877465
508,3.872015396827317
509,4.558880129672851
510,5.210885696804631
511,4.4946013637838815
512,3.5180027445566933
513,2.650303279117075
514,1.9853462986651003
515,0.9284069846115856
516,0.5051153049274498
517,0.4698900288926307
518,1.176966152649116
519,1.814818159274002
520,0.7957082682875922
521,0.6675332822998833
522,1.652547141687797
523,2.736619404628381
524,3.1706176472811607
525,2.408693404277459
526,2.005904740549856
527,2.1721800114865712
528,2.8081916669334883
529,3.677822336105705
530,4.651846525356583
531,5.748715803969123
532,5.311201994683896
533,4.215180797971826
534,3.130414352800005
535,2.074632789245766
536,1.1320648080312625
537,0.8555130497676744
538,1.6294467639151173
539,1.5191270762935158
540,0.5030810751377851
541,0.8193267982327049
542,1.3268525085586182
543,0.4152277657752669
544,0.7342438860323887
545,1.838117627569922
546,2.1430503801703527
547,1.422955834725153
548,1.3891738522105486
549,1.1744924538341348
550,0.06705451978836231
551,1.0499630638363007
552,2.16176106554399
553,3.273661820632695
554,3.0641729787122856
555,2.394060742472018
556,1.5798221194554973
557,0.6594267576770217
558,0.9201693890904142
559,1.9316941002024055
560,1.64386566809232
561,0.5324365975455629
562,0.580986633547273
563,1.374324591970874
564,1.6792145176259075
565,1.8982521928184715
566,2.5493738003856086
567,3.1783521256587095
568,3.6784398467268637
569,4.40826262082754
570,4.155065783988946
571,3.07239196199401
572,2.0217505770538353
573,1.0991909535443398
574,0.6541417598496119
575,0.4593815191499611
576,0.6625295981171221
577,1.4273359880966594
578,1.8555611582566793
579,0.884696458812482
580,0.7714471927289606
581,1.6971847432829446
582,2.76380239330245
583,2.6293465197949266
584,1.6317411053375657
585,0.94050905050304
586,1.2567409593255197
587,2.1787842318949013
588,3.222990217949692
589,4.301289746853073
590,6.832934224774934
591,5.507209763636812
592,4.547054275095992
593,3.5647346675395255
594,2.685484349158168
595,2.0467489830252807
596,1.9077208600268876
597,2.358490752658061
598,1.5921353135305376
599,0.6929858533448284
600,0.9478535037521688
601,1.9383778581172384
602,1.2849466554780895
603,1.4204680235342713
604,2.203913159862762
605,2.9270946384416314
606,2.4494619266847466
607,2.429960218994646
608,1.5814579656578864
609,1.0611448980362135
610,1.4912779793263566
611,2.40720872550101
612,2.377806981031948
613,2.1135013573315513
614,1.626221940087368
615,0.9179145954674823
616,0.6785398146462935
617,1.546274681967804
618,2.4674066301436284
619,1.9846186022457337
620,1.2328243177507947
621,1.2545369335613759
622,1.4615175119941668
623,0.7561838472593074
624,0.997497894075494
625,1.942193287859753
626,2.1745037557229017
627,2.8561653779001346
628,3.7496342507228047
629,3.683448664444896
630,2.7926252043853346
631,1.8701258492631112
632,0.7862187650261091
633,0.28352178770513
634,1.0395533881390442
635,1.7329261042669342
636,2.021978366923432
637,2.2609996415452094
638,1.8103926689379664
639,1.7578006128606518
640,2.318418999548554
641,3.1832581743282518
642,2.473557238276689
643,1.3666139925985181
644,0.29940698085253364
645,0.885729991183336
646,1.9880274233676885
647,3.0972327643435578
648,4.207886749743359
649,5.4080656261077
650,4.629132869455074
651,4.010415254666064
652,3.6346735742914653
653,3.5792646665835814
654,3.0741113922406496
655,2.983315503909891
656,2.6391091412636243
657,1.5612088599789564
658,0.6186367971013016
659,0.894936984515221
660,1.921451342879758
661,2.3413384823913184
662,2.027737511789507
663,1.871871433215947
664,2.317099087442185
665,3.1155827660847257
666,3.1339251539473185
667,2.444075648141145
668,2.144384976193063
669,2.3866567259248868
670,1.7609732825866815
671,1.295023634339282
672,1.2136262824878106
673,0.6528949765403992
674,0.3247264602321549
675,0.5737134793678975
676,1.503230361180849
677,1.9708777854501158
678,1.385941501166863
679,1.5589004938074476
680,1.396598085926255
681,0.43018039112728323
682,0.5581392331565034
683,0.8571568773509134
684,0.8638603083906695
685,1.3048863393540489
686,2.26540601489403
687,3.321786084844628
688,3.163989143972962
689,2.199084963414447
690,1.240934449852992
691,0.5775638691490361
692,1.0212414382304493
693,1.7150291477074442
694,1.4765063670828826
695,0.9415933022283702
696,1.382190629976421
697,2.3253314286068525
698,2.8159895861456192
699,3.1960606792572874
700,3.793634188434218
701,2.7690942808308905
702,1.8485043215593844
703,1.2802014012401137
704,1.5276535401948204
705,2.34550577919183
706,3.3379532189342696
707,4.388089371649604
708,4.764489264279791
709,3.857759961128505
710,3.088224101951595
711,2.5816286541641307
712,2.503067544048094
713,2.8876893825463914
714,3.589570312448784
715,3.036481612541381
716,2.1662427693498003
717,1.6241481397020276
718,1.7481329798138314
719,2.438635467224917
720,2.086858036824707
721,1.128897564848345
722,0.8165202314471057
723,1.5911829546554666
724,2.621046247663503
725,3.69875195166924
726,3.4346647505922334
727,3.0297854521509984
728,2.3175597817245857
729,1.2142261468010112
730,0.22465366834297215
731,0.37210058338294594
732,0.4516332780148523
733,0.7302828094345217
734,1.3208231648303532
735,2.116102423652547
736,1.4627211043086414
737,0.4196397916792788
738,0.8279519439093633
739,0.6109117981214862
740,0.7631816470456715
741,0.3189214693839056
742,0.08398340352238293
743,0.26116377994052975
744,1.0122784025644769
745,2.110466998054939
746,2.4723689348051185
747,2.3237035828527643
748,1.6913553616090806
749,0.9611783050717687
750,0.22819806672702106
751,1.0147750393964041
752,2.063343989897736
753,1.131008016631041
754,0.10140265937397148
755,1.0111381324955324
756,2.123059228787785
757,3.2349996904467098
758,3.320447931357988
759,3.718789285834422
760,3.400243563922373
761,2.7038088502257893
762,2.3520991761140166
763,2.4953999681705237
764,3.0650503583412205
765,3.877487411758007
766,4.811251998042532
767,4.216156468221253
768,3.2426471344891015
769,2.311852594739369
770,1.5724202264578302
771,1.4398647924085246
772,2.0363639594469527
773,2.9484246697726415
774,3.718654759939441
775,3.049688303272369
776,2.6917775666867123
777,2.768320138247013
778,3.0696805737133115
779,1.9671118267587175
780,0.8882462460118368
781,0.4257889011860051
782,1.4305500073159652
783,2.526759347213164
784,3.6325493271620486
785,2.8807223694794657
786,2.084183738251082
787,1.6917282949657482
788,1.482572061172185
789,0.8798381743823402
790,0.8066539838139125
791,0.820776111660976
792,0.4247747124858218
793,1.0502781079658263
794,1.297058569086462
795,1.6564324158997699
796,0.8833394925973932
797,1.1356369571932554
798,0.5996008236395303
799,0.9980349967677906
800,1.1505688427528953
801,0.273341579202721
802,0.2769007373747572
803,1.3223831078534147
804,1.0574425665397142
805,1.4318001923543369
806,1.77067491511753
807,0.7723119991272744
808,0.7283572819126034
809,0.3318653765849526
810,0.900160071032002
811,1.9703101220170824
812,1.632950593271856
813,1.098059451891105
814,1.4892292629834327
815,2.3880400653221905
816,2.1998950466453513
817,2.2739687559275485
818,2.8240382145068166
819,3.6403725109439398
820,3.6808254527789552
821,3.430744708317529
822,3.530496367078228
823,3.9536896750677886
824,4.61213416977465
825,5.420771463338835
826,3.8840896800025715
827,2.797327861064433
828,1.7426405293980716
829,0.7962088793412918
830,0.48448532555932555
831,1.5193307152268523
832,2.5864216914565765
833,2.969524522700322
834,2.8638250280932507
835,2.7317946771481916
836,2.46388632633457
837,2.674253488212327
838,2.3950064433695637
839,1.6295503865633811
840,1.4309700776929182
841,1.9780744592894008
842,2.8724108466704434
843,3.4987020797003567
844,2.4111020743594773
845,1.3633680788214797
846,0.6139985004936988
847,1.169648722376226
848,0.8622688073002318
849,0.47080211747118345
850,0.8030561688027208
851,0.6678839059553405
852,0.3050957672546918
853,0.8200004006541849
854,1.460291925499305
855,1.2032130327299468
856,0.6145586217954407
857,0.34573318009758447
858,0.8917755030219155
859,1.4453767935040218
860,0.7443788472627167
861,0.27375517408323163
862,0.7978068553379171
863,0.14542376723778458
864,0.5742299705041826
865,1.300470668122528
866,0.8240595110230541
867,0.7830129258137252
868,0.12566961960710016
869,0.9701080291161247
870,1.5729424309743738
871,1.8857609215888034
872,1.5314865140634306
873,1.8790281886965154
874,1.8631450407126178
875,1.1532501006709133
876,1.2890013441860644
877,2.113273634572686
878,3.1214081377638223
879,4.182500972990648
880,4.511300452857014
881,4.587578459206714
882,4.920648574427115
883,5.463748767728007
884,6.161589140058828
885,3.8406213130075963
886,2.7366541164516143
887,1.6434846441332007
888,0.6210234594255387
889,0.2647016020969373
890,1.3635456365758938
891,2.474127888777534
892,1.9522794260190484
893,1.7874591221752634
894,1.8156304819415083
895,1.3801130893617628
896,1.7279388113058085
897,2.5572827836440473
898,2.6217873513147882
899,2.503166556625375
900,2.8514520724668593
901,3.531087261682589
902,3.479451813798875
903,2.3830835557535286
904,1.3131838715400637
905,0.4926244663645902
906,1.1107511813477289
907,1.4450004853978142
908,0.6399272408803455
909,0.5347720517205846
910,0.4712928230630597
911,0.4325808020043856
912,0.07792005847559033
913,0.6035437474061024
914,0.5586388857792742
915,0.39841739099320783
916,0.3822155187038216
917,0.4738110216262469
918,0.4976757067877034
919,0.27346979050702597
920,0.147828972048397
921,0.6316005331174507
922,0.7815441636089135
923,0.2785694557276635
924,1.0363819835894792
925,0.7166901688741105
926,0.26647896416452
927,0.9861644217618786
928,0.18092279223259547
929,1.2227440606369422
930,0.9769776740480812
931,0.4489121857308208
932,1.1776694248155544
933,1.5188272706281472
934,0.4068907059762846
935,0.7050859220784208
936,1.8170290616040352
937,2.928976853136997
938,4.04092545637864
939,5.1528743458483115
940,5.654328921436954
941,5.927722557977747
942,6.38570400231957
943,7.830899448753502
944,3.351368701696284
945,2.8933544059621927
946,2.172359333491197
947,1.4588117458782988
948,1.2018340814306767
949,1.798204916822197
950,2.0607892777271175
951,1.0759692475345948
952,0.7358189512147203
953,1.2177526780755117
954,0.3019788934697875
955,1.0827387772624186
956,2.1740095694404924
957,3.27920330214437
958,3.028343547458271
959,2.584783885205388
960,2.5815137106108987
961,2.7486459532269882
962,2.2588277832947905
963,1.2012186958583986
964,0.5063714971017955
965,1.24207897010415
966,1.3943950837817054
967,0.5155810811869191
968,1.029646730963226
969,0.6749279285853144
970,0.6001830716363247
971,0.37509106606361886
972,0.06338553008927864
973,0.3644516242765787
974,0.32793009625001757
975,0.28843953066288136
976,0.4836759037012629
977,0.5776302316208273
978,0.13589191043258528
979,0.3729382541036584
980,0.33336465793499764
981,0.17295383411670925
982,1.0130862550691655
983,0.14353393833801892
984,0.08226844849183396
985,0.2045957249904446
986,0.7461846481104983
987,1.2127131893000729
988,0.6028340851118715
989,0.5097746297345205
990,0.4327522294387849
991,1.2604365940018898
992,1.8675077736387569
993,1.1602848675322062
994,1.2952988000331516
995,2.117120522603866
996,3.1240137565981847
997,4.184445831160892
998,5.266172632447957
999,6.358334985976122
1000,6.957513853631941
1001,6.890888438191224
1002,6.749435758336777
1003,2.5166466275754003
1004,1.8637407866373028
1005,1.7568185660579494
1006,2.2742373470897763
1007,2.2742877273699125
1008,2.6384415757360973
1009,1.9864922030960595
1010,0.9257540105234372
1011,0.4906648978953451
1012,1.4219440125434661
1013,0.4433760316488223
1014,0.8287782599965874
1015,1.9105043427421993
1016,3.014306325445694
1017,2.2081132530407355
1018,1.5447256863971692
1019,1.5393027819322977
1020,1.7929396803810558
1021,1.4611707744075728
1022,1.2334480337793872
1023,0.5786852926962076
1024,1.2732720131372635
1025,2.0373532872849998
1026,1.5723252263656224
1027,1.8073370218683609
1028,0.9774664537345675
1029,0.3093249588521392
1030,0.265786092820528
1031,0.2972044356598899
1032,0.32630998131207267
1033,0.11276493223016706
1034,0.19462501969910403
1035,0.30129982070427397
1036,0.28004752635822866
1037,0.5278174621252624
1038,0.03607012657323457
1039,0.5422576021822029
1040,0.22767390922920366
1041,0.3222323287566254
1042,0.0929258542093548
1043,0.5187301168142583
1044,0.25060831592143656
1045,0.12164664923287878
1046,0.498709187097148
1047,0.34506594748944164
1048,0.5563359074275452
1049,0.33207813468472663
1050,0.6508069097529294
1051,1.3494247402553439
1052,2.078429877762674
1053,2.281114406384901
1054,2.829794964705047
1055,3.6448399685368345
1056,4.586375420409579
1057,5.590857076008011
1058,5.727024418919755
1059,6.029397605112629
1060,5.836017460740034
1061,5.6683498417616045
1062,1.946677878627331
1063,0.9641959947561013
1064,0.7366514804919252
1065,1.6212646993500461
1066,2.6808963764470497
1067,3.400090065884876
1068,2.4491914089750852
1069,1.7056749270528002
1070,1.5142581196964933
1071,1.6512696616843854
1072,0.862611525265775
1073,1.1110212063307006
1074,2.0487801072307605
1075,2.7844282965308493
1076,1.7087045061774375
1077,0.6654157812676086
1078,0.6527869715667519
1079,0.8921453786372586
1080,0.3818309290192653
1081,1.0359920370096947
1082,0.4738311809895389
1083,1.3389076111196319
1084,1.6912953192337579
1085,2.0356644496479936
1086,2.144336596652586
1087,1.0584619334539191
1088,0.3396560459833517
1089,0.09867200308329106
1090,0.1920089510874974
1091,0.8303364696647209
1092,0.2686954790440025
1093,0.4711480716091362
1094,0.20609081242167263
1095,0.29082685685792514
1096,0.213570001872639
1097,0.10225934151557473
1098,0.17896142990103436
1099,0.21296161916930598
1100,0.3073476782127612
1101,0.28260425553378743
1102,0.09796620240968025
1103,0.1135548146557862
1104,0.08378794004395962
1105,0.27256437868626254
1106,0.5785966645052798
1107,1.208943214661764
1108,1.1273630344415522
1109,0.44214459688972846
1110,1.2621008739900925
1111,0.9955758796962123
1112,1.4953325099225552
1113,2.440026561412579
1114,3.4848676083514114
1115,4.561549867889736
1116,4.549235734503027
1117,4.666686363417595
1118,5.033213623824266
1119,4.793470794003369
1120,4.587908762816125
1121,1.8973153990781113
1122,0.860193182841379
1123,0.5940717449334787
1124,1.5616569733918484
1125,2.645276186913623
1126,3.7455389526280025
1127,3.22552542986018
1128,2.70455712177407
1129,2.588070006598444
1130,2.372088301151855
1131,1.9089514384772241
1132,2.0332856540703252
1133,2.6640697772792965
1134,2.7809548327768217
1135,1.7030386661848873
1136,0.7347339325358199
1137,0.6724127172312366
1138,0.6615010819552423
1139,0.5346003062195244
1140,0.06811992336353671
1141,0.6516885286887777
1142,1.2483444502396277
1143,0.6074954834877215
1144,1.2855349055098553
1145,2.024140921833548
1146,0.920668846611524
1147,0.1433284636317815
1148,0.3500317872232468
1149,0.1479569289786341
1150,0.4110107862348566
1151,0.7819832148583613
1152,0.2204231143132896
1153,0.3642871164085755
1154,0.20071937761543795
1155,0.11289656605315869
1156,0.5021872446345491
1157,0.1784736987396526
1158,0.2286604759220229
1159,0.3259289916443431
1160,0.22516676233738842
1161,0.12215816412863181
1162,0.5103913845314461
1163,0.07401299389280626
1164,0.17010406032483077
1165,0.504675334170193
1166,1.1434770416570768
1167,0.9187334957063952
1168,1.0884831728185413
1169,0.6501584155295417
1170,0.0873719650037128
1171,1.1191612530068462
1172,2.229410752270163
1173,3.340791079458229
1174,3.6617670789625665
1175,3.466763154957353
1176,3.6195604018846717
1177,4.081280476950806
1178,3.773477287325047
1179,3.5087082716527442
1180,2.4008879877441203
1181,1.704202131956904
1182,1.5865714536635296
1183,2.145454577178117
1184,3.0268141670790256
1185,4.024064482021378
1186,4.142774250318691
1187,3.751390047168169
1188,3.6682609167683786
1189,3.298406855063177
1190,2.982712382040406
1191,3.0637429217123553
1192,3.514161406455837
1193,3.1727119056184625
1194,2.2874963107076867
1195,1.694709472479262
1196,1.5781533441210531
1197,1.4449502728234496
1198,1.39141279006214
1199,1.1343847112828107
1200,1.5551631699268096
1201,1.1904624809527196
1202,0.4773818595289098
1203,0.8638935433438345
1204,1.4931545757404543
1205,0.9457864550721313
1206,0.43632881298795634
1207,0.3933239311352994
1208,0.35321146290429134
1209,0.23130192028225832
1210,0.3076535137922637
1211,0.22640263284562295
1212,0.16592927144853306
1213,0.2226101770291301
1214,0.1557154760108732
1215,0.1877994251406831
1216,0.28990852581534915
1217,0.227653305529735
1218,0.290900797912877
1219,0.415178698200516
1220,0.3038010181470765
1221,0.8575849434551951
1222,0.19818443280966752
1223,0.24605589064365657
1224,0.9639036907397283
1225,0.798959636488857
1226,0.41820470172153557
1227,0.24354135846520855
1228,0.446966997149323
1229,1.1701531277717998
1230,1.6168150553083502
1231,2.5163039995597587
1232,3.307275893772009
1233,2.659958481384035
1234,2.3844384317448957
1235,2.601648779872147
1236,3.2131710722854665
1237,2.800786598611918
1238,2.4324001935216675
1239,3.2067003256160063
1240,2.7244800783643037
1241,2.652455205820624
1242,3.020117173678628
1243,3.6985887942558815
1244,4.550919972667438
1245,5.12583955260814
1246,4.814999598123337
1247,4.750481346806639
1248,4.299389038804264
1249,4.062207689698608
1250,3.839990303166094
1251,3.5623590558544502
1252,3.6205166267512006
1253,3.1490581298026337
1254,2.748778329812323
1255,2.6230408627685047
1256,2.4676571122121813
1257,2.4366618476924193
1258,2.218072259082204
1259,2.3534772527503893
1260,1.2530586529510912
1261,0.27261536516158935
1262,0.0847199978317616
1263,0.7324092688087271
1264,0.10666765154761171
1265,0.33210250123149626
1266,0.4056760060384874
1267,0.44238229031955983
1268,0.29476705323012375
1269,0.37975666953449755
1270,0.040638145348108064
1271,0.20129972940636803
1272,0.0861069445088159
1273,0.1618495711802636
1274,0.2784587942315108
1275,0.1748479552032152
1276,0.15245957542581937
1277,0.1106510057930674
1278,0.3708662781978858
1279,0.6985471390818809
1280,0.08054830693372732
1281,0.3458381670773457
1282,0.14927148073012486
1283,0.7553992010929502
1284,0.23281368685320047
1285,0.9150455809926558
1286,0.9830526955176005
1287,1.523880912385357
1288,1.93671487059193
1289,2.5141054774209146
1290,3.168322926381106
1291,2.63610442575165
1292,1.7568479729767161
1293,1.3026301719109659
1294,1.6673446666264948
1295,2.5171597918722264
1296,1.8379665940844379
1297,1.3658395673655717
1298,4.141955729220478
1299,3.7746463237947085
1300,3.261502899133381
1301,3.0821598923146443
1302,3.2916379193268486
1303,3.826605928434067
1304,4.574254892386532
1305,5.447711892064086
1306,5.407211771349347
1307,4.445726749019279
1308,3.57265947624332
1309,2.8698723593489115
1310,2.486222275710581
1311,2.5689097432652632
1312,3.0806096074260996
1313,3.5305814474932617
1314,3.521044933418294
1315,3.5273126701493154
1316,3.4993183284862295
1317,3.302073278784186
1318,2.485924816893644
1319,1.4869759496853172
1320,0.7092195070788062
1321,0.10944450870690092
1322,0.4284601627603689
1323,0.33371154222778704
1324,0.17475228260567902
1325,0.2450908011414183
1326,0.25289949998600647
1327,0.1685899690984368
1328,0.10452062779718714
1329,0.16233920097544663
1330,0.12576752104532415
1331,0.1313695581053869
1332,0.12777349568786117
1333,0.15507850909865503
1334,0.11991593779515251
1335,0.10996581047709533
1336,0.07091172223910568
1337,0.4271188490976982
1338,0.32711431286898224
1339,0.04182342362563028
1340,0.7985818807146342
1341,0.41222417560825797
1342,0.22546761047972563
1343,0.15710086015655886
1344,1.1245319297313106
1345,0.8592086915647579
1346,0.5427946062132302
1347,1.524426033726591
1348,2.6126587643562993
1349,3.4117058232080084
1350,2.3031304198903007
1351,1.2008102178397346
1352,0.22878585805109414
1353,1.0656467987803722
1354,1.9866188571089132
1355,0.9776946912114786
1356,0.39733463103011923
1357,3.849798622815494
1358,2.95596846558224
1359,2.2643789356273922
1360,1.997482570642405
1361,2.3076662534341565
1362,3.0221801262942916
1363,3.926153862956499
1364,4.916162920078929
1365,5.0080223183401555
1366,3.9505694294794473
1367,2.9336960301332433
1368,2.0196554857791953
1369,1.422781244322471
1370,1.562839390689624
1371,2.3094349432109906
1372,2.4678660143076905
1373,2.4542549786455385
1374,2.6402793426741797
1375,2.8717061559203145
1376,2.3660753128727054
1377,1.9815948674827337
1378,1.025993708846194
1379,0.8058860539678514
1380,0.6827849388017776
1381,0.1461423180964949
1382,0.406713895897181
1383,0.1683664097440352
1384,0.19481745692223548
1385,0.42597067395518606
1386,0.25753462682711964
1387,0.16040776090848527
1388,0.04940182174122526
1389,0.08043298141842596
1390,0.16634612878526714
1391,0.07058649797035962
1392,0.17208649521240948
1393,0.3209705511470339
1394,0.0556439444918099
1395,0.12772665304158431
1396,0.08736060414864492
1397,0.25908619099272934
1398,0.6644139264944022
1399,0.2110340038199556
1400,0.3634113728834058
1401,0.5243446133406583
1402,0.18841101978123054
1403,0.20392579719145063
1404,0.6030294821493675
1405,0.5719863382329701
1406,1.6155711661479526
1407,2.241369684830358
1408,2.8622586809093877
1409,2.4503394464455432
1410,1.4634446565033268
1411,0.8672020811849884
1412,1.3547217292479463
1413,1.966717549148536
1414,0.9365968012381848
1415,0.5994260214329407
1416,3.4153498034716336
1417,2.362527911344778
1418,1.4040385710853032
1419,0.9132211187379539
1420,1.4729167117407256
1421,2.4449656016277186
1422,3.501298655065297
1423,4.5840146243421716
1424,4.824428848855307
1425,3.715090340535206
1426,2.6079764377001275
1427,1.5079947949013144
1428,0.46842058440263845
1429,0.7985297282663733
1430,1.8784951292320762
1431,1.4377931280879483
1432,1.4143597282527287
1433,1.556068481673581
1434,1.9227977096443634
1435,1.363229524932537
1436,1.2456403097729438
1437,0.7419101072910821
1438,0.3169727921360669
1439,0.41281216436398255
1440,0.4573630859711158
1441,0.3910159512819111
1442,0.2663690777678419
1443,0.10361658679662557
1444,0.0662620129261124
1445,0.1558641586350713
1446,0.0715126428964588
1447,0.16911988800276434
1448,0.21951699104587455
1449,0.4871377346645859
1450,0.17652359283419594
1451,0.18355019094856176
1452,0.14564853035185582
1453,0.6744374690613111
1454,0.40868010791584475
1455,0.09236302631031991
1456,0.46158773050255697
1457,0.35563343916417045
1458,0.35901679987456303
1459,0.2562008562202601
1460,0.5988696496486581
1461,0.7315695264899765
1462,0.4727709245955575
1463,0.29526701570694575
1464,1.043439648492715
1465,0.7629610416094021
1466,1.5014445820835391
1467,2.0312651607501926
1468,1.4002242910340885
1469,1.5060147021699595
1470,1.9483158896746902
1471,2.2088553207596
1472,2.4764810409974225
1473,1.7725972971013357
1474,1.619909349343099
1475,3.2958102590964744
1476,2.186165721404003
1477,1.0812669423463377
1478,0.17837651603210672
1479,1.1693419106595475
1480,2.275030806004548
1481,3.384823802534795
1482,4.495682542377091
1483,4.880821413748864
1484,3.7880309651871307
1485,2.7108673599055684
1486,1.6796688430351183
1487,0.8755771416637523
1488,1.0885061181375846
1489,1.7132706453923796
1490,0.6290187653657325
1491,0.5734938981696206
1492,0.4720485708858726
1493,1.2242218226808848
1494,0.6850193950066873
1495,0.334568029829181
1496,0.5557471064523699
1497,0.36723898271745675
1498,0.4630976346117922
1499,0.1692103489689217
1500,0.20397520335460217
1501,0.32187867363429956
1502,0.34777083950482934
1503,0.13073550989628777
1504,0.3076067774342236
1505,0.27037109405797716
1506,0.09270703497212378
1507,0.03609986021445045
1508,0.054223165216763645
1509,0.04300907156384433
1510,0.189819101681252
1511,0.26148040969338593
1512,0.5508728175379581
1513,0.42802940739485024
1514,0.14443330145135969
1515,0.04588728351391319
1516,0.12988892930913634
1517,0.38798459959073706
1518,0.30838281723851413
1519,0.9378902317608401
1520,0.5071260466571159
1521,0.13826603124774306
1522,0.4406983835584639
1523,0.6772516687967178
1524,0.39720644564455254
1525,1.3527810348424232
1526,1.5505480426876932
1527,0.48873246560761957
1528,0.7391765379026585
1529,1.6981178647669073
1530,2.411475083837887
1531,3.2774373776931056
1532,2.7839809148827217
1533,2.689305840120214
1534,3.5233793989698996
1535,2.516167096870093
1536,1.6495010275352577
1537,1.2583611288056094
1538,1.7084946974806845
1539,2.593703499309652
1540,3.606730356364819
1541,4.6650372125950605
1542,5.169351932873696
1543,4.153172989529598
1544,3.201305144251479
1545,2.3918038470707073
1546,1.9146694048098447
1547,2.0209043735830483
1548,1.9013857830290564
1549,1.0371158330185424
1550,1.0043968009303443
1551,0.22972371058397512
1552,0.8499068545963855
1553,0.5249620681292482
1554,0.07018115283255247
1555,0.0409443690405899
1556,0.5100037135746435
1557,0.08159732602301174
1558,0.25455568477477486
1559,0.14890860941628595
1560,0.18498389234257315
1561,0.11070420597170166
1562,0.23656323944415433
1563,0.22615735906892942
1564,0.5366950527072203
1565,0.06882082363035624
1566,0.24347982317413755
1567,0.4139219219819549
1568,0.2630659038843782
1569,0.2251962509527349
1570,0.509963170566952
1571,0.5003108113359038
1572,0.11014549184963919
1573,0.8338805321919062
1574,0.5985876759053465
1575,0.2650803677707987
1576,0.1625980920277713
1577,0.707893468636473
1578,0.31127785504706645
1579,0.24119815333597752
1580,0.32947354988736066
1581,0.6622320106918865
1582,0.9324785913649057
1583,1.1882452846739548
1584,1.9015493164305788
1585,1.7398298759892528
1586,0.9282471476753221
1587,0.5579174462599654
1588,0.8775555592296318
1589,1.924005712228381
1590,3.0176736967903133
1591,3.8343916376586624
1592,3.7661771536464603
1593,4.039817527211391
1594,3.199510434957462
1595,2.574193198753623
1596,2.3428479371240427
1597,2.6123293282688107
1598,3.260744518211996
1599,4.112603474398549
1600,5.066302605755964
1601,5.288681166624961
1602,4.346002593668657
1603,3.504024945350082
1604,2.8533323154857935
1605,2.5451290731624874
1606,2.409847478157407
1607,1.6981808682788986
1608,0.9505620335475615
1609,1.1816007887928655
1610,1.1996706837519726
1611,0.23058575228233572
1612,0.329439350294099
1613,0.16913636366283905
1614,0.4758958857519432
1615,0.47808379593393674
1616,0.15665913447203156
1617,0.18053082778655075
1618,0.27241401329327075
1619,0.03557506339532755
1620,0.07430563255414353
1621,0.3180246917381009
1622,0.37506993414110357
1623,0.2737246493901049
1624,0.6202785474960921
1625,0.10213845369308863
1626,0.36591800222903886
1627,0.30412079963802846
1628,0.35176885880269465
1629,0.11629119652352349
1630,0.06850072017752187
1631,0.07107500297593985
1632,0.2585498523569454
1633,0.5486634426493219
1634,0.32299147294048747
1635,0.43899300527710455
1636,0.39813219736016303
1637,0.6855384953218132
1638,0.07407089462482475
1639,0.26095663707278866
1640,0.7824496777733059
1641,1.833207585673837
1642,2.2314193911964817
1643,2.0232010532974334
1644,1.9070805199368213
1645,1.5987780273728334
1646,0.7362413313094832
1647,1.0004367790218018
1648,1.9830679598750827
1649,3.0556677914852313
1650,4.14903785281951
1651,4.8455422443584135
1652,4.75185595851729
1653,4.061604491801462
1654,3.589705997558195
1655,3.4275660976479436
1656,3.617083308736946
1657,4.109894898254461
1658,4.813734786089638
1659,5.0376376816009065
1660,4.862208171899852
1661,3.8156033883337463
1662,2.819477332173074
1663,1.952674559574705
1664,1.466044250349906
1665,1.525324602625386
1666,1.0394157703602633
1667,0.36981660307348885
1668,0.7975174986200377
1669,1.1929912846129713
1670,0.08184414490725724
1671,0.3734147239490787
1672,0.12514504733952422
1673,0.623693016300729
1674,0.4859212665631763
1675,0.10394128182798092
1676,0.22469703641888403
1677,0.14785901175442936
1678,0.1861666536393542
1679,0.17409108470871598
1680,0.1773278278408851
1681,0.4669679497826892
1682,0.35061993237766437
1683,0.19258384096118153
1684,0.22723503055831581
1685,0.11571707735733024
1686,0.09666793182426286
1687,0.2591819573001849
1688,0.2257106005754525
1689,0.1961860872081901
1690,0.15126983918658193
1691,0.0693769954776401
1692,0.5261998264479741
1693,0.07621795810038795
1694,0.34909867243621395
1695,0.23378484821666867
1696,0.4022966533138419
1697,0.6087654890950954
1698,0.025247261518215366
1699,0.4498957747813858
1700,1.2335820860272422
1701,1.4389101453802016
1702,1.0982827494901541
1703,0.8660001919491666
1704,1.6632949217296176
1705,1.7655585642374818
1706,1.8910087916606773
1707,2.550978976393403
1708,3.4513671939309574
1709,4.448509813202776
1710,5.926038622430472
1711,5.585179546970146
1712,5.011026733458689
1713,4.6367455401203905
1714,4.51234876899587
1715,4.469889318683938
1716,4.016952646547141
1717,3.8424951074075535
1718,3.9832763874518493
1719,4.654511854547496
1720,3.547156540218646
1721,2.443976427268035
1722,1.355206394908161
1723,0.4159450782170457
1724,0.5335914225157329
1725,0.0529873548198353
1726,0.6345105047326933
1727,1.347903875737387
1728,1.2627867314582324
1729,0.4241740442118226
1730,0.6721963245248467
1731,1.1034461586091735
1732,0.5881671218235521
1733,0.26094240096040217
1734,0.1868901498111907
1735,0.2683995250201933
1736,0.17705022581521385
1737,0.39296103800324844
1738,0.21857381948574342
1739,0.027796681906129946
1740,0.01879451911279847
1741,0.21067001169827712
1742,0.10068566082566735
1743,0.09450169541800832
1744,0.1224688253838476
1745,0.12914829122528737
1746,0.23421423944872363
1747,0.20337140280942229
1748,0.2563419981300137
1749,0.028060111396058823
1750,0.17784543895998073
1751,0.42888709789873436
1752,0.42598518232314353
1753,0.39414261002945483
1754,0.4237444415985205
1755,0.7487979638101364
1756,0.3754503327274791
1757,0.18254396635269168
1758,0.3549187102024134
1759,0.39202672640269526
1760,0.46717633460227476
1761,0.551677078469129
1762,0.45581359786717535
1763,1.3534013521969164
1764,2.0471550956945186
1765,2.441829319501851
1766,3.1948519721102304
1767,3.6106867412769508
1768,4.077096457621567
1769,4.762481958608535
1770,6.493258981805416
1771,6.006508190095157
1772,5.284594919541391
1773,4.37464268163821
1774,3.5806306578985563
1775,2.9961968247196333
1776,2.757958865636041
1777,2.9509898313149656
1778,3.5047406540873243
1779,3.5997513050700394
1780,2.5197015441858985
1781,1.4874288611869257
1782,0.6430187003443193
1783,0.7712359607829534
1784,0.6748608090089274
1785,0.4609090386265867
1786,1.2750078705908912
1787,1.001318653001037
1788,0.26255224151924833
1789,0.38260723310969624
1790,0.8155027671026136
1791,0.5377768051235899
1792,0.53352730446579
1793,0.10808038702637253
1794,0.25876369007953337
1795,0.0805782542893321
1796,0.09642694986006092
1797,0.3218676567364099
1798,0.449332927118125
1799,0.13503142136029758
1800,0.28343193384811094
1801,0.2311284857462741
1802,0.38988200454381344
1803,0.1224178974883577
1804,0.3574044689778197
1805,0.31002630988903906
1806,0.21843181191508332
1807,0.22384865207961857
1808,0.06609715814879419
1809,0.15056594092949133
1810,0.19794168868405781
1811,0.2617223809962151
1812,0.5589180497842451
1813,0.37369077274828644
1814,0.8544770233915497
1815,0.2808679384274999
1816,0.5693669238507569
1817,0.7522490340205095
1818,0.37310946249233407
1819,0.4467172847835711
1820,0.5707104310588956
1821,0.627402701172342
1822,0.536603030428571
1823,0.9802876498896219
1824,1.6531129126381163
1825,2.370764145952522
1826,2.594913357818877
1827,3.212396342554737
1828,4.047007217308936
1829,6.444538534410273
1830,5.47269557702996
1831,4.565257825108639
1832,3.769034798740009
1833,2.831139676434848
1834,2.0425034408180074
1835,1.6736639535788933
1836,1.975688244321815
1837,2.7346662197570675
1838,3.7001111560054225
1839,2.604517892790587
1840,1.532666525217919
1841,0.5963149403135034
1842,0.7169367466474205
1843,0.2429851184057233
1844,0.8742154036427776
1845,1.8504019512175016
1846,0.7652345260896746
1847,0.469087113138915
1848,0.9286005103137309
1849,0.333302054706916
1850,0.5971385183224153
1851,0.5194123646098503
1852,0.43174024855531346
1853,0.26737620297251674
1854,0.0060855620290942184
1855,0.08010404227370835
1856,0.12542061319930392
1857,0.17731747199550577
1858,0.29090504381577537
1859,0.3906314772753122
1860,0.35119747164109594
1861,0.30940131988880826
1862,0.21156072673330092
1863,0.4980815338020527
1864,0.2362616622792311
1865,0.10823719401456318
1866,0.12285535492442565
1867,0.11669171919546902
1868,0.32021502382102973
1869,0.384776563253813
1870,0.2671957347707266
1871,0.17579210844212012
1872,0.4387345214430188
1873,0.2889472704626592
1874,0.6533965814591612
1875,0.6629451079410135
1876,1.226834041104654
1877,1.0342087512538327
1878,1.4405538931055952
1879,1.287142465196946
1880,0.5515578852313325
1881,0.8811973009330186
1882,0.2747743622424167
1883,0.9582637259854987
1884,1.2887162096980689
1885,1.6655342216574078
1886,2.5219201665631927
1887,3.5240630979250445
1888,6.037666310763602
1889,4.987176918850005
1890,3.9703041490966826
1891,3.021184987616478
1892,2.2281527548860813
1893,1.3114050676844466
1894,0.5909402951475491
1895,1.2047821166457147
1896,2.2420195806526717
1897,3.17011083089685
1898,2.4576765211148746
1899,1.5524414353754827
1900,0.7974001758007601
1901,0.5158293250288993
1902,0.48198405835820335
1903,1.208689549353478
1904,1.8751070000806056
1905,1.0959747138235918
1906,0.8232631994919555
1907,0.462545703560613
1908,0.08825938594204659
1909,0.9567945241398121
1910,0.6763129309824342
1911,0.03421847880406877
1912,0.14581025402152029
1913,0.027873246617825614
1914,0.08999928763091741
1915,0.20169876847855883
1916,0.34747297016664397
1917,0.5098262387899931
1918,0.8229823689811523
1919,0.3063429727780648
1920,0.09029772920429419
1921,0.10473506408167868
1922,0.3852246572979171
1923,0.4025587317318782
1924,0.3181020015964828
1925,0.40051180844489664
1926,0.2856867172021589
1927,0.5395636175698628
1928,0.03067972251990359
1929,0.05895151137283576
1930,0.34024430416908674
1931,0.7086925575198625
1932,0.856532241227146
1933,0.9571475404851697
1934,1.5355437748892398
1935,1.793591735836248
1936,2.0837428014980444
1937,2.050807581815702
1938,1.2806497166936146
1939,0.5362319943895113
1940,1.1865446233750436
1941,0.6690732507078438
1942,0.5622716096276478
1943,0.21228417088960394
1944,1.0762645941817301
1945,2.178184731746282
1946,3.237031439001972
1947,5.807635729288475
1948,4.706087416142472
1949,3.6109205342416164
1950,2.530434305174686
1951,1.4967667730703995
1952,0.7418801150427712
1953,0.5005150516295228
1954,1.1631030554722006
1955,2.2199019022638167
1956,2.5752236640022415
1957,1.6194082392885008
1958,1.0421379428489284
1959,0.4047811631107071
1960,0.7499882563919344
1961,0.30585284430975057
1962,0.8919586104931401
1963,0.8660477346361541
1964,0.738306792321357
1965,0.2009510166928505
1966,0.15967659176532736
1967,0.5330087948882329
1968,0.3020383147230365
1969,0.037244090030599496
1970,0.18074539047533447
1971,0.11743829143169585
1972,0.1395809380405341
1973,0.4284593952981727
1974,0.3646278524286571
1975,0.12963960544309608
1976,1.0216648078298955
1977,0.48812231600270933
1978,0.21759751320291548
1979,0.25831358165323826
1980,0.14662283685062324
1981,0.1450515442078429
1982,0.22112475010905977
1983,0.14717053883022066
1984,0.020035656676272055
1985,0.154675875649059
1986,0.2197330912462357
1987,0.8868802998246914
1988,0.4113855237155022
1989,0.3138842855803248
1990,0.947894866010234
1991,0.9357210422059817
1992,0.23662682889239658
1993,0.47451708788202124
1994,1.0413115658098417
1995,1.2592357079438867
1996,0.9897168267845804
1997,0.9237845379171501
1998,1.2709379527614626
1999,1.932846765555709
2000,1.4798168308008173
2001,1.4346696463519029
2002,0.8794020346304027
2003,1.3735352331422765
2004,1.8660016332720675
2005,2.303868165687503
2006,5.7756152726304695
2007,4.666516080358838
2008,3.5591958668427264
2009,2.456061979744737
2010,1.367284907267368
2011,0.3605102406556253
2012,0.8211834427968949
2013,1.8992815341807903
2014,2.3913246939547714
2015,2.3565164669905494
2016,1.2447521277410951
2017,0.13604485330910177
2018,0.9784069036074381
2019,1.6216927076882728
2020,0.9268434527558795
2021,0.7397717990393756
2022,0.5792076471163639
2023,0.6961447746497808
2024,0.544089419652428
2025,0.11370605716701679
2026,0.5689981810646159
2027,0.1363283386532617
2028,0.5368500425723494
2029,0.49201806758523237
2030,0.8617374935035489
2031,0.2609402346799107
2032,0.3295245226320392
2033,0.017059693701943174
2034,0.19862392766719622
2035,0.6277858409754669
2036,0.5851645274342732
2037,0.4472587656485058
2038,0.42507486499219527
2039,0.37325603217251296
2040,0.13516468815609953
2041,0.182527104937126
2042,0.33543242919779404
2043,0.3835484672882651
2044,0.20716032161939954
2045,0.19573270404095525
2046,0.7212057839092534
2047,0.44236081958681306
2048,1.3017115552013505
2049,1.7829799510694486
2050,1.536696364385353
2051,1.2416898965402716
2052,0.6619348927064477
2053,1.1389962493380796
2054,0.8141223331379529
2055,0.3137722541691259
2056,0.2817436809803333
2057,0.9172330490594816
2058,2.018939269124302
2059,2.5052744644123788
2060,2.281529419863801
2061,1.9610302332931222
2062,1.1409373912717073
2063,0.8092206868967547
2064,1.5750556941986553
2065,5.939950289944823
2066,4.843866398075052
2067,3.7571180768689336
2068,2.6910394145045204
2069,1.6853226228371858
2070,0.9548789878436753
2071,1.2067053267271126
2072,1.953535364618811
2073,1.3297411022959773
2074,1.4747086813541708
2075,1.4873247235317684
2076,1.1235704973631675
2077,1.484696665388636
2078,2.119028003027952
2079,1.9940601981300174
2080,1.3676447795382045
2081,0.4835083396167344
2082,0.2426932931287046
2083,0.23392673803899552
2084,0.35521737064213743
2085,0.38118479551178064
2086,0.2099470115759931
2087,0.3026276531430911
2088,0.2958039637558909
2089,0.24933137270663883
2090,0.566057016818832
2091,0.12029063180212027
2092,0.3592493531492222
2093,0.11936987912231534
2094,0.5820454010549595
2095,0.24111268519504342
2096,0.1557790376284808
2097,0.13743200753749818
2098,0.0924923141872742
2099,0.022525104557185194
2100,0.03205358048216544
2101,0.1805331951807319
2102,0.3866697503962466
2103,0.06108730567429841
2104,0.0092013024671099
2105,0.2304437657590131
2106,0.22361616786513047
2107,1.0340195162680375
2108,1.4687536834577353
2109,1.8368455418492027
2110,2.1472494760082865
2111,1.7311466404479119
2112,1.9636494980705341
2113,1.42544892598632
2114,0.7081873630373271
2115,1.2016723239732354
2116,1.5531278888416677
2117,2.376329409581317
2118,2.7193314433540094
2119,2.4036737434923365
2120,1.9844366687236141
2121,0.904569704348382
2122,0.4139639454351135
2123,1.413275729098905
2124,6.198295008464198
2125,5.157399563524114
2126,4.153497534103742
2127,3.2213623726384224
2128,2.4445186781807893
2129,1.8570532946287228
2130,1.2013233087780433
2131,1.3822339746777876
2132,0.41332603277939767
2133,0.5649258534910533
2134,0.7384008852502436
2135,0.46743400077666947
2136,1.5377306539458069
2137,1.0402223478784938
2138,1.4082282873359524
2139,1.2165339783368987
2140,0.6605156110549154
2141,0.6011809972931669
2142,0.07342799909748288
2143,0.20354197910841432
2144,0.22880844215968874
2145,0.6645120684546736
2146,1.1093909117430198
2147,0.7098171531263843
2148,0.25740817495632895
2149,0.4628147297991992
2150,0.5210380131139959
2151,0.4254408143216382
2152,0.6135182103095553
2153,0.40224559813850136
2154,0.3925185990021431
2155,0.6772964811264506
2156,0.2599472636048931
2157,0.3532896384967238
2158,0.2823495060037568
2159,0.27311230432595635
2160,0.3201984469948339
2161,0.46591992272663185
2162,0.30605472242701964
2163,0.5046272604665889
2164,0.4759211198845581
2165,0.7154038496571032
2166,0.08414999260888698
2167,0.9496999938428667
2168,0.8349447910214556
2169,1.7219749888757394
2170,2.7759908596901774
2171,1.999679094089005
2172,0.9202452506358186
2173,0.4096931821062359
2174,1.4006098763665722
2175,2.4956822490556636
2176,2.732235682293552
2177,1.8371983534504528
2178,1.326026418827566
2179,1.6168663037246085
2180,1.6366131483434632
2181,1.4253231844740337
2182,1.9640397311499742
2183,5.297731343966923
2184,5.2431135938948525
2185,4.794031125816906
2186,3.682218090333063
2187,2.570522911094401
2188,1.4592149774304382
2189,0.3519815427874211
2190,0.6626692162983682
2191,0.962452505316722
2192,0.9034657109740396
2193,1.10940832146826
2194,0.9507988361351759
2195,0.9270720899347804
2196,0.1605726435372337
2197,0.929815436322345
2198,0.7488148652136272
2199,0.16647949709957238
2200,0.46760194378244246
2201,0.6911567106987773
2202,0.35069566613211434
2203,0.5484188926487227
2204,0.7185299120160126
2205,0.6443351011450139
2206,1.400749957192824
2207,1.3410315655441454
2208,0.8763061887231793
2209,0.019785703133562895
2210,0.2268659969523656
2211,0.05535989634253919
2212,0.2544380441569002
2213,0.5675628989895253
2214,0.11215773941861813
2215,0.44799990483385954
2216,0.2527466656579706
2217,0.3953933821939243
2218,0.1413062200060764
2219,0.13287795719678508
2220,0.3034685384533581
2221,0.22765323072601268
2222,0.9539931669082078
2223,0.6604233780829397
2224,0.47770619296968
2225,0.6774675801999793
2226,0.7557795255534132
2227,0.6053253904164337
2228,1.623113460158312
2229,2.7157757860393468
2230,2.114120010300313
2231,1.1478759092085908
2232,0.7991227180703414
2233,1.5596273480339913
2234,2.588269719627319
2235,2.406213532569716
2236,1.3038857213714818
2237,0.288504290563502
2238,0.9691304443428359
2239,1.6490999605050685
2240,2.2389527583282276
2241,2.8392097094235162
2242,4.228953310069574
2243,4.160375912510172
2244,4.382496019465506
2245,3.802867106804362
2246,2.6945496669442845
2247,1.5913076145693723
2248,0.5261029192885817
2249,0.29710089293922937
2250,0.9589334597606337
2251,1.9147043915502517
2252,2.0661044749559796
2253,1.5919660725845202
2254,0.5333559742043549
2255,0.6358098256263606
2256,0.8227407155512014
2257,0.2886579275462685
2258,0.21002993937556094
2259,0.46747265784628306
2260,0.6133429908988579
2261,0.6003836557869374
2262,1.2065144376631127
2263,1.0735251308317226
2264,0.47595599510449504
2265,1.3317185701633543
2266,1.170404128733211
2267,0.38126623432239115
2268,0.10017047626025334
2269,0.7099478189070269
2270,1.0421563738357682
2271,0.1565248437691629
2272,0.3015806011735842
2273,0.04919655997681449
2274,0.20436564149969366
2275,0.20490256496898243
2276,0.34105096324792655
2277,0.39726501850875073
2278,0.2506519711232657
2279,0.23060958405405477
2280,0.4223643443637313
2281,0.2246224679353303
2282,0.6111158607322835
2283,0.8944427355195448
2284,0.8660250512494445
2285,0.7987724441600048
2286,1.5433274499656686
2287,2.156352550472445
2288,3.064427405623577
2289,2.6991969978568826
2290,2.0331417866495114
2291,1.8586362983167446
2292,2.2909069225177
2293,3.084613823362207
2294,2.541455681859325
2295,1.5392283959475457
2296,0.8673600489660177
2297,0.8073939471681117
2298,0.6873815952918496
2299,1.6631188371425887
2300,2.744503126735534
2301,3.1711869184675843
2302,3.0791905994648485
2303,3.37331664320926
2304,3.968624163916282
2305,2.9996851919314533
2306,2.066326438245462
2307,1.4192113844492409
2308,1.3190159424749368
2309,1.775382797735953
2310,2.4951360876538455
2311,3.0057196941104727
2312,2.0764226295173573
2313,1.435817989102813
2314,1.5114489617383915
2315,1.2664029230269724
2316,0.628706377807411
2317,0.5238058486784524
2318,0.7123051120251958
2319,0.8731541816449626
2320,1.6352086220375908
2321,1.4297858491575144
2322,1.820491824852171
2323,0.9825424045801574
2324,0.581889018680837
2325,0.4195511441607799
2326,0.6925434782721264
2327,0.8555014914871346
2328,0.2779201033799793
2329,1.1089247239954674
2330,0.6535837635026791
2331,0.2010006396055828
2332,0.04412075176447722
2333,0.20620041896032285
2334,0.24830285445134553
2335,0.455168023726209
2336,0.12161914206030706
2337,0.07161480254279418
2338,0.4572241542568142
2339,0.23971228345427112
2340,0.5165080359050742
2341,1.2054052381368765
2342,1.7800151973203475
2343,0.7639610812700873
2344,0.6743335601474073
2345,1.6251829427636668
2346,2.701957768235635
2347,3.7083630974902646
2348,3.528058888506532
2349,3.0487686993149357
2350,2.935241695615962
2351,3.226322862028722
2352,3.830866321998548
2353,3.077744641477141
2354,2.3200465577974247
2355,1.844172368148337
2356,0.8652825526554875
2357,0.7545319103537211
2358,1.691976727640785
2359,2.762085158958305
2360,2.1408172560035914
2361,2.002074227701259
2362,2.430301661428841
2363,3.170262414530559
2364,3.61787535012296
2365,2.8914451224015973
2366,2.4707792222863283
2367,2.3967517907364138
2368,2.7252934847358388
2369,3.28799373310678
2370,3.62820627274294
2371,2.905322297258881
2372,2.4651067928276675
2373,1.7835206281981546
2374,0.6911656405849661
2375,0.4973292628358971
2376,1.3331333284319804
2377,1.7741055797850385
2378,1.4182537170131473
2379,0.8977839995492306
2380,0.420084225792593
2381,1.3877507509570737
2382,0.7993110961749887
2383,0.5704882268431404
2384,1.0250247551721743
2385,0.6655826200953594
2386,0.4792344618732398
2387,0.8093558350628977
2388,1.263415292664588
2389,0.42847226599765054
2390,0.623072253103663
2391,0.4470045902591844
2392,0.7179711857173308
2393,0.6454459245533127
2394,0.7879453095258501
2395,0.41676341303220305
2396,0.3293398490228473
2397,0.4669130427489536
2398,0.45384331442335973
2399,0.6370412972776495
2400,1.3996378608385174
2401,1.882356661680534
2402,0.8854569646980757
2403,0.7054529089803379
2404,1.445989943412588
2405,2.1380178754082193
2406,3.0861328974734823
2407,4.117058949342299
2408,4.098974782398423
2409,4.01521380217872
2410,4.232629384182309
2411,4.625298471715384
2412,3.8510269858065387
2413,3.2772387609071565
2414,2.416993715657098
2415,1.7859173908576718
2416,1.7349367475985429
2417,2.302905207585794
2418,3.173263550013065
2419,1.2099844056727382
2420,0.943073240832226
2421,1.6195954824100356
2422,2.5770145895605903
2423,3.3527663071161644
2424,3.8476628955205032
2425,3.542393443739609
2426,3.478809739603754
2427,3.7127715001519945
2428,4.212951158273325
2429,3.6413115207400457
2430,2.5937780968092294
2431,1.633732646641131
2432,1.040837271965654
2433,0.9232175230840154
2434,0.9760282737043633
2435,1.7937533256191787
2436,1.0512926707365151
2437,0.5242679788161227
2438,0.7051778893486231
2439,0.36673910757180134
2440,0.7585406647360652
2441,1.6317530880730333
2442,1.2193824332495649
2443,0.3124671917195146
2444,1.0868487998314738
2445,0.8284156021632475
2446,0.34948117769119297
2447,0.24963289920683152
2448,0.30105619441146414
2449,0.9827366978162401
2450,0.5832789984508261
2451,0.5267282534404153
2452,0.3202979722374244
2453,0.1392828286349711
2454,0.27607420693658224
2455,0.2813853174833254
2456,0.4743987086124993
2457,0.5579239360587336
2458,0.4784251169663412
2459,1.1857230353816142
2460,1.0647246981519578
2461,0.6173398005516438
2462,0.6066898520976372
2463,0.6127914415252836
2464,1.6899161121193218
2465,2.794455568123926
2466,3.903205057316592
2467,4.644805639677834
2468,4.496560799229764
2469,4.619173145023551
2470,4.992727110306937
2471,4.746860781209201
2472,3.9689060454201197
2473,3.2598772280518262
2474,2.8238707610585903
2475,2.7918729908333675
2476,3.17611802477814
2477,3.8540574471962175
2478,0.8362521698157318
2479,0.14965461633869862
2480,1.2519945008284865
2481,1.943916475957584
2482,2.4383174049458978
2483,3.253434268297922
2484,4.206796831095947
2485,4.5621154326722175
2486,4.358656842129213
2487,4.1485090692879965
2488,3.4933404790051314
2489,2.3815970791757977
2490,1.2702141296092322
2491,0.16656999974211587
2492,0.600370272198664
2493,0.6787963967575843
2494,1.166858186578717
2495,0.8630034492687503
2496,0.5986434507321818
2497,0.6690427440205033
2498,0.9679284171635268
2499,1.2551639373069179
2500,1.8487317191040475
2501,1.024507726458157
2502,0.7821559942803914
2503,1.3020568477453687
2504,1.4970355998421245
2505,1.2949587122025088
2506,0.7507642927959788
2507,0.19976659131452645
2508,0.34923890937804825
2509,0.35865265959304926
2510,0.6410848102194112
2511,0.6829026581183799
2512,0.16388575278160633
2513,0.8443673026199644
2514,0.5925853562600608
2515,0.9928906684538394
2516,0.3419267363367145
2517,0.6059800741133877
2518,0.7467996964332722
2519,0.9022661147850429
2520,0.42599546314921427
2521,0.7313779346468826
2522,1.0031464083648507
2523,1.867238666974334
2524,2.9051196344534818
2525,3.983179919328856
2526,3.6067803643069225
2527,3.413803294792238
2528,3.5738079663581805
2529,4.0451224865215805
2530,4.7356932530736735
2531,4.909036035055303
2532,4.6857755430908
2533,3.886251321379528
2534,3.8630255283237123
2535,4.149198136491519
2536,4.688452427302199
2537,1.499587146719338
2538,1.1493224616391657
2539,1.0690929635498685
2540,0.9147641435554889
2541,1.733057829622537
2542,2.764606259877601
2543,3.8412847372136154
2544,3.723306211547878
2545,3.2977102245618037
2546,3.0850564229213724
2547,2.8436573725819936
2548,2.639781846937862
2549,1.7058242068541636
2550,1.1506896044832318
2551,1.4870101623563607
2552,1.5233274527568066
2553,0.8751826620581884
2554,0.38624507213942183
2555,1.416081975162903
2556,0.6070339005176159
2557,0.9261536219115107
2558,1.944054595788979
2559,1.481527454875921
2560,0.5449053916812019
2561,0.6337360357620198
2562,1.7260310488778292
2563,2.4789936995011925
2564,2.116504287074836
2565,1.0437616717097697
2566,0.41490817860705326
2567,0.18144320774904
2568,0.9210429285728109
2569,0.15500076339611135
2570,0.4363986928235557
2571,0.3442692679532069
2572,0.904768224817653
2573,0.13065575410437397
2574,0.6910702652883431
2575,0.7376581216061585
2576,0.23269448058830658
2577,0.07455620300404478
2578,0.9347756201708229
2579,0.44945819873651305
2580,0.4676027279073374
2581,1.4176094379817934
2582,2.5046842246647136
2583,3.6069560506100964
2584,3.2582484468207786
2585,2.6055253418642597
2586,2.331137899177651
2587,2.5597866580763693
2588,3.1849134677016027
2589,4.025879045702608
2590,3.893939305798412
2591,3.6084603728715527
2592,3.6540486161464654
2593,4.019454987554311
2594,4.629560193584634
2595,5.40208282575403
2596,2.4293284300576863
2597,1.8258599826503952
2598,0.7448215144530623
2599,0.49861392012513545
2600,1.5541347866565323
2601,2.6561092540879017
2602,3.681487527183059
2603,2.8447493990380734
2604,2.259360556679286
2605,2.0321403372575633
2606,1.7661602335076025
2607,1.9464022071532965
2608,1.1356756359462052
2609,0.4720530760400887
2610,0.8027517028137849
2611,1.3900754395514672
2612,1.5879714095138835
2613,1.380153644693966
2614,1.9392929829403167
2615,1.6248585648148794
2616,1.7689955814974174
2617,1.3267641857359176
2618,0.4194746635930899
2619,0.5437069014579708
2620,0.7523039670099259
2621,1.2517347980478122
2622,1.7576319102657696
2623,2.1932406391789314
2624,1.191695970525056
2625,0.7091095849656506
2626,1.2559352069155416
2627,0.8576544394239008
2628,0.6972841715410679
2629,0.564785899789327
2630,0.31857005527312987
2631,0.163418972722985
2632,0.6660844466994942
2633,0.32079228432417234
2634,0.35997124752009646
2635,0.6512445008069738
2636,0.6120744340455547
2637,0.41676831580880347
2638,0.6525111000555469
2639,1.1738860110473686
2640,2.009875497138649
2641,2.8815523099695515
2642,3.611274120117838
2643,2.596377383232468
2644,1.7070186209802085
2645,1.248804203736666
2646,1.6364515320814912
2647,2.5038565464334503
2648,3.5119060215314546
2649,2.92765390599904
2650,2.5356754136942765
2651,2.6001931522493993
2652,3.0927691911109636
2653,3.8525706125980665
2654,4.75312966325474
2655,3.2173751690356087
2656,2.2582218312358706
2657,1.5233157928543881
2658,1.4192527876999026
2659,2.044731828620561
2660,2.969922613722245
2661,3.1836634051753854
2662,2.162197034558332
2663,1.2989771651871942
2664,1.0460687376559867
2665,0.7104533906469733
2666,1.0835159664579888
2667,1.2010409481594269
2668,0.5784200374764671
2669,0.18410737913557637
2670,1.0641494138176173
2671,0.9387584567161977
2672,1.2563288719062817
2673,1.6317086538834051
2674,1.142568921451433
2675,1.3541393676274736
2676,0.7165952423936081
2677,0.4948280164377238
2678,0.7207595583492526
2679,0.3948222237185229
2680,0.20623011362734506
2681,1.2510082766088206
2682,2.358044719315241
2683,2.024821352172788
2684,1.7839538224646254
2685,1.3731440559479937
2686,0.3509097290199781
2687,0.6475490929744098
2688,0.4353848350774527
2689,0.7694376524733199
2690,0.9687186547086761
2691,1.1787631631483924
2692,1.3049239949572735
2693,1.4129853451073802
2694,1.5070748431623633
2695,1.083107562279058
2696,0.8762092834839307
2697,0.7724634874246802
2698,0.803024586375819
2699,1.3888659745068435
2700,2.1632217209049966
2701,3.1468984802477946
2702,2.2828745243227444
2703,1.176569334242106
2704,0.1731388012624543
2705,1.0716814043698124
2706,2.1771282374236187
2707,2.9896510317807
2708,2.079379001560585
2709,1.4773229415987499
2710,1.585563438262607
2711,2.306166095725806
2712,3.255096773789266
2713,4.283196266076263
2714,3.8041412331468596
2715,3.036345155911763
2716,2.5377461479068555
2717,2.4766471968952293
2718,2.739464111988537
2719,2.4409840594144825
2720,2.484247624188219
2721,1.9001315135499366
2722,0.7891687918566704
2723,0.32853818277270536
2724,0.4925986257561456
2725,0.9549484725072555
2726,0.6272659345965025
2727,0.8693715506103696
2728,0.41465121929396237
2729,0.43321536953740586
2730,0.3451467645809726
2731,0.7883607033721634
2732,1.0887971964095462
2733,0.1427050980280321
2734,0.7936291369252879
2735,0.3381273363280353
2736,0.4401265219655411
2737,1.337060450372903
2738,1.193344158272403
2739,0.9316328913851649
2740,1.5460911047293209
2741,2.526997801531086
2742,3.0213780116656186
2743,2.803040824091316
2744,1.9030814234559446
2745,1.3635476716127697
2746,1.3914141487973393
2747,0.28397991145154483
2748,0.2910443452473096
2749,0.27248666008920663
2750,0.7801978199310913
2751,1.8795396251322776
2752,2.492130923939187
2753,1.7336029366142287
2754,0.6398950874938099
2755,0.5351772096522286
2756,0.5726913124951235
2757,0.04343528535192941
2758,0.6927010437299029
2759,1.797351675780656
2760,2.9075717873933957
2761,2.4550365937265153
2762,1.483229849760279
2763,0.9195646921704855
2764,1.401459947389002
2765,2.356998742122458
2766,2.5692783164365736
2767,1.555873465433737
2768,0.5286644302485937
2769,0.7817239021309126
2770,1.8481235831241263
2771,2.948371014275428
2772,4.055007378183533
2773,4.576635798170672
2774,3.9614697866460777
2775,3.403858450968748
2776,2.4618635391889825
2777,1.734403099541234
2778,1.3907762078600552
2779,1.4654350255589137
2780,1.0469727286682244
2781,1.0866833716595898
2782,1.1815863933967108
2783,0.719197140882484
2784,0.8514862703370327
2785,0.336999942905997
2786,0.24046818477815116
2787,0.587878046989887
2788,1.1476370255557944
2789,1.23028563714835
2790,1.419835808377001
2791,1.43506556441698
2792,0.945655245194464
2793,1.3318600914240475
2794,0.6213624410472037
2795,0.6739503632788533
2796,1.6575980939269361
2797,2.23463604551373
2798,2.0107379135600203
2799,2.3591095605490175
2800,3.092020559577019
2801,4.003579226585703
2802,3.4557269043956613
2803,2.7760701715167944
2804,2.438020709373311
2805,1.7285595352621412
2806,0.9232824527876258
2807,0.8388765458475526
2808,1.1826312825158167
2809,1.4750026372430103
2810,2.2582139349716495
2811,3.1076437740428595
2812,2.142104125483017
2813,1.4116064082797408
2814,1.3673030127966272
2815,0.4665059597946447
2816,0.44033884101764204
2817,0.9014372160317432
2818,1.9589807813791336
2819,3.0430064817761777
2820,3.031211187477283
2821,2.3153571512658937
2822,2.001593983240218
2823,2.0187127258466253
2824,2.261411865889739
2825,2.068320743711168
2826,1.104456052949434
2827,0.2771974041611618
2828,0.8354966445361327
2829,1.862587990349969
2830,2.951825831304039
2831,4.053415817888033
2832,5.283228795947114
2833,4.176288507900704
2834,3.072967170406184
2835,1.9793259200632844
2836,0.9301598268821818
2837,0.45478228152978184
2838,0.6905202024433805
2839,0.4634669441463347
2840,0.07849649213908148
2841,0.23036453126106687
2842,0.09246228259057315
2843,0.38190556027852746
2844,0.3464737339731694
2845,0.5388489611427714
2846,0.46529557504863533
2847,1.5713225964460655
2848,2.2933476129226804
2849,2.4003386437501377
2850,2.0540318321298714
2851,1.176340387395848
2852,1.0106280083829768
2853,0.49530098601400063
2854,0.36779989172023964
2855,1.4522364916048358
2856,2.2124757173514134
2857,1.9387348124262762
2858,2.2572547069317506
2859,2.984052147169217
2860,3.897024234989278
2861,4.286701018528239
2862,3.7603277344894606
2863,2.913965788170612
2864,2.1401203827856516
2865,1.7725394691402472
2866,1.8315747582306448
2867,2.251439553776924
2868,2.4592934098248267
2869,3.002331527652875
2870,3.686157576706926
2871,2.9186913357188238
2872,2.3122639814696195
2873,1.2021353645015145
2874,0.12311245927238425
2875,0.7753051925970817
2876,1.6700346147262857
2877,2.419206276429238
2878,3.374754020785997
2879,3.5497292430995016
2880,2.494173920889693
2881,1.5212138970446756
2882,0.9381589513836674
2883,1.3852996210728659
2884,1.8697128600819086
2885,0.7704219398227601
2886,0.3614276392795662
2887,0.7501880030438989
2888,1.861917949802718
2889,2.9738118982158435
2890,4.085735956033986
2891,5.303125066522162
2892,4.201429090473747
2893,3.1070467758593274
2894,2.03183052109901
2895,1.0372045119239637
2896,0.6300483703738294
2897,0.46769510804088565
2898,0.5295898911325618
2899,0.47767207663097827
2900,0.34521913313384683
2901,0.19713403064315935
2902,0.17299338433188396
2903,0.6962127990046336
2904,1.3429336598796295
2905,1.2582166339128646
2906,1.9584712648543017
2907,2.925913978067698
2908,2.9467962992552796
2909,1.8372559881604096
2910,0.7350326826605351
2911,0.42178058863584594
2912,1.210083175219827
2913,0.9824051856407027
2914,1.7142931288224017
2915,1.3667847579933605
2916,0.8554912972883749
2917,1.4382254594693458
2918,2.424454972209536
2919,3.4871669991204235
2920,4.563287276734753
2921,3.4809097482114777
2922,2.4142934158804517
2923,1.384860394943448
2924,0.6926227412700332
2925,1.2306407041409533
2926,2.24100181980626
2927,3.3170113208707654
2928,3.9084603712853947
2929,4.457025741236513
2930,3.619507602416485
2931,2.5935461899735874
2932,1.6749561824050474
2933,1.1645186905150167
2934,1.5425925136227159
2935,2.3275730789645612
2936,3.1898268876773614
2937,3.9637388677792735
2938,3.4278824184991534
2939,2.3174853463392697
2940,1.2099426134273932
2941,0.1733385904096129
2942,1.0339215385658087
2943,2.140281189643912
2944,1.4682606403475749
2945,1.1193538692706675
2946,1.2976907538893943
2947,2.141941133720907
2948,3.1566888771998127
2949,4.220701343860348
2950,5.539646799032005
2951,4.496271457606818
2952,3.4954384081082814
2953,2.587003013370767
2954,1.90786315007755
2955,1.4506263228305554
2956,0.6792675000043032
2957,0.5616390147551493
2958,0.08493626981710924
2959,0.1361893460793786
2960,0.416755485045435
2961,0.4870680362477112
2962,1.1784267373588675
2963,2.16533769808174
2964,2.3025032214140753
2965,2.7484312603007925
2966,3.5041532414333516
2967,2.971445990920932
2968,1.883414463627937
2969,0.8589942631457962
2970,0.6335255195375387
2971,1.5930161208115192
2972,2.035991417596568
2973,2.190896572955939
2974,1.0913098944986614
2975,0.23398529761107237
2976,1.1795775915101452
2977,2.280552523077347
2978,3.3887016197747606
2979,4.4743611872589995
2980,3.3634925592769687
2981,2.253690018675732
2982,1.1480494527455831
2983,0.1725651567494972
2984,1.0956789144884258
2985,2.1698243093391194
2986,3.269346283623536
2987,4.375154288729288
2988,5.067045258883142
2989,4.100084896595656
2990,3.227297310425705
2991,2.5481487281024857
2992,2.2457823116324223
2993,2.4631030595597116
2994,3.0924225799274447
2995,3.8798104667325597
2996,4.700849943865133
2997,3.6394268069538707
2998,2.620253247894422
2999,1.720142143696067
3000,1.2348737657863467
3001,1.6011869821558686
3002,2.4648627949064945
3003,2.4621861342984555
3004,2.1721859480710335
3005,2.2692065263297323
3006,2.837792623575552
3007,3.6646552278274993
3008,4.612937367058926
