Grid_Number,Del_num_Utilities
0,2.72140624168599
1,2.411612547597617
2,1.459091418333403
3,0.3615596184237333
4,0.05105346230969357
5,1.126272252958538
6,2.2376850229208913
7,3.3494539372966337
8,4.461312748125541
9,3.5691760222731963
10,2.8541995599524497
11,2.397493825434007
12,2.4129567731457695
13,2.893027197635578
14,3.0859472174844726
15,2.8049613820590085
16,2.9471017396459622
17,3.4606171640396415
18,4.211792472511784
19,5.096605016107068
20,5.895742763246462
21,5.16568920990123
22,4.591488787817229
23,4.236986612731145
24,4.15875027102187
25,4.371637458599937
26,4.837363570643876
27,5.491977836099179
28,4.721014328112523
29,4.056441136926277
30,3.096832473279234
31,2.0671012498913304
32,1.0259740498056422
33,0.5524493293762563
34,1.425005301486053
35,2.4957849054114885
36,2.2495286871124
37,1.1446424180405192
38,0.18137132587569413
39,1.1083533697156525
40,2.2128852586852426
41,2.695605231298642
42,1.6809073117652116
43,0.9259986747119837
44,1.0679034781049552
45,1.8584980375181102
46,2.870622649578138
47,3.936978049340089
48,5.023144458365665
49,1.9119012891076401
50,1.4371999835990246
51,1.7171439506593955
52,1.1458865263981233
53,1.0271007308501081
54,1.5233906715324126
55,2.4615776822579147
56,3.5029805244027914
57,3.6576946094251515
58,2.7990675281091524
59,2.1279912457481918
60,1.4595243349031775
61,1.4849034079522796
62,2.180029192992832
63,2.238248737700777
64,1.8316451993640148
65,2.042780736097835
66,2.732003735370183
67,3.6369764859379976
68,4.632948713653134
69,5.254393979163661
70,4.4197171118240455
71,3.7325600794153804
72,3.2867875322208566
73,3.185404519853212
74,3.458828380515572
75,4.031506878853012
76,4.744925039512825
77,4.053373990169813
78,3.2553246789148607
79,2.690222860649516
80,1.8340827907527617
81,0.722305176737144
82,0.3904512717821038
83,1.41174893794562
84,2.4295920210993316
85,2.5223129869232617
86,1.6160956032760319
87,1.1551318145828615
88,1.5905207745903502
89,2.4895874105868425
90,2.5551162584266254
91,1.4449400575466724
92,0.34633334778575037
93,0.484910818285919
94,1.5965032562667072
95,2.7083886602806926
96,3.8203112393221645
97,4.932245851307475
98,1.3482394244286127
99,0.4775984615611693
100,1.0541884905296202
101,2.09940985092691
102,2.0047685495107723
103,2.2988257615875463
104,3.0038250761076255
105,3.9031003771679242
106,3.2224079832379204
107,2.200055935175455
108,1.3302034977963129
109,0.6493517360384263
110,0.7046605986106603
111,1.7447916152500769
112,1.5506266205923385
113,0.8659428676976147
114,1.2522513771326331
115,2.204375716780658
116,3.2187054282286724
117,4.24833848144275
118,4.728940766494262
119,3.7800295727072495
120,2.947410492649365
121,2.357688677058943
122,2.214277631147033
123,2.592338172726749
124,3.3181728737163456
125,3.993986468621587
126,3.3202907671850594
127,2.577206015845054
128,1.8117751211355706
129,1.547879073173201
130,1.2296102842197476
131,1.068912599132762
132,1.6008393382988
133,1.4748366352362938
134,2.0640886403711516
135,1.3170865286287468
136,1.1864592677896617
137,1.8850773409756578
138,2.8587077300595034
139,1.8737553522508315
140,0.9519287553517619
141,0.8799090419048883
142,1.1078095868554678
143,1.8817095553843683
144,2.6972518058321038
145,3.084735426044064
146,3.7721187934654647
147,1.375936395270393
148,0.550948804594982
149,1.0893808073327853
150,1.9588222851114998
151,2.6465369853612577
152,3.1874961018602326
153,3.7280069001408953
154,3.8174335136864044
155,2.9989947305467712
156,1.9378902888690868
157,0.8274761690488943
158,0.2947493701452707
159,0.8349764582238229
160,1.5240072050440177
161,1.3065706108867827
162,0.22936240811709968
163,0.7956086498572656
164,1.837321919979031
165,2.931104380656346
166,4.0348303907016785
167,4.361474156894101
168,3.3088544416358783
169,2.312453442241055
170,1.489706830573759
171,1.2505495877852824
172,1.8388541034802555
173,2.7697936508316676
174,3.360443730501367
175,2.522980351925541
176,1.9776602123456009
177,1.109056076113269
178,0.5861758454180458
179,0.5282104739528882
180,1.2216335158883784
181,0.8575447279921491
182,0.5899274842564916
183,1.5599705930066237
184,0.7166206882873227
185,0.43200804627950756
186,1.5272783096489453
187,2.6365487782519987
188,1.7449086894572683
189,0.6632950675558523
190,0.5550465744377122
191,1.6275919003229375
192,1.8100990456708135
193,1.7448291242421308
194,2.298969568107158
195,3.1621125473297007
196,1.0370756615396637
197,1.3510548280369614
198,0.8153077190360114
199,1.1658781174526356
200,2.1275994037401698
201,3.188565349939903
202,3.188255379395597
203,2.846253503389804
204,2.7831777104052295
205,1.6739126154305946
206,0.5751096089813097
207,0.5765249538642506
208,0.30955256256525443
209,0.9479229291100643
210,1.6445840789039934
211,0.7082920776902079
212,0.8783853812526765
213,1.874648346923655
214,2.9546428391929633
215,3.924634988661838
216,4.055009817477753
217,3.0844094747754003
218,1.9780398633159502
219,0.8857561372686295
220,0.35965053817570514
221,1.3953477794328804
222,2.49749968620303
223,2.9216906280956576
224,1.8998387083215924
225,1.0748769389513932
226,1.0390995744309006
227,0.43970334634923525
228,0.44711935277664705
229,1.1888252285502525
230,0.8993925581674965
231,0.6492545032626619
232,1.5833566190292632
233,1.0918393905752612
234,0.9301257674173412
235,1.7352282154636867
236,2.7622024372579106
237,2.1157901131554384
238,1.3680951374720323
239,1.3189628953840782
240,1.909662525015779
241,0.970640649599637
242,0.8428154684609285
243,1.717962423662133
244,2.768630382765666
245,0.22165388172685863
246,0.8938962787131011
247,0.31510680169408295
248,0.891005514566164
249,1.9903144723858808
250,3.0986569530159014
251,2.367189260344151
252,1.881542815868398
253,1.9873811951447196
254,1.686447385827948
255,0.9963256399650193
256,0.9971118254481602
257,0.7619386503377631
258,1.1761120734273056
259,2.158423277053434
260,1.5962567300908697
261,1.6786078653623158
262,2.3580236379947523
263,3.049847145640935
264,2.9487805595207854
265,3.090207556250664
266,3.159717686285961
267,2.09352118623621
268,1.1201376651661377
269,0.774240371034655
270,1.5546865429616872
271,2.1682116243329057
272,2.349090187010705
273,1.6601814907744945
274,0.5497794054653555
275,0.2572779920262761
276,1.027766770558354
277,0.8852338041885026
278,1.713009508734351
279,1.6683101108806726
280,1.5478029655268994
281,2.116835305527082
282,1.9417572069895204
283,1.8555846956748254
284,2.3640707160570558
285,3.194890986243882
286,2.7940192402880024
287,2.280644694098106
288,2.251443796922027
289,1.791447442583559
290,0.7103930751673545
291,0.5223935717946714
292,1.585557979816306
293,2.026237367497205
294,0.9674576237080681
295,1.2983877110299082
296,1.2026514945170346
297,1.4631616025752407
298,2.303947796146714
299,2.7366138911864812
300,1.7184477025159937
301,0.9433619401709792
302,1.109955333965645
303,1.0556969032202739
304,0.41823081673082735
305,1.0008493408493724
306,0.4802240560803362
307,1.3748216674717315
308,2.45408158564709
309,2.0788023653526304
310,1.4988288171295872
311,1.6261668645878815
312,2.212830059910654
313,1.9733900746069917
314,2.135833241609637
315,2.645660707197165
316,2.5996170272372883
317,1.905166606996004
318,1.724579135849893
319,1.758875502218076
320,1.1992394062485967
321,1.5018553820223943
322,1.1118260834629674
323,1.1626825894627604
324,0.46511035641139453
325,0.9102720531407318
326,1.806492620282872
327,2.326787713167176
328,2.580394912360038
329,2.504097093370536
330,2.8905758630821867
331,2.872014725054626
332,2.8143938588389257
333,3.172699038554556
334,3.8319822247309325
335,3.6103508759519527
336,3.2293850915758266
337,3.1378970556999515
338,2.160733594282163
339,1.4014291669628796
340,1.3160927269135299
341,1.1948308781775334
342,1.1000951736781677
343,1.0588321453027025
344,0.6691381560418651
345,0.5995464204995308
346,1.6565108780829063
347,2.7383922982508944
348,2.5087135043027455
349,1.4761797930279634
350,0.3877424023288783
351,0.5753934090660225
352,1.137870241494274
353,0.5959468682526462
354,1.0325188084901
355,0.5662593712122466
356,1.4082095900524358
357,1.9455073459876329
358,1.5625584426299124
359,0.6056698999688626
360,0.8746116318435865
361,1.414820748981918
362,0.9998222955996272
363,1.2166788156408137
364,1.9794791202548723
365,2.352964402704148
366,2.644722589491155
367,2.421275055323524
368,1.3169557110688266
369,0.28113010816107864
370,0.9199314533688339
371,0.13635224253720088
372,0.5354789970641598
373,0.5096524128224702
374,1.0842836117380001
375,2.136459374038229
376,3.129702985355911
377,2.7842943265581703
378,2.348068468117414
379,2.397377400304017
380,2.9076233426060485
381,3.6924234372439892
382,3.592789780265183
383,3.535158772684242
384,3.8156806446946425
385,4.1898028372555585
386,3.633623407870271
387,2.8328904191404445
388,2.303204795639765
389,1.3137698983554582
390,0.592827696196312
391,0.4590205568200413
392,0.3189686735624725
393,0.7420037500492042
394,0.4084469550390233
395,1.5019822259165494
396,1.7956488126052705
397,2.420759695704868
398,1.3212953148451647
399,0.3231523705100828
400,0.743493955528469
401,1.8231607197919706
402,1.5636716108942406
403,1.7434570465714196
404,1.1971378914261404
405,0.5780510643019721
406,1.3069082869058488
407,1.5714208911637735
408,0.6281784137946248
409,0.8903454156105234
410,1.0066849756068372
411,0.10693697708349854
412,0.5522262902238885
413,1.6562294517584981
414,1.3784238024693776
415,1.7618591536182375
416,2.2935342769949343
417,1.5096717471007135
418,0.7897585770770966
419,0.7767041025583009
420,0.5593685465882058
421,0.48569042676247987
422,0.8657776571151518
423,1.4699363853771563
424,2.458600685298885
425,2.9867737746150835
426,2.0516883685712566
427,1.403885696603888
428,1.4850007551929496
429,2.2163983719346403
430,3.144696740251848
431,2.6468907819567784
432,2.568230177810939
433,2.9425233885194055
434,3.6323468651689237
435,4.393120029236029
436,3.282540759575439
437,2.173362930310938
438,1.0699539041480752
439,0.14481026676223532
440,0.3883185072122064
441,0.4687872080979692
442,0.7528074887024093
443,1.017879575327788
444,0.8727743175684005
445,0.9359130923084423
446,1.5627681101376658
447,1.7596979327428743
448,1.2362674709211996
449,1.0560693864374642
450,1.3398028277051637
451,2.22434777096628
452,2.048228259705851
453,0.9782571837907674
454,0.406864660484304
455,1.2407340939300266
456,1.7025305301450542
457,1.5263695811790168
458,1.4366262477160265
459,1.0123120617822239
460,0.900043855626253
461,1.0177048932411727
462,1.0877605198781006
463,0.41108155273772357
464,0.8476310322980181
465,1.663144543313466
466,2.1743625147872563
467,1.1557027720068183
468,0.21337196362056718
469,0.30469304885540865
470,0.21325667568510587
471,0.1272043562337449
472,1.12884758238751
473,2.002952247919451
474,2.6978661956048158
475,1.6022630266407971
476,0.5734753206842367
477,0.7505753926611799
478,1.8085118845182953
479,2.426031941536593
480,1.7328959030142286
481,1.6103067199928673
482,2.1578020174862838
483,3.0318300831881335
484,4.02501429220124
485,3.4771450653447062
486,2.457405926427345
487,1.5684426300949286
488,0.6986202710137068
489,0.8385598520563033
490,0.30809064650682394
491,0.16703354870747641
492,0.06096915096228216
493,0.5702635800412379
494,0.18892813014386253
495,0.6209271465262282
496,1.0198224014177544
497,1.3630735201341444
498,0.2549423996737383
499,0.8630667270042888
500,1.974242909477082
501,2.0978986140654645
502,1.078381739010571
503,0.6304744961544851
504,1.077676649107396
505,0.7592326642370728
506,1.5698228719163738
507,1.0236825918361094
508,0.09435772947415595
509,1.2011423960844119
510,1.0386271060010046
511,1.1651182717434514
512,0.5858746315092895
513,0.3977754942908361
514,1.3104895105835295
515,1.531639125297971
516,1.3688672509364732
517,0.5210959324523686
518,0.5123659064803046
519,0.2823387972435554
520,0.02928226069466431
521,0.5932500295837847
522,1.3955743550382742
523,2.4527886780071317
524,1.4978578612097677
525,0.3867276293470676
526,0.7269117473896323
527,1.8385063121909144
528,1.944564620026935
529,0.9480667859830383
530,0.6994226440985744
531,1.597628171584802
532,2.662424055137512
533,3.754657142706678
534,3.9118751945151207
535,3.0415069788664804
536,2.1723987278546657
537,1.5688774086899073
538,1.635939702681119
539,0.3083852075167381
540,1.0272975839102485
541,0.4317717720009395
542,1.0491555433476463
543,0.6610468634382178
544,0.49018587979260286
545,0.9459297796845878
546,1.6486679266341815
547,0.961795557206246
548,1.2668298150089432
549,2.1811756443056534
550,1.5954639371870638
551,0.9483121702748966
552,1.0882780156524434
553,0.8643304809099644
554,0.40268325265653726
555,1.2406803259264532
556,0.2375934790796968
557,0.8792530893063981
558,1.4711098156710454
559,0.35916344717983795
560,0.7429318050544823
561,0.5717999755541932
562,0.5468319006076864
563,0.9976054715493959
564,0.5959558997526663
565,1.3336099169231954
566,0.22952047292039102
567,0.6232757867202466
568,0.49350393364816864
569,0.38552637952919444
570,0.4354576470194843
571,1.3361590724063548
572,2.2626003230738543
573,1.7711587043220345
574,1.0212236248519917
575,1.1923315613347387
576,1.7758580290017811
577,1.8910894593703274
578,0.8329094107344962
579,0.5330283003492918
580,1.5321105021476302
581,2.6236364748081074
582,3.7272558877048683
583,4.818834669482678
584,3.649698974247206
585,2.930721425265461
586,2.516111237687844
587,2.558391226210163
588,0.37730716701487493
589,1.2422231464393467
590,0.5892154996189373
591,1.1231474563180976
592,1.637884848251308
593,1.416488331555351
594,1.6311876251634647
595,2.3428114155521027
596,1.922354739152371
597,2.091648255794187
598,1.9472259501214042
599,1.0583547619730134
600,0.15987123419993324
601,0.696534242910865
602,1.4969382496371497
603,1.2867668396161587
604,0.8413414044154421
605,0.28002250961120523
606,0.46714396732382857
607,1.0147904327597481
608,0.7954906637603352
609,0.8021334591276194
610,0.7766089355395976
611,0.6638670646171677
612,0.9532663782760227
613,0.51833559945651
614,0.4335222344567556
615,0.936589607450108
616,0.352453428236424
617,0.34874002944910715
618,0.5566195338802474
619,0.36329208129627566
620,0.9746133193228382
621,1.350768190731423
622,1.1404271581084975
623,1.2790749427334707
624,1.3305959779231051
625,0.8020404306455142
626,1.4102887568152902
627,0.790037115508129
628,0.7815963223106391
629,1.7083710332736783
630,2.642906686901319
631,2.8955692102993864
632,3.500935381888259
633,4.167528473321966
634,3.238080056124371
635,2.464729921123854
636,2.0340813598740923
637,0.6462786264665557
638,1.5342051367732168
639,1.5557800935647663
640,1.494125209154064
641,1.4951628633118634
642,1.3544192132895652
643,1.9764243296262622
644,2.607074564258018
645,2.4158696345402033
646,1.8544427928135538
647,1.3930567433093566
648,0.6599225240667355
649,0.4866732943656177
650,1.3017890641805951
651,2.110099934017056
652,2.2104702974824217
653,1.3355791290175865
654,1.0743493863974953
655,0.5823316117744891
656,0.9851866719283738
657,0.20355540362792982
658,0.3785834738294337
659,0.5717291766837236
660,0.28593281634458817
661,0.9399364406911662
662,1.3875913749648487
663,0.4098967174539736
664,0.3628972714960506
665,0.20418888813608904
666,1.2027122951475455
667,1.109883481988047
668,0.6905869009246315
669,0.5452753665788725
670,0.656659015398424
671,0.41521237950895373
672,0.6544791869382651
673,1.0769805886185688
674,0.1809113005423931
675,1.1740668425392788
676,0.6569596931709225
677,0.6006791755268508
678,1.6335477494040287
679,1.6693265895965728
680,2.046074251704667
681,2.8305790452147837
682,3.6235111523064187
683,2.742173584627051
684,1.7633866623880283
685,1.0827794763724818
686,0.7153575508329622
687,1.6070334055921514
688,1.6708138291068404
689,0.661071937161375
690,0.7451682355192649
691,0.4958773874369136
692,1.149970694929455
693,1.9903908712600367
694,1.8202355013844644
695,0.9570936630810432
696,0.8103235417030645
697,0.14633424099508444
698,1.0381851834815379
699,1.1818017452239258
700,1.251072353357974
701,1.5099153043886515
702,2.1833543956236285
703,1.3647779509915576
704,0.34233355901677986
705,0.28298189312992794
706,0.2125970442195675
707,0.17703932755481344
708,0.45466670492636974
709,1.190334781713366
710,1.5813538425123326
711,1.640343537574042
712,0.7537611868463032
713,0.6607900270427646
714,0.5412397909280875
715,0.709356862159267
716,0.35132782632806503
717,1.4544568529273365
718,0.8974475329509067
719,0.9691435930865041
720,0.824696515805505
721,0.7162789295957751
722,1.5650347412457752
723,1.1498051497101378
724,1.633288810588527
725,1.4622150774414922
726,1.4175961961056334
727,1.2487051096663664
728,0.6974178515695695
729,1.3734559334025518
730,2.1493851706075704
731,3.1205509179781874
732,2.5396902400051853
733,1.4283367941230365
734,0.32113520817847935
735,0.39718039167443764
736,0.6365124447862475
737,1.1682272819497759
738,0.7441312051609569
739,0.20163466215927311
740,0.4813967050141554
741,0.6310238723788423
742,1.422586098883707
743,1.390726201787123
744,0.5504855676504015
745,0.20942520161692238
746,0.49753281292073026
747,0.45350943130452676
748,0.5739888798076318
749,0.3179056988482537
750,0.9128950366052067
751,1.7440931716212735
752,1.5227881711457625
753,0.7572409403102853
754,0.2229174480940607
755,0.1340756589827611
756,0.05013201237498023
757,0.43916782045841235
758,1.4283943010439233
759,1.929065862597864
760,2.211641409873645
761,1.520914235576951
762,0.8346912462567231
763,0.2963790256428918
764,1.0029552343486587
765,0.9488012591439523
766,1.700636080513511
767,1.7930679644059904
768,1.2911754659094317
769,1.3131533935418944
770,1.5806422288385797
771,2.1918104844009245
772,2.123967465428499
773,2.4200232504314663
774,2.385037028133346
775,1.8920400385081502
776,0.9986715077934899
777,0.2901326641459726
778,0.6927210384732604
779,1.7678023630226016
780,2.8711061096684483
781,2.3448366503889964
782,1.3565723234259122
783,0.8094321153536451
784,0.6798762009563655
785,0.15068808299064615
786,0.9796926301406391
787,0.2733267320370333
788,0.27682544491625255
789,0.27306491070238953
790,0.33434834551805936
791,0.8481994254505055
792,1.0314738408442108
793,0.14192716935388744
794,0.27235981787217245
795,0.40997902805071407
796,0.7794271497837532
797,1.080020892175034
798,0.2957244905096619
799,0.7552839999635298
800,0.8416651097033337
801,1.7212173968079374
802,0.676667958244321
803,0.29991229467003117
804,0.43221145434064984
805,0.20413245518730025
806,0.8514490345914225
807,0.4818317643982219
808,1.3832277462435738
809,1.93782840664586
810,0.8925682649648236
811,0.3941234170794496
812,1.102812436754178
813,0.36619544416665206
814,0.7491406598672716
815,1.8604264821454324
816,1.4207910366143555
817,0.5674661937653701
818,0.6159418561148485
819,1.7057588342518257
820,2.8129529630991668
821,3.0984329284102508
822,2.7710198599780718
823,1.7594077286460703
824,0.9926441317351223
825,0.6313948782152968
826,0.4199195322498271
827,0.9395527921765157
828,1.8782927064358985
829,2.940420015122646
830,2.20693354620562
831,1.1012019062321297
832,0.16612628015671985
833,0.5957075248109392
834,0.49165049843638137
835,0.9156925312130559
836,0.5384317631974451
837,0.3175469795658017
838,0.2488813713870939
839,0.049589449590234855
840,0.36848479532332334
841,0.21427484319825812
842,0.2823824305578216
843,0.5288913463364608
844,0.3387031959223456
845,1.0830459691695415
846,1.631640886272589
847,1.2707322696814913
848,0.44359248187918315
849,0.5315065858649944
850,1.3646348462344986
851,0.5489893044925832
852,0.1666866277943476
853,0.5129937471244423
854,0.2989498269221502
855,0.40717003763775894
856,0.36278603433880047
857,0.897196504282056
858,1.1611152441034363
859,0.7230176758193442
860,0.4936461018965408
861,1.2117998708730717
862,0.5284248256226529
863,1.2501475921898988
864,2.1194046417511134
865,1.032423162551404
866,0.07953320091337521
867,0.9671810888780017
868,1.8616161940990026
869,2.910094977789133
870,3.729227560837156
871,2.6175025695399294
872,1.5061087426914392
873,0.3978312837027018
874,0.7218297984919907
875,1.0393946587384366
876,1.7842165046524738
877,2.414214468060727
878,2.545910447016663
879,1.549641296752403
880,0.8910547792986299
881,1.1383598129328376
882,0.8990528358815902
883,0.34478041880425314
884,0.3720234707804509
885,0.6845677159061638
886,0.3451494498584669
887,0.16397570148574842
888,0.09031549367864905
889,0.32727188917334815
890,0.2771292210887572
891,0.30653667807183277
892,0.4059337478246238
893,0.5855731713437127
894,0.6570779886921803
895,0.8131069460494855
896,1.7238938182619556
897,0.6352871096336026
898,0.5551863363554362
899,0.5929472890169641
900,0.43271025976934174
901,0.7792923139950004
902,0.2791530779254815
903,0.493425994056597
904,0.3512249144999211
905,0.3298570489932439
906,0.5664552277205079
907,0.7292437194347773
908,0.31939832297255416
909,1.224289604144518
910,1.3621553765746361
911,1.2277898083008092
912,0.9776571956395312
913,1.304167635814496
914,1.3222995736672518
915,0.4388824085064719
916,0.8025085142911306
917,1.8889903132200996
918,2.9942296559023784
919,2.8711371197262903
920,2.123037905051237
921,1.8011146017739157
922,1.1090061376528113
923,1.2619668309243448
924,1.9703937882185416
925,2.459871746574074
926,3.2699156878361846
927,2.3927040846764274
928,1.2825107286712714
929,0.19364153373546356
930,0.9502750444582454
931,0.03730503126966085
932,0.83142174123916
933,1.0224715018430754
934,1.1143995122764063
935,0.049452830718664596
936,0.17100592339666099
937,0.14876390466378614
938,0.18829802264138726
939,0.3441575457425546
940,0.021453054524820877
941,0.37405924755123054
942,0.23514356979315673
943,0.3887703462926565
944,0.754125928762425
945,0.8698393609065008
946,0.41345297046406676
947,0.6850939061387697
948,0.05252893519660551
949,0.5340352825665763
950,0.42697808268158804
951,0.42300087780903556
952,0.060283183360093334
953,0.20695631361567626
954,0.3041153871798024
955,0.18911939053536553
956,0.29791813795052285
957,1.2244984347538512
958,0.4358813929944775
959,0.5057148804018898
960,0.8053922334923123
961,0.3115838401494483
962,0.5196955013629213
963,0.9171393221713928
964,0.1794856844449647
965,1.2888517722903625
966,2.2421371411341067
967,2.406887135160484
968,2.0439981370024873
969,1.3951609066270008
970,0.8267063739808045
971,0.8700096513153562
972,1.6603711443644276
973,2.688793448744962
974,3.2788305098162307
975,2.4990321324869593
976,1.8856556131738396
977,1.668725050240568
978,1.084987043112278
979,1.4292000535615572
980,0.20400988990910182
981,0.13550576222528654
982,0.39529519171190547
983,0.15387979019510484
984,0.34243376710493656
985,0.37372043398581306
986,0.1705646391443112
987,0.03283965468003574
988,0.7873658271299603
989,0.5657774562172148
990,0.4726715939337116
991,0.015028196769484236
992,0.868171268560261
993,0.344847228431277
994,0.09064561837199771
995,0.30540895467314894
996,0.9658638850596489
997,0.3087314605175275
998,0.5719230621061625
999,0.6354300059026656
1000,0.3758468401216391
1001,0.04356053236674234
1002,0.18794120388139088
1003,0.2803921963181581
1004,0.2796938183133536
1005,0.8660117089912299
1006,0.6266153744146459
1007,0.3731670495216025
1008,0.2778917912056279
1009,0.9149671096437456
1010,0.8084433197030705
1011,0.3262344213484401
1012,0.4247392028791207
1013,0.0703210379352121
1014,1.0420925177129146
1015,1.8686100939309767
1016,1.4612498188067293
1017,1.3169748175985687
1018,0.7069846863477269
1019,0.14831522171761916
1020,0.3853537010875845
1021,1.4657664933219232
1022,2.4376178568044566
1023,2.984978245623738
1024,1.935977376882511
1025,1.028972307798954
1026,0.9178354678784314
1027,1.7603755881732823
1028,2.2534865893536633
1029,0.316519430961579
1030,0.27298947149813463
1031,0.604144389493056
1032,0.4899270675640489
1033,0.3861452246952496
1034,0.23982118089624793
1035,0.3583463564369899
1036,0.22836608904256536
1037,0.4744690681267688
1038,0.5110935513434508
1039,0.4032596984928509
1040,0.07330839037061793
1041,0.7435225959925361
1042,0.716415013833486
1043,0.4012367803446362
1044,0.7248165215168452
1045,0.39654538936853084
1046,0.1673235314141078
1047,0.7674582897502459
1048,0.16939077912056238
1049,0.5885945243107251
1050,0.19322246786668743
1051,0.25698075043727797
1052,0.21732357895822974
1053,0.2195103105287247
1054,0.6305064135369344
1055,0.36999954626709136
1056,0.5149079205894952
1057,0.1779216615793397
1058,0.22224798394292486
1059,0.13415051520971857
1060,0.8922577084473684
1061,0.07155692436729894
1062,0.17931753488803137
1063,0.41481863119563855
1064,1.347414391398105
1065,0.61444375499919
1066,0.3507093454083009
1067,0.27467268024274255
1068,0.16881039899951167
1069,0.13785489793773073
1070,1.0697210505688028
1071,2.1600269493014737
1072,2.8826893900096033
1073,1.7742235176334962
1074,0.6772757218604399
1075,0.4923393727575974
1076,1.5808086709532785
1077,2.6885640018430945
1078,0.5562107575126316
1079,0.24102700118256615
1080,0.11863832801326463
1081,0.4019398003840633
1082,0.4634685214290242
1083,0.4233945766536177
1084,0.5849276156376694
1085,0.4902870062569062
1086,0.5208817113351312
1087,0.45486945238425813
1088,0.6618492417120221
1089,0.3637081659225085
1090,0.7820126671171813
1091,0.07639481479515042
1092,1.0047414630334228
1093,0.7143007414110683
1094,0.06059977596005675
1095,0.4539029638290541
1096,0.22493537127427443
1097,0.3480344606766451
1098,0.10129491482683461
1099,0.18534435580531677
1100,0.19905993870307204
1101,0.20625456823783023
1102,0.21031079751526036
1103,0.1769883072292395
1104,0.07114436339305888
1105,0.40505102813477306
1106,0.2291742417444576
1107,0.20539537764862376
1108,0.33108292916959564
1109,0.25262018274231485
1110,0.2462634156982559
1111,0.44223459190764997
1112,0.6298515386424811
1113,1.428335569480749
1114,0.7210935994005133
1115,0.6414139191395901
1116,0.42335686407560696
1117,0.18456501718918833
1118,0.252400190089759
1119,0.8927526269883409
1120,2.0007925909686324
1121,2.658944709207459
1122,2.108256071646424
1123,1.3249348192916484
1124,1.2405737392126488
1125,1.9481931230737854
1126,2.1055241024735083
1127,0.5840445838741711
1128,0.13915231239412665
1129,0.23622841789548157
1130,0.3443371653394752
1131,0.3476694156001388
1132,0.25905255373886393
1133,0.42307994300804647
1134,0.18910802034341276
1135,0.3587229121172463
1136,0.631181850937588
1137,0.06458353254507658
1138,0.7330215092796623
1139,0.5551738927274122
1140,0.9015006597370797
1141,1.3195741080290027
1142,0.535858785795008
1143,0.16983864622670955
1144,0.5799755217244671
1145,0.07476386217544746
1146,0.2739032459960785
1147,0.36071483604658466
1148,0.15965395613979605
1149,0.13123251962811402
1150,0.47428027220103053
1151,0.5283298395327136
1152,0.3098781968279807
1153,0.2258286664289145
1154,0.06977040470189651
1155,0.10368464506764742
1156,0.15531484802235224
1157,0.2989948592782378
1158,0.31641364851098286
1159,0.045456601778853654
1160,0.20786593378298143
1161,0.6423504811794601
1162,0.7253423047422374
1163,1.0090039674156197
1164,1.0237941361994456
1165,0.7384940345203461
1166,0.3929541386606772
1167,1.109566049513274
1168,1.4015442064063683
1169,1.5842333779538547
1170,1.7575350929319653
1171,1.7309006069338488
1172,2.1343539773796545
1173,2.066443121073341
1174,1.2606819290083295
1175,1.1752927287337935
1176,0.9801876506269057
1177,0.19188941392429387
1178,0.07481951892209146
1179,0.33820243445682274
1180,0.5227266634365955
1181,0.41133883598777476
1182,0.3576598068574708
1183,0.4889882615512423
1184,0.634694513407618
1185,0.5173173329857461
1186,0.8784331799142869
1187,0.2385594408813512
1188,0.582430225103866
1189,0.9497651026362476
1190,0.9508905207358612
1191,0.17359296818221984
1192,0.6969214481974322
1193,0.2400260149605783
1194,0.29217251113160825
1195,0.11843580246802761
1196,0.27712116739618886
1197,0.06644207746727787
1198,0.31448798138082246
1199,0.24250256139385595
1200,0.10068831528371795
1201,0.24451889853413067
1202,0.09635776645467549
1203,0.044328191295421655
1204,0.30119136587032175
1205,0.2716290926636277
1206,0.31427834185042675
1207,0.17847469594038773
1208,0.45772214711078846
1209,0.36055030690180645
1210,0.7348477211185291
1211,0.02070981881284792
1212,0.6357750213106287
1213,0.824037060510622
1214,0.4548188996675381
1215,1.1391771124459853
1216,0.5748896721981104
1217,1.2214116104597552
1218,0.6529471305068617
1219,0.999322360358185
1220,0.7969203047344895
1221,1.196671296756039
1222,1.6157171809144688
1223,0.6581857939071469
1224,0.47467241684213385
1225,0.6841438828170365
1226,0.5942959368730756
1227,0.03806270625496194
1228,0.10432271171508348
1229,0.19940866560751014
1230,0.5174532994433656
1231,0.1440992527262706
1232,0.09726187260909687
1233,0.2899823580871235
1234,0.4789494114424046
1235,0.12109044933198392
1236,0.6234533816359055
1237,0.24353492086562556
1238,0.31609025601802615
1239,1.0905536760799899
1240,0.05223832548391907
1241,0.914222575691597
1242,0.5786737452378387
1243,0.09037667910561858
1244,0.1587677115086088
1245,0.2418957429386668
1246,0.2965150769044386
1247,0.231398491420897
1248,0.06350967202096262
1249,0.33632100808141036
1250,0.29524728054296645
1251,0.4256297708412624
1252,0.30930325149260623
1253,0.5029907772293782
1254,0.14741319624427118
1255,0.14638223653206614
1256,0.1416987575569003
1257,0.1799725833474954
1258,0.4783172659559896
1259,0.24357331507768
1260,0.6788170815643083
1261,0.4856224706919342
1262,0.7807167258359108
1263,0.7964491202197332
1264,1.0202950855089585
1265,0.29441345686691983
1266,0.8558999048809921
1267,0.3190201633356971
1268,0.3928425003158488
1269,0.22794020048327743
1270,0.3886102410415422
1271,0.9950243145396097
1272,1.0831437301829494
1273,0.9824634698558812
1274,0.2138716732204902
1275,0.3865780612563177
1276,0.21932958463567412
1277,0.7061092311647968
1278,0.41188566529052356
1279,0.18662552071327343
1280,0.05582699163507164
1281,0.12202638640612351
1282,0.12583824954602987
1283,0.2952104375576655
1284,0.2253752579690028
1285,1.1546555408763188
1286,0.6584878484142374
1287,0.41031280721274244
1288,0.779631165724891
1289,0.5817530054028667
1290,0.5304481571918418
1291,0.42027434085175763
1292,0.3591994436690479
1293,0.32289395146699507
1294,0.09074911021433774
1295,0.07923463004535133
1296,0.27701001386523694
1297,0.07282587674153661
1298,0.4357650614819785
1299,0.1269345983726921
1300,0.15570487642629743
1301,0.15359874082023015
1302,0.2174636480876007
1303,0.11873510324931888
1304,0.20834567130151
1305,0.34367090726209554
1306,0.4452728287480701
1307,0.3853481984180834
1308,0.024003588799226976
1309,0.432323467368522
1310,0.7324165393809643
1311,0.2229408525045549
1312,0.18826482376009374
1313,0.22373419852553977
1314,0.16622749041827523
1315,0.5305029885998057
1316,0.9183105814131971
1317,0.4990145585533716
1318,0.5109197089403926
1319,0.33690451190200016
1320,0.7582938467597716
1321,1.4340225759946401
1322,1.7221526953313921
1323,0.43089033942124166
1324,0.308355355091932
1325,0.5665098748031744
1326,0.6708057736605442
1327,0.19155055577233562
1328,0.7279833187802985
1329,0.5133026693775766
1330,0.4175435932438995
1331,0.2903881610808374
1332,0.13546954647617734
1333,0.7770010814162565
1334,0.20079534930802556
1335,0.8843659752843017
1336,0.4591477226240529
1337,0.7668092876211259
1338,1.126596516119061
1339,0.9620213521055401
1340,0.22445051587616022
1341,0.6417082779194806
1342,0.5043153394039916
1343,0.2574265334489779
1344,0.2486305157410471
1345,0.4845023819013442
1346,0.10828920094815066
1347,0.21938358555724707
1348,0.4062987625840559
1349,0.0966710284044519
1350,0.14559371521030368
1351,0.41575067867060256
1352,0.017062220462018864
1353,0.2661979039871007
1354,0.24046889059455911
1355,0.1864457056408474
1356,0.4409544073857804
1357,0.7001027191814949
1358,0.9411269350984751
1359,1.1616963472823227
1360,0.28967719581500573
1361,0.95267324658629
1362,0.9324519490046963
1363,0.7025138761263369
1364,1.0380053812736294
1365,0.08751993919035134
1366,0.291258139611922
1367,0.6270089108204484
1368,0.5967124074189559
1369,1.179276391139091
1370,0.46081832635671943
1371,0.9661176816225653
1372,1.1790585012440882
1373,0.6831174258951166
1374,0.534300259423977
1375,0.3209306885131804
1376,1.0151457627659752
1377,1.3575930656044786
1378,1.2941855575077974
1379,1.290975114701761
1380,1.0366651417483623
1381,1.0491402914849568
1382,1.0693793133233824
1383,0.5893057183975707
1384,0.7009577603071405
1385,0.3251199006245675
1386,0.860768962396829
1387,1.3019201274516623
1388,0.8047262859241372
1389,0.8167825684618233
1390,0.36613603133698785
1391,0.45917111760910906
1392,0.5767861885958497
1393,0.20819207298528788
1394,0.09393910616910806
1395,0.3463597360977673
1396,0.239218950822913
1397,0.27374604092822336
1398,0.14974133667119746
1399,0.18616698826523415
1400,0.7144164825138811
1401,0.16805294064348708
1402,0.37616113573896787
1403,0.13394715628781054
1404,0.519320161956378
1405,0.1720751719913487
1406,0.12309182498197586
1407,1.1209496396137517
1408,0.9278740998998114
1409,0.07623760064766757
1410,1.0430420111819132
1411,1.6978627579481087
1412,1.6672261830114814
1413,1.0659755232416275
1414,0.3919493273891675
1415,0.19464760608074624
1416,1.0472769669577546
1417,1.342385468022547
1418,0.4205292873749951
1419,0.20839596294318263
1420,0.33396482734320554
1421,1.987709652298983
1422,1.465840389463486
1423,1.31962246249278
1424,0.9268398511577122
1425,1.54056987234235
1426,1.6263208749792673
1427,0.5446880615589111
1428,0.37768298531816047
1429,0.7461077890314454
1430,1.4153396170169228
1431,1.6969468462783734
1432,1.5448739649766163
1433,0.7765108801651387
1434,0.3224469812521782
1435,0.12139972270430212
1436,0.7275191455595243
1437,0.19482406224684778
1438,0.12004678069635331
1439,0.6648740812940936
1440,0.2420593338625094
1441,0.14002586004260306
1442,0.5984599560544117
1443,0.17439547959092555
1444,0.554437183841708
1445,0.11391762134828828
1446,0.3873515911759192
1447,0.16604222235401603
1448,0.2032194298371943
1449,0.10096036209826244
1450,0.25910247391804336
1451,0.1585614837277488
1452,0.10441587618675582
1453,0.4584545951945974
1454,0.22871783504291163
1455,0.46792298780097585
1456,0.7168626079055068
1457,0.6400468794030074
1458,0.42154446363970677
1459,0.6932321062086011
1460,0.7460202962629757
1461,1.1034576733719608
1462,1.2043830412517662
1463,1.044906473029594
1464,0.45047981951600663
1465,0.6707534600050895
1466,0.9480818822968202
1467,0.16507402339027571
1468,0.19366495165543116
1469,0.561682784749582
1470,1.6578164003738307
1471,1.4745499818152197
1472,0.9549050563825362
1473,0.16235093922147267
1474,0.949132851384412
1475,1.53763411712189
1476,0.4533011799438269
1477,0.3083550904130395
1478,0.9914077604123814
1479,0.45832772469319527
1480,1.0424378058608508
1481,1.3024216028542872
1482,0.3622048511864143
1483,0.47014947566023724
1484,0.4905427433191017
1485,0.7306722783682563
1486,0.1919944332406439
1487,0.602216147752083
1488,0.6265477232577429
1489,0.19922624988097493
1490,0.8504269148918685
1491,0.6820436216241078
1492,0.1560364492022471
1493,0.24381983119394163
1494,0.021441729163573762
1495,0.43404881954707675
1496,0.2084450625371265
1497,0.48538694200380206
1498,0.10443517877765697
1499,0.21766083454587087
1500,0.20874635925820953
1501,0.09817061189548103
1502,0.42647822283582654
1503,0.26492592266142906
1504,0.24623357879892363
1505,0.1638750477399326
1506,0.5199582285129903
1507,0.4889241264265029
1508,0.414318684616301
1509,0.2610277305505419
1510,0.5185354200688488
1511,0.4192830251292462
1512,0.5419377137565685
1513,0.4934930259919961
1514,1.0326653103351309
1515,1.2705504657240987
1516,0.23332048080490436
1517,0.388733350376995
1518,0.7642325287201421
1519,0.71414234655481
1520,1.0874042022855657
1521,0.030642609879599464
1522,0.23210754843196893
1523,0.2685089186891418
1524,1.3783015909355898
1525,0.7603715729735994
1526,0.8385474155556263
1527,0.9571844737642438
1528,0.04237113895849295
1529,0.5435414034288317
1530,1.4158596395881942
1531,0.6016120123347156
1532,0.4247588405669895
1533,0.4479440512352959
1534,0.970480614178975
1535,0.3761231773371114
1536,0.5219176424736159
1537,0.5028110586315131
1538,0.9291142277235818
1539,1.3001315628821482
1540,0.8585115216760325
1541,0.18646240105651285
1542,0.09785260227733893
1543,0.27156719584800076
1544,0.08330661201186645
1545,0.15788563722195076
1546,0.29457336429786196
1547,0.20972864869024427
1548,0.23640796466424677
1549,0.24391126075756464
1550,0.24550467964614717
1551,0.3824502396332217
1552,0.10886913943881955
1553,0.12325072442845993
1554,0.3133848847829544
1555,0.7206728254021927
1556,0.9143492614239503
1557,0.8266948488958019
1558,0.29467977297179254
1559,1.0866336714237779
1560,0.8941579570825597
1561,0.6696240880576604
1562,0.9947730320926966
1563,1.8921667320224878
1564,1.3898256934906692
1565,0.3396582024122613
1566,0.7166624241816956
1567,0.696792453536227
1568,0.43007479086502626
1569,1.4328912224144126
1570,0.9600724980519668
1571,0.7941287246263748
1572,1.049745432486707
1573,1.7115742258033377
1574,0.6639512375489519
1575,0.5664068540718085
1576,0.9482498225970344
1577,0.46490488557434867
1578,0.8642199128677085
1579,0.6173539508710204
1580,0.02124039087351723
1581,0.3799621175757779
1582,0.3172297065151171
1583,0.2613746595005269
1584,0.3152450006589333
1585,0.9041713213007092
1586,0.7461770132390254
1587,1.5116363122073408
1588,1.83739014985828
1589,0.9758065060300922
1590,0.26992986539607855
1591,0.4883863814220484
1592,0.2497396537686432
1593,0.2653975048951862
1594,0.3749665758199038
1595,0.015463297077510322
1596,0.5838597822753072
1597,0.10754179960379635
1598,0.16398820678002302
1599,0.16562667765669958
1600,0.32487412944785105
1601,0.3835538921305407
1602,0.546826969993374
1603,0.2865853790677462
1604,0.42933859552110426
1605,0.09818876916658693
1606,1.0388826957752797
1607,1.2205112549944075
1608,1.7687346315073633
1609,1.4748924940460744
1610,0.49360122055618183
1611,0.8859112823584371
1612,1.6042408223692182
1613,1.8176912347470149
1614,1.219680962183204
1615,1.4642759943454353
1616,1.5109338245251027
1617,1.3316344556147766
1618,1.9082225561310158
1619,1.8386338459740843
1620,1.1473941203419984
1621,1.3135122510294155
1622,1.453240127363235
1623,0.9399553309637604
1624,0.6822152869346897
1625,0.1633836501016615
1626,0.12352135559923144
1627,0.3446507167737359
1628,0.3502432228437013
1629,0.5011000746887152
1630,1.1212955861974865
1631,0.7788476142816299
1632,0.24227256350084792
1633,0.47417579612781124
1634,0.3369240042618425
1635,0.23090865337931285
1636,0.5378886881105398
1637,1.0713572683929429
1638,0.7342027627414351
1639,0.4806008521020876
1640,0.0757860253461543
1641,0.2632333402206452
1642,0.4944142025730618
1643,0.3449208786600108
1644,0.27395838886624013
1645,0.2629188363148889
1646,0.38062994504195935
1647,0.04297290516665565
1648,0.13705032441113515
1649,0.21247443251623208
1650,0.14122007945656487
1651,0.23753074331028756
1652,0.18001552161725903
1653,0.6751443886378066
1654,0.8620629390064893
1655,1.467182136834211
1656,1.3053677435106739
1657,1.0073264875657344
1658,1.672809218717166
1659,1.391714591112077
1660,0.6291632541649406
1661,0.8403387694821277
1662,1.2416696366970987
1663,1.042896563735262
1664,1.762494062778419
1665,2.4446380594178767
1666,2.296705743693383
1667,1.9512355533782133
1668,1.271244599050591
1669,0.38734638914785735
1670,0.6129562932731991
1671,0.5342211537898657
1672,0.8609280046931188
1673,0.7171178493724996
1674,0.8161865523758222
1675,0.519732828827844
1676,0.5312683667771064
1677,0.24778606821156918
1678,0.1117657392423893
1679,1.1852056191463296
1680,0.5865001207777933
1681,0.04445298141735261
1682,0.09356740232506525
1683,0.3080587269386807
1684,0.3412362456590544
1685,0.2322687051444512
1686,0.19661696539397439
1687,1.000563883039561
1688,1.0691497498164793
1689,0.33434837408575907
1690,0.04581639696514418
1691,0.2748913162469642
1692,0.15435330554457155
1693,0.3162564853215793
1694,0.2174707817758011
1695,0.2942072704528339
1696,0.2868344210557436
1697,0.20238130389357972
1698,0.14855627706614802
1699,0.6466206412602996
1700,0.5253288418543688
1701,0.6156212522350181
1702,0.22080138412757236
1703,0.15831960159921976
1704,1.0399375530591466
1705,0.8658783205543996
1706,0.24608642920600685
1707,1.3580258236020217
1708,1.6088473601283397
1709,0.6525698850918957
1710,0.8580019923269104
1711,0.7601700565982278
1712,0.3519104755874517
1713,1.463791581135781
1714,2.575731535987321
1715,2.44719528687235
1716,1.3758596141377066
1717,0.5196892542338878
1718,0.2566412294204917
1719,0.4077528574878297
1720,0.1454783591361644
1721,0.34582152676656575
1722,0.5806647042192504
1723,0.23805485274154126
1724,0.09672199559318753
1725,0.052759281969011265
1726,0.5365230291996969
1727,0.6331548824286175
1728,0.6257744168521826
1729,0.3382849545011302
1730,0.4844531603178492
1731,0.05372592518609888
1732,0.27538044506343984
1733,0.5930310389616902
1734,0.3532889030696952
1735,0.2679265333528233
1736,0.5248064086253714
1737,1.1374261347835766
1738,0.16764069970389167
1739,0.25321721538923325
1740,0.14270132654129983
1741,0.27827397610683857
1742,0.3509149988525122
1743,0.31652943411582685
1744,0.23820059802749372
1745,0.2394472955269195
1746,0.5719509582702805
1747,0.9233055161410245
1748,0.20987673700050616
1749,0.34460818922356506
1750,0.19327860183814713
1751,0.37627108442300117
1752,0.6324028924686125
1753,1.328949736435033
1754,1.3017257866473422
1755,1.002602933069565
1756,1.6699693357333836
1757,2.125129642433785
1758,1.5340953081692086
1759,1.6320487523263536
1760,0.9066896728603987
1761,0.6564702526240596
1762,1.57424798272657
1763,2.645453187245295
1764,2.446863056969904
1765,1.37526865695893
1766,0.5181228382558044
1767,0.961783754509986
1768,1.3669901557652437
1769,1.1003429556543545
1770,0.826340950763292
1771,1.1370300750899887
1772,0.7937986760428527
1773,0.34502862947358937
1774,0.4881776889590684
1775,0.10085208911771948
1776,0.10146582828631007
1777,0.12365987926581914
1778,0.23376102741241764
1779,0.01574958553526004
1780,0.11067450483406918
1781,0.24322378269753533
1782,0.34833760627170585
1783,0.7201061341737559
1784,0.5462270583955643
1785,1.009057953662545
1786,0.19508231908018986
1787,0.4248139303109284
1788,0.2313180731506728
1789,0.23825802259889206
1790,0.12125485971718156
1791,0.2894037464608951
1792,0.2789954576668659
1793,0.1588026076171758
1794,0.06812817127697063
1795,0.8163158097299014
1796,0.9678774931972493
1797,0.3713081157419448
1798,0.24866521737799333
1799,0.24385937242109929
1800,0.28544687760581944
1801,0.7759809107823883
1802,1.7388763769933622
1803,2.130309651662005
1804,1.9618024819404154
1805,2.3731795148488586
1806,2.888207815285904
1807,2.4856888915501467
1808,2.3830686117237225
1809,1.6806083652984332
1810,1.5628390457553878
1811,2.118861926494308
1812,3.0015909347469742
1813,2.8104089012413813
1814,1.9499853301422876
1815,1.4762620641393434
1816,1.7318113952759524
1817,2.341562402587212
1818,2.0332769066472203
1819,1.7768361275390854
1820,1.9408530301051021
1821,1.5712623242301464
1822,0.7249082754180184
1823,0.4813380334480297
1824,0.22972747489395462
1825,0.49990549557941355
1826,0.32980118741035575
1827,0.40885833062537175
1828,0.1891551224339903
1829,0.4359110690693448
1830,0.21241864205220373
1831,0.6912597502673323
1832,0.8395983231384745
1833,0.4017276013435848
1834,0.4091651982001182
1835,0.23917827676300382
1836,0.12953091106770614
1837,0.13078984429480922
1838,0.15323407916485346
1839,0.4726863887649547
1840,0.23258534884493115
1841,0.1416224772954432
1842,0.0457583787132364
1843,0.3487723816256804
1844,0.3319090765210893
1845,0.4615339501402197
1846,0.5198382904081918
1847,0.43707708362960834
1848,0.43637362869283847
1849,0.7122608365676653
1850,1.2372891345650194
1851,2.2421676203846306
1852,3.04646234359383
1853,2.9310284066830032
1854,3.220835978389864
1855,3.750345979037905
1856,3.4498478199654374
1857,3.0949262612451753
1858,2.592994806625803
1859,2.5182410107738757
1860,2.897817473602363
1861,3.594014786307879
1862,3.4238199246969283
1863,2.761562309908116
1864,2.4500555355476434
1865,2.617666916175449
1866,3.1897414098672634
1867,2.5612482321996275
1868,1.8194038125919167
1869,1.5916438833237219
1870,1.4582983532500926
1871,1.0584639864208543
1872,0.4237813150366076
1873,0.4580371724090452
1874,0.33595994853373495
1875,0.007215984909518797
1876,0.2568657727117083
1877,0.5285624321465341
1878,0.45032415019243666
1879,0.2991550316685536
1880,0.31172209673174034
1881,0.912184201665914
1882,0.353295236235766
1883,0.5670073872178665
1884,0.4985707929060402
1885,0.33577628593034803
1886,0.07314005643791008
1887,0.07571362026389675
1888,0.24792946413066186
1889,0.5775527570989591
1890,0.6662455333476567
1891,0.8763242083777165
1892,0.09614655322418571
1893,0.08353042663474398
1894,0.28325124988081307
1895,0.4351428704950748
1896,0.7823615376061444
1897,1.3044418159812214
1898,1.6832570995737755
1899,1.963848385071029
1900,2.7116247492553773
1901,3.6499286797067225
1902,3.9028179865037766
1903,4.124828204753703
1904,4.611863965456692
1905,4.418353824676546
1906,3.921112440628353
1907,3.53830735016654
1908,3.0212030538614205
1909,2.739841037144703
1910,2.891133361753354
1911,4.178465369832743
1912,3.655504707097922
1913,3.426181341503249
1914,3.5478986189914266
1915,3.1862654937664066
1916,2.10472438332332
1917,1.0864179663974014
1918,0.635299614856469
1919,1.0112861350939488
1920,0.12851513302247167
1921,0.4154532148816854
1922,0.1361527616139866
1923,0.1547414671733764
1924,0.2074021894103237
1925,0.4949310494929367
1926,0.7073214572859134
1927,0.14611495159351937
1928,0.10542141236005878
1929,0.1987657955155752
1930,0.5496027736938582
1931,0.49651865564051656
1932,0.41103487966424224
1933,0.44810147126261074
1934,0.0360440897856823
1935,0.08586018691340916
1936,0.10524697850389118
1937,0.08136150575449164
1938,0.36499182141004366
1939,0.34428604166636256
1940,0.5039964552148269
1941,0.6190952054141657
1942,0.3015803792458397
1943,0.07006447008707549
1944,0.5817989269100555
1945,1.3757015002024178
1946,2.0938910903838086
1947,2.2595158504516104
1948,2.5937365832330146
1949,3.2897400029777604
1950,4.170152437310819
1951,4.875638530094324
1952,5.055022346124672
1953,5.459625685361724
1954,4.831461433115961
1955,3.9255562050309347
1956,2.9738441796034176
1957,2.1795341634413736
1958,1.7691386079100087
1959,1.9955440204945325
1960,3.9729267365641294
1961,4.269385582171166
1962,4.4030885768112755
1963,4.257762771268991
1964,3.1517105078084593
1965,2.052042098270915
1966,0.9804778225612468
1967,0.42971977777333925
1968,0.8556015279769777
1969,0.2885456057754437
1970,0.1305365132053689
1971,0.14190059317147652
1972,0.23388857229468216
1973,0.4035370095031702
1974,0.570890884544387
1975,0.20698816289056923
1976,0.0988914512929714
1977,0.29644000052752395
1978,0.48300408968274716
1979,0.5291477491153243
1980,0.6786518280946049
1981,0.17885499909069794
1982,0.5920621295528123
1983,0.39193479230568906
1984,0.042457708368256665
1985,0.12356446492072079
1986,0.23380056457100554
1987,0.8877401613859744
1988,0.6732323635553361
1989,0.9100560946701403
1990,0.9250132034095344
1991,1.1219125377639765
1992,0.7750909938815734
1993,1.1931194595189976
1994,1.4207602256448508
1995,1.1268475220613074
1996,1.289831247225009
1997,1.8127470919911113
1998,2.7168551124146325
1999,3.7348913897604437
2000,3.964865339224471
2001,4.37144454147298
2002,4.997175166256631
2003,4.37140542890712
2004,3.372916857862432
2005,2.4732191817086053
2006,1.506463865249433
2007,0.8057011620805623
2008,1.2254540699571466
2009,3.0069967514597726
2010,3.389125591817522
2011,4.050083610939144
2012,3.7278856980075012
2013,2.885757215449237
2014,2.2871204353742915
2015,1.5144277784882179
2016,1.0013273551704462
2017,0.7297791815935359
2018,0.10429657889851664
2019,0.246167921786618
2020,0.5831798186658804
2021,0.5202843915082477
2022,0.3065361705792774
2023,0.07864272202130371
2024,0.3214229272954081
2025,0.06536335377998231
2026,0.17242450664065467
2027,0.15941649665992447
2028,0.43547222252057133
2029,0.6583641903141552
2030,1.0793026038711542
2031,0.5048002304979087
2032,0.2541005928781233
2033,0.10749517104919937
2034,0.9026663368627934
2035,0.7247740826884613
2036,0.8119207960794098
2037,0.5968550317696204
2038,1.078241728675562
2039,0.4292271273338149
2040,0.5233544685357009
2041,0.42758339150781277
2042,0.2244153667718497
2043,0.6830197478511204
2044,0.2362321242981662
2045,0.3495209379441424
2046,1.3208709118880424
2047,2.4166293439653947
2048,2.8740059808477665
2049,3.0293640216554607
2050,3.5450027571819454
2051,4.293006510142963
2052,4.095406920877538
2053,3.0066534897381074
2054,1.9443340502910638
2055,0.996878589835483
2056,0.2542395960472218
2057,0.9577459749911551
2058,2.0526263888511638
2059,2.5802855876408706
2060,3.2381238268775623
2061,3.269579697722855
2062,2.262944439115922
2063,1.4228654134107792
2064,1.1366149349668142
2065,0.03396003186744182
2066,1.0877846291547801
2067,0.6195496704437958
2068,0.38765846362707745
2069,0.36292924883681305
2070,0.13641669925398622
2071,0.26444755778130397
2072,0.32309976681283414
2073,0.37881570709486967
2074,0.2327351567067925
2075,0.29471535875347776
2076,0.07569829357012157
2077,0.4461974710813834
2078,0.33461805045105203
2079,1.24053395557604
2080,0.7713176236389734
2081,0.8204636654037426
2082,0.5659729536130961
2083,0.8195598418916684
2084,0.3050051764299239
2085,0.30769529225290027
2086,0.2590351055570074
2087,0.17727262609996047
2088,0.21309236540031568
2089,0.41173199919464754
2090,0.5709334750486015
2091,0.1256946849257246
2092,0.43124557220802895
2093,0.5718450464268455
2094,0.6934786287536849
2095,1.4503149013641414
2096,2.145497392875297
2097,1.9013875377163676
2098,2.1290505352397524
2099,2.8148357081582525
2100,3.7130319437809027
2101,4.0413533460135955
2102,2.9326074592099634
2103,1.8277577774982814
2104,0.7443606770309049
2105,0.49021371128036173
2106,1.4929216211808052
2107,1.1392470206796295
2108,1.9346207877898165
2109,2.29295291608702
2110,2.679870421530019
2111,1.9559532242585411
2112,0.8541100371331433
2113,0.3257564078574948
2114,0.9541439268662426
2115,1.446522266122639
2116,1.231441923414718
2117,0.6275796938310861
2118,0.426828188184541
2119,0.5168570590001044
2120,0.0661313137851745
2121,0.6094529213504696
2122,0.4847275400200004
2123,0.24387950940805078
2124,0.3213665182708915
2125,0.491789521938307
2126,0.5368040972217912
2127,1.1823084345032573
2128,0.3499117467402808
2129,0.6507355886677795
2130,0.5224103170049886
2131,0.6775396389682872
2132,0.5134841355912981
2133,0.13554913812048683
2134,0.13857350999956888
2135,0.16085271686614389
2136,0.3377908093137941
2137,0.28491676304826136
2138,0.2453778633704786
2139,0.06306313119094958
2140,0.18665281645929754
2141,0.39171850717615864
2142,0.4291851158254666
2143,0.677017219796151
2144,0.932750210285561
2145,1.206518385472402
2146,0.9325993695030206
2147,1.3370065851432928
2148,2.275586508680186
2149,3.322929977190262
2150,3.6130273044513173
2151,2.646172569525216
2152,1.8502309391023914
2153,1.4180402261824492
2154,1.302664412397474
2155,1.963642882734856
2156,0.5439260327980607
2157,1.2749717476623315
2158,1.3470163917602758
2159,1.8873222221333268
2160,1.8878666990758224
2161,1.0574044681013743
2162,0.8499110457307271
2163,1.538697631194332
2164,1.1565693396737622
2165,0.6138381267362185
2166,0.10452110455834498
2167,0.6260725627085005
2168,0.4235486084945092
2169,0.045409805223189964
2170,0.11842154606178622
2171,0.19864867275777937
2172,0.2955065442911075
2173,0.5321180638845453
2174,1.202261934060191
2175,1.511162886021888
2176,1.122337597783862
2177,0.25831487196206127
2178,0.216371673358688
2179,0.199402445916312
2180,0.16811012448341975
2181,0.15242498387255465
2182,0.3426177364923888
2183,0.40980631241624194
2184,0.06648189946684391
2185,0.10553774057971076
2186,0.4167418834054812
2187,0.24996610598293992
2188,0.3683518247335149
2189,0.13375386139993997
2190,0.28992975038790875
2191,0.5806225657171833
2192,0.6179397188707795
2193,0.472854575412486
2194,0.45566928140027174
2195,0.09253568055883693
2196,0.9701740444164689
2197,2.0813520248984116
2198,3.191774426657071
2199,3.322511215781249
2200,2.2332795242474623
2201,1.1869525786935273
2202,0.5504886474078451
2203,1.292316297968917
2204,2.347336237798911
2205,0.06932461751892277
2206,0.47216435389793854
2207,0.4305821796048883
2208,1.1695972866443243
2209,1.3634500024926244
2210,0.5484160220284532
2211,0.2454870838254745
2212,1.002973862131492
2213,0.2903377657520713
2214,0.37261140241497714
2215,0.3624823331202936
2216,0.6803649773533046
2217,0.29640460739845154
2218,0.28704773068197137
2219,0.6917102203720632
2220,0.08150666762955791
2221,0.09619224234431926
2222,0.6125754163326278
2223,1.3967508814764213
2224,0.9335498017602997
2225,0.37859603173707457
2226,0.09072707251021982
2227,0.07356722584188582
2228,0.11678027407199007
2229,0.1857726998842688
2230,0.2098907088864176
2231,0.10685328381555821
2232,0.06702370724849237
2233,0.19973802937945928
2234,0.1652232125633209
2235,0.27571572865661903
2236,0.21865998903127334
2237,0.09624603131265103
2238,0.35652301200422926
2239,0.2597782560009776
2240,0.217972957801096
2241,0.3102479605704297
2242,0.44855935845013983
2243,0.6919723729328692
2244,0.7480064711810726
2245,1.2062376845071192
2246,2.196216599867523
2247,3.2656680307334445
2248,3.2708304146702156
2249,2.1591722514036986
2250,1.0481318443564576
2251,0.08943297657347139
2252,1.1791007139620786
2253,2.290288425560978
2254,0.3459455895595733
2255,0.2950497710124934
2256,0.3755495270464928
2257,0.42550902278551234
2258,0.46049273563144677
2259,0.6224387860172784
2260,0.40673743925402783
2261,0.20301759123312174
2262,0.3561284114344579
2263,0.30205938639466634
2264,0.5204222998578579
2265,0.31708157603191167
2266,0.4004282239435365
2267,0.02869691135206824
2268,0.12695806984869765
2269,0.1286815484735474
2270,0.4767477295064429
2271,0.8684635919653457
2272,0.6607341983789865
2273,0.0640384732915647
2274,0.12458532258792364
2275,0.3874534708444846
2276,0.04515953293336299
2277,0.27016097808203343
2278,0.12171625055957924
2279,0.3071202325058197
2280,0.39945325831414535
2281,0.2728944749822703
2282,0.2031663082709695
2283,0.11170864992292813
2284,0.3723435790462324
2285,0.3073327167173104
2286,0.43355789700258357
2287,0.12975924476942177
2288,0.28508009365128584
2289,0.6968407051727332
2290,0.3776930158248748
2291,0.6377471800877914
2292,0.7188184352878505
2293,0.7869084580722359
2294,1.7873478220384
2295,2.683153669527768
2296,3.6111363660755122
2297,3.4300662359270944
2298,2.3935214685718815
2299,1.4715291294233732
2300,1.036683778945203
2301,1.5674472421342562
2302,2.5123556230723554
2303,1.0720172047178615
2304,0.09532688422986696
2305,0.7061301401624976
2306,0.24941823445985276
2307,0.5897283759903039
2308,0.21098502587035697
2309,0.437836566613288
2310,0.2485232658164949
2311,0.5581915183980111
2312,0.07545688581826752
2313,0.2927270661935548
2314,0.44068466355347913
2315,0.21435464882748304
2316,0.325507464868029
2317,0.15708351904170723
2318,0.6966472843709538
2319,1.1504626684997468
2320,0.5257404104379629
2321,0.3156962857686464
2322,0.22388563962160385
2323,0.4999594473615987
2324,0.6184507327441431
2325,0.414235560428179
2326,0.16715491130587654
2327,0.621908001652518
2328,0.3957808291868543
2329,0.30027241876012095
2330,0.2945065723681652
2331,0.6427605234738538
2332,0.2016584821589546
2333,0.2890155826011188
2334,0.30869396541308136
2335,0.3478274114158165
2336,0.20923198161160173
2337,0.40993211853185835
2338,0.6076898303044319
2339,0.8373123684261915
2340,1.107337526738605
2341,1.566518828568439
2342,1.598849718579915
2343,2.2652862738935013
2344,3.190546298131579
2345,3.386745865935529
2346,3.3573427152843167
2347,2.948357950172001
2348,2.2647257137728367
2349,2.009480722795417
2350,2.3280689964711
2351,3.045432644101298
2352,0.4597238837505256
2353,0.3994756249622878
2354,0.2082203537517281
2355,0.07959440273041474
2356,0.061696885717888304
2357,0.1167995007774878
2358,0.2697095495040214
2359,0.45842102515592587
2360,0.3296676918317707
2361,0.10477161514200686
2362,0.15849064266168955
2363,0.5710170510461814
2364,0.6545221793551829
2365,0.14449189989174574
2366,0.8379136167695945
2367,1.3030575142175227
2368,0.6387319117405722
2369,0.6423304787495454
2370,0.2321578754002519
2371,0.14054540058268036
2372,0.29370832547869036
2373,0.28058400277958984
2374,0.5113263135618502
2375,0.44607057792037474
2376,0.22827006152659476
2377,0.5186942996420646
2378,0.3360040603942408
2379,0.13056413288265045
2380,0.033793323128752724
2381,0.443297240171843
2382,0.2940593706003105
2383,0.3163706366122534
2384,0.34185883837109965
2385,0.34793507891282577
2386,0.7664950941342226
2387,0.648701391936918
2388,0.8133466075867689
2389,1.2892793268425065
2390,1.8684993057875028
2391,2.256900200827485
2392,2.3054809188085055
2393,2.8301498653907147
2394,2.4374724520360824
2395,2.3965612086089405
2396,2.831713532275578
2397,2.7778353611721838
2398,2.0787614819865654
2399,1.8436354243396336
2400,2.2247687813450097
2401,0.48198821994891583
2402,0.5634166968081566
2403,0.243154419089614
2404,0.4446396351642875
2405,0.3865108391586594
2406,0.6160412794717123
2407,0.6415460180262731
2408,0.22088916692767932
2409,0.1472252838371702
2410,0.08680043835030914
2411,0.2654621311247707
2412,0.5823782130859707
2413,0.7608350401762694
2414,0.7356019997773385
2415,0.1814965519511147
2416,0.724081275525492
2417,0.26267514798594255
2418,0.1997112004279353
2419,0.23891200470054183
2420,0.5586059836722848
2421,0.3897552117549307
2422,0.12893894050777935
2423,0.5892585332272193
2424,0.32026602988809466
2425,0.21685789902654168
2426,0.39661017152399736
2427,0.22390037078214917
2428,0.2140903559562976
2429,0.1613306950150903
2430,0.2911993687848932
2431,0.09341293424145786
2432,0.3016574351061086
2433,0.03022623830273281
2434,0.1782894957291856
2435,0.15875820361888393
2436,0.7745069025606595
2437,0.45915569382948185
2438,0.3915159828376834
2439,1.3087970544585616
2440,1.317371485301002
2441,1.3990831197211202
2442,2.1569102514413205
2443,1.5200077164219965
2444,1.4536182200008545
2445,2.094862932240236
2446,2.2548204301027224
2447,1.2997493544980463
2448,0.8759816916738973
2449,1.5225642156900063
2450,0.5850289160201484
2451,0.5180209190300358
2452,0.515120925740054
2453,0.5413113018035081
2454,0.4632723237311573
2455,0.9612729782695997
2456,0.8108110790192548
2457,0.3083664002673526
2458,0.07886261107567152
2459,0.51875639313252
2460,0.2318528154960565
2461,0.18185145717218107
2462,1.2528120502834588
2463,0.7205642909366519
2464,0.44951678602016615
2465,0.2630385023920259
2466,0.2864383022403118
2467,0.5447945427712357
2468,0.21339703698690024
2469,0.12723521900848797
2470,0.06998696836642446
2471,0.1505052229574124
2472,0.5702353849820772
2473,0.2277466450796626
2474,0.012458283892102984
2475,0.4202482834681262
2476,0.5302606276901884
2477,0.3382826201673382
2478,0.14141178590481798
2479,0.385568132683951
2480,0.35675592032594683
2481,0.4458968052043349
2482,0.24144027505748172
2483,0.7286202871587486
2484,0.4784571983341751
2485,1.4316328084770742
2486,1.0899236559382544
2487,0.6816302496551979
2488,0.46160993206937934
2489,0.525726466520622
2490,0.7060412553374008
2491,1.7870261698659575
2492,0.7599355872685681
2493,0.6166449888949362
2494,1.629681664273985
2495,2.0853436124221867
2496,0.9766585653767103
2497,0.17868482541212777
2498,1.2581164184599116
