Grid_Number,Gur_num_Connectivity
0,5.16833598390369
1,4.1534569175669285
2,3.2036813448499157
3,2.3976668288734717
4,1.925331284455032
5,2.0341723518928387
6,2.653615652123089
7,3.5239689514611072
8,4.382358452543737
9,4.77885601881398
10,5.379844427711932
11,6.125426455363565
12,6.969349641796478
13,7.880081317791741
14,8.654079755110374
15,9.07169989144237
16,9.600585524356294
17,10.223483108905501
18,11.301055936851048
19,10.192399258171847
20,9.084547446988132
21,7.977835817040084
22,6.872815191694155
23,5.770457115617579
24,4.672646393174125
25,3.5835646550015703
26,2.5145793457296697
27,1.509021293365907
28,0.8390730422069648
29,1.2664139153338223
30,2.230790704707133
31,3.2896675303034133
32,4.374958294672212
33,5.470966096474651
34,6.572331573033946
35,4.895465190373351
36,3.808588209296216
37,2.7418918999939033
38,1.7330494972577362
39,0.9807202730971626
40,1.1802653403409828
41,2.072945396913573
42,3.110312088679694
43,3.441667619971188
44,3.9342301002215536
45,4.645871186543481
46,5.492079188044885
47,6.419860641703355
48,7.398591057449233
49,7.733410133399769
50,8.198151932481512
51,8.779898587608857
52,9.457082245244544
53,11.271877391491456
54,10.160040328199656
55,9.048230841124926
56,7.936460519637234
57,6.824748504308774
58,5.713128832452256
59,4.601668426468228
60,3.4905194312518173
61,2.3801180295442563
62,1.2724229292995828
63,0.2145244258380566
64,0.9725449549423208
65,2.0781070692611414
66,3.188114903053771
67,4.299126262470158
68,5.4105229828618056
69,6.522108065443544
70,4.810318704846513
71,3.698514317908137
72,2.586834478576402
73,1.4755607142841534
74,0.3683864353190827
75,0.7529940584886856
76,1.863103293088119
77,2.289568665353482
78,2.5303881189552606
79,3.1680381354393004
80,4.017826459481485
81,4.972147979021355
82,5.981174117840706
83,6.457678924879094
84,6.828913406091182
85,7.351146922112222
86,7.994843674805815
87,8.733186775181895
88,9.54423588703479
89,10.221537120781116
90,9.11722351419632
91,8.015021548350678
92,6.91594090125366
93,5.821749650675226
94,4.735838020565517
95,3.665571829242121
96,2.6301205732863773
97,1.694554201291241
98,1.139454241555826
99,1.482585684701645
100,2.3602175689456697
101,3.3787654475320616
102,4.442335786780198
103,5.524988764873261
104,6.6173647910512186
105,4.922647324789995
106,3.8434615136698165
107,2.790125167420197
108,1.8083867984188817
109,1.1084175637040699
110,1.2883239105015865
111,1.7404457593514304
112,1.3104806095797328
113,1.6965935642838827
114,2.551933056351791
115,3.5523453144755868
116,4.604217028974335
117,5.290012777635861
118,5.517687375846308
119,5.94797230556318
120,6.54100427289843
121,7.256993938853132
122,8.063252875805507
123,8.935378818493037
124,9.855901993267992
125,9.289179300051583
126,8.210076664518997
127,7.141059295246157
128,6.087442741524002
129,5.058858829480355
130,4.074310792522528
131,3.175031726405966
132,2.456523304484499
133,2.11211961769121
134,2.3152654417079255
135,2.955117781724817
136,3.8180951264129037
137,4.784959972348556
138,5.804024098139793
139,6.852037053225208
140,5.21971755451433
141,4.217215773754939
142,3.2859136742706467
143,2.506473763270064
144,2.0592365177436163
145,2.1613332933410327
146,1.1925573905561824
147,0.33249352595997506
148,1.12772917844491
149,2.2149168370627197
150,3.3185542681063174
151,4.319030929226242
152,4.317717433775339
153,4.593930939632304
154,5.102801298126324
155,5.783236348972779
156,6.582243251191987
157,7.461828980720446
158,8.396708833051537
159,9.370347308740971
160,9.558542970269409
161,8.51362266066224
162,7.4880344584506675
163,6.49094842398981
164,5.537781594103547
165,4.655588112606505
166,3.892921590995295
167,3.3328724101265017
168,3.0877339004318105
169,3.230019338443382
170,3.715482655417403
171,4.432771136416601
172,5.288380724015199
173,6.225539620432204
174,7.212529278842456
175,5.6725787800253995
176,4.766250682168875
177,3.9659807454995577
178,3.348689764787175
179,3.028416280272748
180,2.3490222119989306
181,1.3165760998173122
182,0.6493860442867665
183,1.2581312237503308
184,2.2840640209054963
185,3.365095104268309
186,3.350825176443483
187,3.3492362491264274
188,3.698594281954298
189,4.314473084075465
190,5.101236952405626
191,5.991946346274014
192,6.946732016519554
193,7.9425192806009015
194,8.965656777768844
195,9.917380677914204
196,8.914583910537617
197,7.940908958847113
198,7.008503827116928
199,6.136210451415093
200,5.35349358090002
201,4.705270485821924
202,4.253482006085223
203,4.06417396462884
204,4.173220921635468
205,4.559265041003423
206,5.160512045794593
207,5.911660802413904
208,6.76294642283488
209,7.681146867545886
210,6.247443689279538
211,5.4377298960177445
212,4.751854607728193
213,4.250199998064604
214,3.7423302986521514
215,2.7834208903220548
216,1.9906506297283733
217,1.6281309207446861
218,1.9523813533786212
219,2.728669619328494
220,2.863817693305782
221,2.391330553270545
222,2.3892120211625527
223,2.8585081041829743
224,3.6203128751308156
225,4.5293624582879835
226,5.513297151052365
227,6.538396508748244
228,7.587995424878057
229,8.653183371619233
230,9.728841276859495
231,9.40050345771921
232,8.48273852804385
233,7.61689585319699
234,6.822771707191847
235,6.128310283038341
236,5.570908535297083
237,5.194874273629946
238,5.040959963709302
239,5.129200504887685
240,5.447841784567557
241,5.9600439785914965
242,6.621036940731359
243,7.391007911038599
244,8.239461604878501
245,6.913946717149719
246,6.191945688231913
247,5.599159351723079
248,5.180139122408797
249,4.260665377744804
250,3.4489529049021126
251,2.8478316354061257
252,2.607273693205166
253,2.821075930068251
254,3.092489623410325
255,2.146620055635982
256,1.4578496359812039
257,1.454488145196186
258,2.139768275635692
259,3.084565299653924
260,4.113798756351482
261,5.177354501402932
262,6.257756895578182
263,7.347578199694832
264,8.44317190057201
265,9.542549994111235
266,10.644539977994533
267,9.097643294655258
268,8.296164234906998
269,7.573534849436342
270,6.954378536291068
271,6.4684768797403915
272,6.147509013312995
273,6.017923445932909
274,6.091945480777896
275,6.362472670884023
276,6.806113343314291
277,7.391763037574328
278,8.088634271159446
279,8.870552944930806
280,7.648167730013573
281,7.00221396826703
282,6.483856330369544
283,5.74033318224936
284,4.921381978108839
285,4.238093697263484
286,3.7650681109662725
287,3.586488485238906
288,3.74471941677761
289,2.808286283141102
290,1.712049960516352
291,0.6697914795606582
292,0.6625620910092135
293,1.70358996309457
294,2.7996984373018985
295,3.9047748023248654
296,5.012891731672311
297,6.12239847687453
298,7.232655462924147
299,8.343363190024133
300,9.454362799020727
301,10.565562213622187
302,11.676904392170782
303,9.030328983056796
304,8.371244093369153
305,7.8154638472980205
306,7.386344425707995
307,7.106866690115342
308,6.994990041170193
309,7.058688160712716
310,7.293362240655264
311,7.683361786728825
312,8.20657207774524
313,8.839370087161555
314,9.560018993574502
315,8.432436411522541
316,7.8511994945558685
317,7.220972091317242
318,6.398234341887066
319,5.674965141990248
320,5.0937135717370134
321,4.707384460395751
322,4.565728954289978
323,3.943917465372911
324,2.8506566474317774
325,1.7806920014751504
326,0.8296668134754529
327,0.8238278784684269
328,1.7725405665305902
329,2.656235511917112
330,2.745083771530597
331,3.238555994889476
332,3.989218864980343
333,4.8797901158514
334,5.846682666107771
335,6.857689627195183
336,7.89588361420531
337,8.951810502718164
338,9.80706907998029
339,9.203700687541954
340,8.701176346008749
341,8.317793837006295
342,8.070550159540607
343,7.972121831263167
344,8.02798443941356
345,8.234998656863835
346,8.582233546679785
347,9.053569653627342
348,9.630803463290516
349,10.296139484102781
350,7.9653876365925855
351,8.041698536215238
352,7.877056665570296
353,7.130361693712438
354,6.489141373990309
355,5.987379675453195
356,5.662273103828999
357,5.254765208609259
358,4.208473689852796
359,3.206681538547861
360,2.3080780905455596
361,1.6865659623503402
362,1.6836410869216036
363,2.2022053081467217
364,1.6903073991164936
365,1.8268640547147117
366,2.508104410093631
367,3.422952742308759
368,4.428937288656431
369,5.4760595161339065
370,6.544603305645059
371,7.625568786582339
372,8.573685371932024
373,9.361352317551173
374,9.175733830377737
375,8.940606495049469
376,8.840116426226116
377,8.878836247824234
378,8.949297455614543
379,8.999009193641847
380,9.184076910705933
381,9.496590527795084
382,9.924517888531534
383,10.45369502631909
384,11.069610869544148
385,6.985469126178223
386,7.0724582399429465
387,7.329079993425349
388,7.7384767813605855
389,7.343785109419017
390,6.904334175034554
391,6.624299400365166
392,5.629092087087659
393,4.667439172306885
394,3.788952538322787
395,3.065973981682063
396,2.630036840663654
397,2.6280892904071504
398,1.6020082992425115
399,0.7576783068471178
400,1.0269296838034239
401,2.0019877790013925
402,3.0715123135116116
403,4.163325960073638
404,5.263576782053478
405,6.367892929715032
406,7.103103520239052
407,7.880934624854192
408,8.637211488960036
409,8.238352885876797
410,7.975735409817013
411,7.863021904493277
412,7.906625873382012
413,8.104024495316281
414,8.444439260702902
415,8.91149577358762
416,9.486507286963148
417,10.151145018001474
418,10.889009639785728
419,11.686238821030571
420,6.005550650700738
421,6.106612561373146
422,6.402160333916438
423,6.867128840897449
424,7.469947905016849
425,7.836406251443192
426,7.467230491132563
427,6.409456507428959
428,5.373601816612343
429,4.375262563129824
430,3.4471888197641958
431,2.6638620970015916
432,2.186795380123324
433,1.4828076775828214
434,0.45431162204944053
435,0.828819541040988
436,1.907969327254647
437,3.0110819345099893
438,4.118949407236499
439,5.007436523821969
440,5.6377870697548875
441,6.400603682763284
442,7.254217664216489
443,7.758083148727967
444,7.311515090383971
445,7.014379022538663
446,6.886046369821021
447,6.935893419264734
448,7.160199844980113
449,7.543418820222539
450,8.06292344966119
451,8.694317856709034
452,9.415118311123788
453,10.20640014951431
454,11.053036532651896
455,5.025632239209338
456,5.146073230231583
457,5.493634662718035
458,6.0291654275951405
459,6.707794833519292
460,8.348185674814022
461,7.24853402433254
462,6.1533039302409085
463,5.065364283958197
464,3.9906821115878386
465,2.943812904647289
466,1.96961606275387
467,1.2512404912796016
468,1.3132708839561782
469,1.3244270481288383
470,1.4948257575160748
471,2.2776662165192287
472,3.2578958011940102
473,3.6417356673375676
474,4.183337613392238
475,4.9204929239310315
476,5.778845018795071
477,6.71205713608099
478,6.905497413028658
479,6.399802759428479
480,6.058210778127805
481,5.909248847294098
482,5.967360193641695
483,6.226749959365756
484,6.663955587086001
485,7.2468651644164535
486,7.943466937691986
487,8.726576700147923
488,9.574992242885239
489,10.472854130248123
490,4.045713947289773
491,4.19448730810723
492,4.614380589240039
493,5.240625408931467
494,6.009048438898546
495,8.269882719399506
496,7.158220714737733
497,6.046664349115178
498,4.935285001141975
499,3.8242370057054673
500,2.7139273481059067
501,1.6058882176115483
502,0.5149899278689102
503,0.6514711243225529
504,1.748278286635529
505,2.3868957258370838
506,2.557929361162864
507,2.4157580438117203
508,2.7571059937402245
509,3.440965303534359
510,4.307169976269048
511,5.266502294099155
512,6.276403575931321
513,6.0906110964148725
514,5.5107282356077585
515,5.11014380375654
516,4.932735098584444
517,5.002303795246154
518,5.309149914671081
519,5.815837362096938
520,6.475624871598082
521,7.246815340710238
522,8.09764222082171
523,9.005562077955268
524,9.954966046791629
525,3.0657958994676324
526,3.2597054002087646
527,3.784853530393459
528,4.527407133043459
529,5.398386481307251
530,6.345124112750286
531,7.201122559267371
532,6.097387490422447
533,4.997295731923847
534,3.903928455468828
535,2.8251039746726345
536,1.787352757341562
537,0.9385678557330468
538,1.0198292453288906
539,1.9162609656864193
540,2.444490127101586
541,1.6720966340911398
542,1.445387362267607
543,1.9634776294350564
544,2.845031893775961
545,3.8478605552878165
546,4.898032005846735
547,5.970616928649965
548,5.33074115251455
549,4.6572743071021305
550,4.175699789695377
551,3.9567152439001605
552,4.043214604067684
553,4.417288214885226
554,5.0149923267904635
555,5.767211018139494
556,6.621492267104241
557,7.543239276628662
558,8.510559308953123
559,9.509555338896417
560,2.0858784511221367
561,2.36176550341741
562,3.0459556673319423
563,3.9307273901287316
564,4.908793330097562
565,5.934201576762183
566,6.986136772468156
567,6.3016745890439605
568,5.244587218686096
569,4.215821371970914
570,3.2424476655903067
571,2.3930411959634124
572,1.8473461356293346
573,1.8898654983443628
574,2.490654078068634
575,2.0353970015519445
576,0.9815237153512011
577,0.5067533837093886
578,1.422347186252964
579,2.502440085759451
580,3.6019721800186693
581,4.707341407490487
582,5.8152201167243645
583,4.6529203413904
584,3.863121830096444
585,3.266590731631635
586,2.98167434586025
587,3.095643869134325
588,3.5705044723713892
589,4.287989688992826
590,5.147627717847948
591,6.089511378852777
592,7.080896038480072
593,8.103634415823274
594,9.147215693632756
595,1.1059632112587225
596,1.5654056353548886
597,2.4800599386312685
598,3.5105216297099853
599,4.579267326066744
600,5.664669336506338
601,6.758707750583234
602,6.64537846830687
603,5.652895666067628
604,4.714049853712943
605,3.868095761815796
606,3.189815952261443
607,2.803667060024031
608,2.831789954262926
609,3.1428060202727317
610,2.055457968917983
611,1.0224713098595943
612,0.5821082661766167
613,1.4509013833430258
614,2.2725383717984733
615,2.9511923371960034
616,3.8376430305926488
617,4.81854066172456
618,4.098065760724802
619,3.173112768445711
620,2.4116402229328195
621,2.009038264942285
622,2.1747007142778565
623,2.8098530041447805
624,3.6788703258836066
625,4.652500629335864
626,5.677173557222176
627,6.729613610989436
628,7.798587139293141
629,8.878123993650407
630,0.1261017599949555
631,1.1150582261188766
632,2.2234366155511056
633,3.334193794770041
634,4.445547039541062
635,5.557138746012208
636,6.668849671875253
637,7.7806287144216135
638,6.190441628263734
639,5.346775280830453
640,4.618149663303196
641,4.066874571441887
642,3.7715372602188646
643,3.7924108280622275
644,3.4459021788226254
645,2.4943398936614463
646,1.7441569540138258
647,1.5281681031162235
648,1.0459109618290185
649,1.4718885285263417
650,2.3899464975046345
651,3.4249226271046744
652,4.496799757890597
653,3.7215893239818816
654,2.669270894173234
655,1.6948892110982259
656,1.0455400951761158
657,1.3366080445120772
658,2.2254775577382846
659,3.254511019592675
660,4.32478853987198
661,5.411895432644708
662,6.50740276565537
663,7.607682410323563
664,8.71092617805643
665,0.13935306878910925
666,1.1084435751364397
667,2.2160183624350367
668,3.326513181687437
669,4.43773645625133
670,5.549250589425909
671,6.660909975015387
672,7.772652290446121
673,6.826764202410156
674,6.072097614334143
675,5.44140526801325
676,4.981995085664494
677,4.743892986405877
678,4.7604231103358785
679,4.521920735287491
680,3.4101240648684126
681,2.298475033926341
682,1.1873883811032426
683,0.09827103229511731
684,1.040329546926996
685,2.1512266916443945
686,3.2628406846930207
687,4.110933675386495
688,3.5802122947003294
689,2.4683593113928457
690,1.3566641616207002
691,0.24726493276784403
692,0.8686797964697395
693,1.9801342310255392
694,3.091944517489287
695,4.203828322832299
696,5.315739513815015
697,6.427663878259734
698,7.539595587782016
699,8.317414960738358
700,1.118800462512259
701,1.5687023289317787
702,2.4784676385938185
703,3.5067989664643497
704,4.574422199985443
705,5.659143067030424
706,6.7527271793999
707,7.851471886377148
708,7.53688630150218
709,6.860711083364959
710,6.309272517498062
711,5.917545480494118
712,5.7184465556991
713,5.706974159034285
714,4.6127857673931585
715,3.5297157598311295
716,2.472419155382514
717,1.4965566945369018
718,0.9161712314778176
719,1.3827218940097834
720,2.195751042347124
721,2.653827865053185
722,3.4259515879632825
723,3.700975806812273
724,2.6404576117399357
725,1.649143171649924
726,0.9696351510836223
727,1.2781133659618797
728,2.1908485914592437
729,3.230932318939037
730,4.307074653734405
731,5.39775164494801
732,6.495645918047616
733,7.274335450716672
734,7.349477529280056
735,2.0986876052478363
736,2.369241871069654
737,3.0487680586910684
738,3.9305888312836803
739,4.906825113898882
740,5.931036932022443
741,6.982143491256995
742,8.04961605474706
743,8.301891617126334
744,7.693176666896543
745,7.20564996864974
746,6.8651785956645535
747,5.996217884726304
748,5.116838402823864
749,4.345377275900827
750,3.7490577761630997
751,2.976083246355896
752,2.232406385804206
753,1.892899184627613
754,1.349866238232571
755,1.2534205414143147
756,1.9475239563451727
757,2.913331148670999
758,3.71192962656145
759,2.9555809794761885
760,2.3473508666878753
761,1.9314013622918333
762,2.103194860430474
763,2.7548880716600075
764,3.637066155786176
765,4.619518851948386
766,5.650178837276636
767,6.405563757721128
768,6.297500100681277
769,6.384248547709219
770,3.078594618463002
771,3.268958133457183
772,3.790421069167941
773,4.530050621650242
774,5.398915403825866
775,6.344137340131014
776,7.336261431618773
777,8.358603181482769
778,8.522314943469292
779,7.881898592540875
780,7.354703276406885
781,6.521759383592587
782,5.503491883487475
783,4.52949915449377
784,3.6355418432921276
785,2.896692704259057
786,2.4571029641236293
787,2.481278612836
788,1.7913435918118525
789,0.6964911242610596
790,0.4838907417513556
791,1.5671831275449386
792,2.674105084341402
793,3.1657938495736273
794,2.231511414430505
795,1.5523846134668837
796,1.5208599817801178
797,2.165408617533741
798,3.088338740853373
799,4.106037040295932
800,5.162761516374773
801,5.790147516773775
802,5.4480532195013005
803,5.320678647174722
804,5.423174385721882
805,4.058507105035665
806,4.204660231965081
807,4.621657431995015
808,5.245295909570648
809,6.011605687917988
810,6.873029806631988
811,7.798111085801754
812,8.571144141725787
813,7.777355897358538
814,7.069857091205049
815,6.4769866068952995
816,6.032635692770634
817,5.151463452763831
818,4.094614566842809
819,3.076852856053034
820,2.1543075095151396
821,1.5125873509527659
822,1.5516644108587612
823,1.9456244864815049
824,1.0303340600725932
825,0.900324518225269
826,1.741390975833258
827,2.7797775366264523
828,2.8596873511096597
829,1.7707000367928662
830,0.752201989233714
831,0.6849083026362076
832,1.686787856115313
833,2.773854628159338
834,3.875067491398232
835,4.981052997682434
836,4.907513946988875
837,4.498895906464094
838,4.343880474148146
839,4.468936420374484
840,5.038421866737544
841,5.156796307781435
842,5.502023558605662
843,6.035299507541006
844,6.711950452646016
845,7.4932355787464555
846,8.349834838198227
847,7.9522142495276915
848,7.089529257957187
849,6.305394564655724
850,5.632711427019402
851,5.115636549998667
852,4.804674649839669
853,3.8640073560622006
854,2.762585873073931
855,1.6751331000021765
856,0.6731444403355638
857,0.7569929395971886
858,1.7792738748886092
859,1.8845699840180512
860,1.8166906765217439
861,2.3498911215033718
862,3.1963219222943358
863,2.871429036140186
864,1.7895991790586525
865,0.7956683169052452
866,0.7323750788386774
867,1.7066109042251179
868,2.7859523753062874
869,3.883735680150066
870,4.7818698369488555
871,4.068230919531823
872,3.5647704840396957
873,3.367125852304379
874,3.527087540558519
875,6.018337787209605
876,6.117697990148256
877,6.41131260219921
878,6.874335711493398
879,7.475353855989486
880,8.184021057948087
881,8.389052779136147
882,7.411331782359936
883,6.477062073308518
884,5.608002270947153
885,4.839411937063797
886,4.226462868455061
887,3.8443375133369675
888,3.764005248489594
889,2.777001284093481
890,1.6987992250499702
891,0.7300437101976328
892,0.8080044351116473
893,1.8015662219623132
894,2.8204870354189358
895,2.775516629552533
896,3.150349217899153
897,3.823450015150095
898,3.1975192865736073
899,2.2762915007607916
900,1.6160874671323886
901,1.5858236670470656
902,2.211514639578441
903,3.120836361575439
904,4.130533196447442
905,4.152286153019076
906,3.3054859465086857
907,2.6615515427858356
908,2.3904681787401567
909,2.6110690987712357
910,6.998254374421413
911,7.083799066085546
912,7.338781607048695
913,7.746488436120524
914,8.284401731788513
915,8.92902023539424
916,7.998916250713111
917,6.966698924787105
918,5.963219668709232
919,5.00579123734419
920,4.126592443216335
921,3.3871000367411406
922,2.896375374725603
923,2.7889776172794027
924,3.1049418954301045
925,2.209204507945532
926,1.5897929542700289
927,1.6270098380332003
928,2.2890484234195942
929,3.210169256059771
930,3.7443246184131205
931,4.0299600786795615
932,4.575374485766932
933,3.7569783560303853
934,3.0119581555627395
935,2.549854841281774
936,2.530709329401367
937,2.9631203022819057
938,3.6916847589191537
939,4.577100939486052
940,3.677742157617999
941,2.685311297178805
942,1.835447751736377
943,1.4141083543039794
944,1.761646595612021
945,7.9781713772572616
946,8.053228520485877
947,8.278322398356604
948,8.641736799323317
949,9.126963850926185
950,8.799229106883358
951,7.714027724672446
952,6.637686108532519
953,5.575337863357557
954,4.536823776890697
955,3.543163833543305
956,2.6453945257541966
957,1.978655280548817
958,1.817939360482033
959,2.273233950636844
960,2.9648049078650307
961,2.537037027672687
962,2.5604507092643125
963,3.0245860883883653
964,3.7700393093811613
965,4.663811102435305
966,4.946677911737801
967,5.237726619928431
968,4.4628886409708795
969,3.8566607315218566
970,3.5075847921579775
971,3.4936130653020667
972,3.818425791563603
973,4.407752363854389
974,4.528441459516712
975,3.4233317699903734
976,2.3247539872024325
977,1.250049652230507
978,0.44003352543531105
979,1.1390773513728583
980,8.95808865375047
981,9.024913837942224
982,9.226247771914839
983,9.553590258530846
984,9.760107283886352
985,8.65256395755917
986,7.546316599179645
987,6.442032887155773
988,5.340930963050616
989,4.245487217467505
990,3.161588557042937
991,2.107127196707319
992,1.164985051799541
993,0.8644406558366201
994,1.6156074562664187
995,2.635522640153173
996,2.7131098342131743
997,2.854124581442227
998,3.3769737153154837
999,3.9981887096537645
1000,4.323659468300462
1001,4.886247175922409
1002,5.615127225376085
1003,5.256576405797923
1004,4.752612245695513
1005,4.4739147006862385
1006,4.462887437885103
1007,4.721406332925058
1008,5.209496442178706
1009,4.539747874242925
1010,3.4382727346177004
1011,2.346697758529861
1012,1.2903967136199412
1013,0.5441684697860558
1014,1.1832063661315697
1015,9.93800611726573
1016,9.998197319166838
1017,10.180215813812662
1018,10.838956833029625
1019,9.727145111641741
1020,8.615368892820177
1021,7.50364395727615
1022,6.3919970633233305
1023,5.280477499172691
1024,4.1691871057520205
1025,3.0583757074696147
1026,1.9488625285225774
1027,0.8457722411419948
1028,0.3247438289810606
1029,1.4030141719895772
1030,2.170554154976091
1031,1.7389404683045429
1032,1.951764546930177
1033,2.6585180124883188
1034,3.0378455518000025
1035,3.455092095337509
1036,4.137593423927533
1037,4.977404892108476
1038,5.907817003093005
1039,5.675593832993148
1040,5.444267139178952
1041,5.435125183110056
1042,5.649246726521265
1043,5.820804995233667
1044,4.756167198742572
1045,3.7193204147767216
1046,2.7419745747665787
1047,1.9173854816067675
1048,1.518937752840006
1049,1.8468456904803394
1050,10.917923711678538
1051,10.97265369130689
1052,11.138674059611356
1053,10.897625000279502
1054,9.792470463825422
1055,8.689049846731086
1056,7.58811959637851
1057,6.490947010630245
1058,5.399823098636647
1059,4.319334232751748
1060,3.2600719697224694
1061,2.252188401802386
1062,1.4104957506317608
1063,1.174523837042721
1064,1.800660029241081
1065,1.5128489937477692
1066,0.7755958576199435
1067,1.177814977721886
1068,2.036784528616563
1069,2.0940968759744303
1070,2.663616807664909
1071,3.5039020437703132
1072,4.4646015307924936
1073,5.482779075188574
1074,5.180290196146638
1075,4.8235286192969555
1076,4.708536084411641
1077,4.85253105784851
1078,5.234182378243007
1079,5.151915082802896
1080,4.213558501307151
1081,3.382127094503761
1082,2.7561484609387854
1083,2.495353123309751
1084,2.7074124726769426
1085,11.897841398801338
1086,11.947995975569704
1087,12.100555573236523
1088,11.043148279436906
1089,9.954148455298524
1090,8.870844450769049
1091,7.795611157597489
1092,6.7323166608750356
1093,5.687660694454738
1094,4.674156927115818
1095,3.7173732708030007
1096,2.874516888238625
1097,2.2758938679495113
1098,2.137615659253124
1099,2.4374090532682815
1100,1.3345355909536294
1101,0.3063820088007172
1102,0.9378789731817567
1103,1.1039449791574945
1104,1.2065327925484783
1105,2.0409827445701776
1106,3.057509128264508
1107,4.123587745744963
1108,4.729651379326511
1109,4.311011096670738
1110,3.875128231962708
1111,3.7311235589775475
1112,3.911369232152477
1113,4.37597961464276
1114,5.047023673907177
1115,4.856327013173119
1116,4.1554864560943985
1117,3.6640258476512004
1118,3.4720260994538727
1119,3.627355394207062
1120,12.367062740147048
1121,12.001042063745464
1122,11.729392144210731
1123,11.272163280896116
1124,10.207601728945912
1125,9.15431391365916
1126,8.11668993803873
1127,7.1015991169689565
1128,6.120263608165335
1129,5.191859531627599
1130,4.350407602317178
1131,3.656439438014733
1132,3.2071661274189647
1133,3.110489016421935
1134,2.710762814071967
1135,1.7855320887872175
1136,1.2251028359597362
1137,1.5121148732541656
1138,0.4503575167240117
1139,0.663283180364836
1140,1.7748041030265687
1141,2.886654979931541
1142,3.614358872672388
1143,3.787515922471165
1144,3.4993863726954175
1145,2.945862633637222
1146,2.753792024734309
1147,2.993575882301865
1148,3.57945314246277
1149,4.3745097123511245
1150,4.949042589070891
1151,5.000627614449411
1152,4.600278281271131
1153,4.448787018089402
1154,4.570964180558905
1155,11.462093330983894
1156,11.066271863971531
1157,10.771166255520491
1158,10.585203452857835
1159,10.514176233557878
1160,9.530389975454298
1161,8.538551731024345
1162,7.580122706615696
1163,6.669521484795581
1164,5.829205385794266
1165,5.094076562854805
1166,4.515800995560746
1167,4.160308070277402
1168,4.086163219029608
1169,3.2665813882814083
1170,2.5475920510158447
1171,1.9614159288550312
1172,1.8266629953804772
1173,1.0492251191222053
1174,1.1566811689244942
1175,2.0119174005249967
1176,2.6813504364275524
1177,2.6364867069666813
1178,2.8693773641656906
1179,2.796081452585076
1180,2.061769121734154
1181,1.7766751564251424
1182,2.1295820223363386
1183,2.8959500766648523
1184,3.8354656016567015
1185,4.002737875899329
1186,4.441311979714454
1187,5.089347280454157
1188,5.276769186403577
1189,5.229425194272492
1190,10.570462136216777
1191,10.139985160754456
1192,9.817168066394391
1193,9.612863211537654
1194,9.53469191426845
1195,9.585740512484271
1196,9.047109130086003
1197,8.148664814667637
1198,7.309182904760412
1199,6.551368790718558
1200,5.906739638081819
1201,5.415863282570521
1202,5.123127839731016
1203,4.064268232371874
1204,2.9882655411891736
1205,1.9529587684536605
1206,1.0822325464233413
1207,1.0006342710646061
1208,0.4551258647889385
1209,0.6630145539597508
1210,1.5547979201543
1211,1.7934327767739326
1212,1.658640976896727
1213,2.008420025100634
1214,2.302589025098012
1215,1.3171843492930349
1216,0.8005593862463936
1217,1.4211538907374166
1218,2.423081459789261
1219,2.868716880535979
1220,3.0758149917010664
1221,3.6283055771047046
1222,4.397888929213417
1223,4.31302308540832
1224,4.255072291339285
1225,9.695849611433108
1226,9.22473788400353
1227,8.86876198946723
1228,8.642161204194004
1229,8.55522192517158
1230,8.61217480981444
1231,8.343534080563682
1232,8.07698675556563
1233,7.958249192102128
1234,7.993910583410535
1235,7.3047482587192665
1236,6.192922289377471
1237,5.081150281517775
1238,3.9694775760242007
1239,2.858020050987939
1240,1.7471884097683714
1241,0.6402487084758222
1242,0.48993042391121305
1243,1.02527065816308
1244,1.1329382394838972
1245,0.5975159411530797
1246,1.0752787330804308
1247,0.680935600568269
1248,1.3215712276167588
1249,1.5078158305764287
1250,1.0631814378125342
1251,0.19061136175939486
1252,1.1896104212716208
1253,2.195218150963943
1254,1.8914710062059226
1255,2.1929898937196985
1256,2.9178089468367165
1257,3.7732191425036374
1258,3.3568569743728034
1259,3.2821725916251507
1260,8.843306700096353
1261,8.324172210669495
1262,7.92795520741966
1263,7.673719158653232
1264,7.575771832491046
1265,7.640126515124186
1266,7.4159625983534445
1267,7.114845576886417
1268,6.979857825232381
1269,7.020588600162401
1270,7.234070408819469
1271,6.285390761865233
1272,5.193441070318119
1273,4.112223922777577
1274,3.053162843665699
1275,2.0508738204695094
1276,1.250290295775296
1277,1.1803518706747884
1278,1.9225237507444368
1279,1.3724235195528505
1280,0.45814508748281335
1281,0.7683804474193697
1282,0.29801405578980056
1283,1.032109661481631
1284,0.5583405638567753
1285,1.4251667811508915
1286,1.158829882520625
1287,0.9127068930669379
1288,1.422656212021389
1289,0.9142259344807845
1290,1.4379189712142042
1291,2.402555972626613
1292,2.9684059753178578
1293,2.417282550916475
1294,2.3125609318622797
1295,8.019874749287835
1296,7.443618814866205
1297,6.997813414684086
1298,6.708515899315846
1299,6.596350507284163
1300,6.670259059246357
1301,6.503564888769271
1302,6.158090188794014
1303,6.00172099458327
1304,6.049140156496177
1305,6.295744593108881
1306,6.524990844275759
1307,5.4809588400096745
1308,4.469807193856278
1309,3.5199865271046673
1310,2.6970903225731355
1311,2.152010576557117
1312,2.1120760146081685
1313,2.600662015281573
1314,1.9104521770114131
1315,1.405706739432179
1316,0.9278355401825087
1317,0.7594954835138761
1318,0.5661684465841145
1319,0.34102414474472426
1320,1.0676396946033395
1321,0.8419439093620579
1322,0.2971592881332028
1323,0.4670714045787555
1324,0.06305581311742219
1325,1.1116909479064974
1326,2.2227460120231814
1327,2.300937220229079
1328,1.5252759510043012
1329,1.3533231947137359
1330,7.235499470593185
1331,6.5911033467527735
1332,6.083230701530447
1333,5.748183183437799
1334,5.616973006390009
1335,5.703685063230197
1336,5.613744387398495
1337,5.20968873422393
1338,5.023987380505682
1339,5.080640070206757
1340,5.371984705677211
1341,5.863138891805156
1342,5.918219928943622
1343,4.996311087497183
1344,4.168187135188375
1345,3.5010435101614394
1346,3.1005950205299007
1347,3.072935967087558
1348,3.3877068576485945
1349,2.707310876237946
1350,2.37810193979723
1351,1.744749722277834
1352,1.284905181837759
1353,0.43309826620039255
1354,0.48810915913609615
1355,0.9048937397780515
1356,0.6170347712934305
1357,0.6121863701876727
1358,0.4219757241312832
1359,0.7315449999121534
1360,1.132266140284437
1361,1.2991715275210909
1362,1.845383466181582
1363,0.8474220660739972
1364,0.4725396946052271
1365,6.504326118639627
1366,5.779047488480875
1367,5.192435208685828
1368,4.795647904555632
1369,4.637667103007484
1370,4.742418728660424
1371,4.759181724601082
1372,4.275204493266503
1373,4.046949251253455
1374,4.1171695418942775
1375,4.4718266785161545
1376,5.051360674133391
1377,5.7078347026628915
1378,4.846936619127447
1379,4.108415059972579
1380,3.569063762168872
1381,3.3271940265179127
1382,3.446024689408906
1383,3.5583642837098326
1384,2.6925748307297677
1385,2.044472300089983
1386,1.51448376186013
1387,1.2304820776616492
1388,1.1273708587593754
1389,0.586387572205609
1390,0.3961599054096544
1391,0.30346412575870096
1392,0.4190598850700962
1393,0.7998446776052744
1394,0.35018357516238735
1395,0.80906089950821
1396,0.3731294993783968
1397,1.362705382654714
1398,1.0090724633189299
1399,0.7234420195514102
1400,5.846349978293948
1401,5.027096654045288
1402,4.3400985634291604
1403,3.856691896197954
1404,3.6584903026884787
1405,3.7905002675480404
1406,3.9627528619898533
1407,3.366247924494556
1408,3.0712704351230555
1409,3.1633275572884503
1410,3.6129548206810163
1411,4.309652653103936
1412,5.154185832609385
1413,4.236589034268309
1414,3.366821701974183
1415,2.682378111170754
1416,2.351101554697009
1417,2.516558550980753
1418,2.598390901617755
1419,2.132282175136566
1420,1.2152325602759468
1421,0.7102169131590433
1422,0.3235661249678961
1423,0.5228510203624789
1424,0.1862984339512161
1425,0.7599048344537637
1426,0.15160104579842892
1427,0.7934935310348904
1428,1.3357334803035492
1429,0.8760402240349441
1430,0.33670482489372067
1431,0.3047675587535229
1432,1.3435358881950565
1433,1.5941970574918596
1434,1.6527877798679935
1435,5.288960396669345
1436,4.3664145552065525
1437,3.553999473135813
1438,2.944335347566326
1439,2.6795841504888847
1440,2.857287874352127
1441,3.2672503373336528
1442,2.510699433370584
1443,2.0988474878574848
1444,2.2314954995433793
1445,2.8331688630078244
1446,3.6806224613222067
1447,4.641118383956589
1448,3.7841521197188235
1449,2.7761395271947977
1450,1.8886387659392874
1451,1.3783411792599405
1452,1.644857054323039
1453,1.6598844126396342
1454,1.6405446013277727
1455,0.8287667263701807
1456,0.2999234726555137
1457,0.654533343104881
1458,0.3603278009872453
1459,0.6848504810592085
1460,0.6417059593161661
1461,0.6698032783319838
1462,0.7973833745989755
1463,0.4831943243395028
1464,1.46152942104927
1465,1.1764770640627387
1466,0.789551177000559
1467,1.4453843692054829
1468,0.6371207129158105
1469,1.093422135217455
1470,4.86684089800067
1471,3.8443485550692142
1472,2.888728713992735
1473,2.0936460152097798
1474,1.7014158735390732
1475,1.969553400197321
1476,2.7085655800625066
1477,1.7869899720877946
1478,1.1380572707508252
1479,1.3674347737530876
1480,2.2175309890107497
1481,3.230769541729974
1482,4.2931529548934675
1483,3.5505149590521983
1484,2.448154659057948
1485,1.3614801996890689
1486,0.4320390872287515
1487,0.9962678108366313
1488,0.8201825164317595
1489,0.7804268841316948
1490,1.006771466680474
1491,0.6999277829321404
1492,0.8376516320562235
1493,0.3615890421726185
1494,0.35379489524540814
1495,0.369225946873446
1496,0.6125592918268135
1497,0.9681161415591142
1498,0.5429346820536373
1499,0.8313580097219259
1500,1.1665004062478141
1501,1.7502086998871984
1502,1.3645925094771836
1503,0.4229906452550086
1504,0.9841706125004047
1505,4.617241908828637
1506,3.5230696889431137
1507,2.444990706216095
1508,1.420141332982502
1509,0.7269701435625785
1510,1.2300537002274368
1511,2.2294485760120173
1512,1.4144927208261517
1513,0.3205352236442293
1514,0.8231393223094665
1515,1.9300870965518884
1516,3.0406868300810723
1517,4.152009024434946
1518,3.578789499941412
1519,2.4889797237611
1520,1.4335857772972744
1521,0.6230398314888136
1522,1.0927265978045464
1523,0.7099891426998975
1524,0.6636770666014954
1525,1.6881090763677036
1526,1.2697489033373905
1527,1.0348839576432378
1528,1.153813094335325
1529,0.8289932695282194
1530,0.5294220616221115
1531,0.8495565609983365
1532,0.4385029825640916
1533,0.8618510008057847
1534,0.3154693943302378
1535,0.3807473430851232
1536,1.355775660468584
1537,1.8825010775487863
1538,1.363986476886953
1539,1.6278729116933506
1540,4.568528170892736
1541,3.458986664460183
1542,2.3517206854762978
1543,1.2527784963805138
1544,0.28492118278095063
1545,1.0323606640659178
1546,2.1267861533155266
1547,1.6510545550241003
1548,0.9098715402220409
1549,1.1843198989419468
1550,2.1095552501977672
1551,3.15764079836943
1552,4.238399438078051
1553,3.863229309153184
1554,2.8829892758989946
1555,2.042443616601031
1556,1.5825255072960211
1557,1.8193571193394604
1558,1.499790629374389
1559,1.4783740974052355
1560,1.4404497510029257
1561,0.5342167576410702
1562,0.2304446503352174
1563,1.272528666834444
1564,0.4388899751092624
1565,0.29288790856081853
1566,0.24392356741664964
1567,0.3801058270496954
1568,0.14386015194557036
1569,0.7000454494661434
1570,0.6879277894511003
1571,1.4718602610027482
1572,2.1750496278525313
1573,1.6462512938516887
1574,1.7782879550797512
1575,4.726914505286921
1576,3.665613448142524
1577,2.646239874451762
1578,1.7439355796872462
1579,1.246153862923886
1580,1.5929061193565266
1581,2.448400022690406
1582,2.3170903337095528
1583,1.8629397512739707
1584,2.011229398353437
1585,2.6631569879267527
1586,3.551426314243674
1587,4.539351810807251
1588,4.353914984303279
1589,3.513300801111014
1590,2.8640620729959463
1591,2.5564199199672824
1592,2.709349786716407
1593,2.4307532568867667
1594,1.6459292413388642
1595,0.7693991724417129
1596,0.5227937521765769
1597,0.4992855497268143
1598,0.40991726566699566
1599,0.4585042964492026
1600,0.14238213997816723
1601,0.82433491167154
1602,0.6637048726241702
1603,0.7253438422747569
1604,0.06892198705716707
1605,0.5256499417609862
1606,0.8430166055673746
1607,1.594737847093962
1608,0.7229791262277839
1609,0.9874569191492089
1610,5.073040125089316
1611,4.10224568279203
1612,3.223967340928129
1613,2.5362124183364436
1614,2.2234306125083423
1615,2.4347024846002787
1616,3.0634573492320554
1617,3.151121871954547
1618,2.8338626824586055
1619,2.9334022116246623
1620,3.413470601647082
1621,4.143860125832504
1622,5.016396527152881
1623,4.990374659633831
1624,4.276679330977117
1625,3.7615149934698184
1626,3.5328269249702635
1627,2.934429107011452
1628,1.880599993601167
1629,0.9671095174514448
1630,0.508111453067061
1631,0.3807825248033488
1632,0.047821987136098594
1633,0.6638180759633061
1634,0.558884958989938
1635,0.32494832339496565
1636,0.45049392738029825
1637,0.7168329739032246
1638,0.2826988040993927
1639,0.40909442623057385
1640,0.45615627285960203
1641,0.9581838502562221
1642,1.4354225946103136
1643,0.3554023443525178
1644,0.8155035066487631
1645,5.572027973417928
1646,4.705282328845314
1647,3.9629193766808974
1648,3.4267536112683183
1649,3.2020950599477183
1650,3.3521705457625774
1651,3.8332158949309765
1652,4.050674687567363
1653,3.809011124553982
1654,3.883558692606352
1655,4.257740309169369
1656,4.862873534361936
1657,5.624907779824887
1658,5.724188266747701
1659,5.11387698980385
1660,4.691482319107265
1661,3.9536310017319316
1662,2.843962523563203
1663,1.7372132610510127
1664,0.6485054623326122
1665,0.4740828300240144
1666,0.5340559736969239
1667,0.09577598026072877
1668,0.22442382660094834
1669,0.4307009778819296
1670,0.46372179752035647
1671,0.5577229860867496
1672,0.37706671781200307
1673,0.38721122237936917
1674,1.269091509444079
1675,1.1673482941550752
1676,1.742117879343036
1677,0.9903660925161412
1678,0.2805699371256269
1679,1.218255696715378
1680,6.1870024714280705
1681,5.419456464579955
1682,4.789037392737191
1683,4.355698785973553
1684,4.181172881711761
1685,4.2971110535949535
1686,4.681984849893372
1687,4.980371139587386
1688,4.7858028171247184
1689,4.845263914354023
1690,5.149962919678324
1691,5.660434226043084
1692,6.327066860689559
1693,6.5225801524781275
1694,5.994041855507966
1695,5.198494876236598
1696,4.124109791661036
1697,3.0765364425747803
1698,2.0963620166169026
1699,1.3406167387980459
1700,0.9480790892220523
1701,0.7139083953954237
1702,0.9120461214813995
1703,0.9840627017374145
1704,1.3597182752441128
1705,0.7420279966325591
1706,1.0171905167716202
1707,1.0976230154208912
1708,0.7322184766748246
1709,1.529828043905802
1710,2.104057210476778
1711,2.201669780280822
1712,1.1703957547384216
1713,0.3725884810738834
1714,0.32936836132101943
1715,6.88696214569309
1716,6.206520710084098
1717,5.664310448321369
1718,5.302903750492818
1719,5.160428792337148
1720,5.254723994306355
1721,5.573785517371662
1722,5.926041071837353
1723,5.7634023126857805
1724,5.8127886010237395
1725,6.069026123857275
1726,6.507726679377608
1727,7.09512485051917
1728,7.364577433453957
1729,6.542557650697676
1730,5.5059804525626586
1731,4.5054903309074215
1732,3.5715441683373355
1733,2.7722327855830913
1734,2.2555451082018263
1735,1.742550046086072
1736,1.6269880441110687
1737,1.8182293783013088
1738,1.8646151000876359
1739,2.187827667183967
1740,1.6725985919907076
1741,1.435465905819334
1742,0.5718696607989824
1743,0.4924004120095817
1744,1.3057442470516032
1745,2.177886280459824
1746,2.132296935387526
1747,1.650211232646349
1748,0.8291047291752124
1749,0.22829980822209117
1750,7.648610312891641
1751,7.0420774343561785
1752,6.56911950275604
1753,6.260085388278497
1754,6.139777575173879
1755,6.2191582914170915
1756,6.49090537689627
1757,6.88110192085477
1758,6.741458189209955
1759,6.783643181191373
1760,7.00437238614321
1761,7.387659416824095
1762,7.909908483376829
1763,7.935607973663437
1764,6.929017345446113
1765,5.959995887265909
1766,5.050216106255948
1767,4.238003846678494
1768,3.5901995250901995
1769,3.154345993344825
1770,2.6621914751571545
1771,2.5538382953221825
1772,1.8208685737696433
1773,1.606828235416696
1774,2.0787241000734977
1775,2.4886340690801996
1776,1.4095803291070739
1777,0.503384760190867
1778,0.30642359522231416
1779,0.8108012732948192
1780,1.8444219798860708
1781,1.4661085978916824
1782,0.7033896075683858
1783,0.4839421474074643
1784,0.670124168862564
1785,6.754196364186076
1786,6.759424996005966
1787,6.945023070424543
1788,7.223278651917152
1789,7.119180897174257
1790,7.1876686153057445
1791,7.423966925675541
1792,7.81286445658109
1793,7.71979698034013
1794,7.756577388552707
1795,7.950256680473955
1796,8.289845048015623
1797,8.758386934171854
1798,8.37228787386539
1799,7.425088615147251
1800,6.530048976775501
1801,5.711742320149056
1802,5.007926019906986
1803,4.472975263326762
1804,3.989285700455579
1805,3.16953033252267
1806,2.0896736842838837
1807,1.077224219678373
1808,0.6534143148114844
1809,1.4718528624853005
1810,2.5255917654038376
1811,1.9555459730707965
1812,1.4458442772246112
1813,0.9770392610773733
1814,0.39493764365528883
1815,1.309040302475937
1816,1.0298230895070497
1817,0.10888548739982142
1818,0.2636054395269018
1819,0.7205086807061014
1820,5.777730136572177
1821,5.783940602123986
1822,5.999886158644307
1823,6.404386045081118
1824,6.964664312234975
1825,7.646554715671042
1826,8.367638962705218
1827,8.714444885015634
1828,8.698323219077935
1829,8.730896010610184
1830,8.903320969180763
1831,9.207744795553646
1832,9.631659512641777
1833,8.895569328190676
1834,8.010433151311648
1835,7.1885872522779355
1836,6.454254093898323
1837,5.84053652900067
1838,5.346031115743972
1839,4.237353008099934
1840,3.1309957968022495
1841,2.0307563082583595
1842,0.9579509523268219
1843,0.42922163294920507
1844,1.3869588072164292
1845,2.4770830820204512
1846,2.751779860348199
1847,2.158131513554413
1848,1.133389660406366
1849,0.5842873707329757
1850,0.8901230208226564
1851,1.2353319145652437
1852,0.17850932081136014
1853,0.20555257136641786
1854,1.079318118580065
1855,4.802661746160402
1856,4.810231702187824
1857,5.067934499268986
1858,5.540979428627449
1859,6.1801139024709295
1860,6.9395982986046745
1861,7.784285652770749
1862,8.689363819136046
1863,9.637834088535378
1864,9.706182142853827
1865,9.861483732092491
1866,10.137090877013614
1867,12.080179178093239
1868,10.97581474608985
1869,9.873153093709977
1870,8.772836313807682
1871,7.675872867081185
1872,6.583939083861799
1873,5.50003143210151
1874,4.430045141294161
1875,3.3871989105140634
1876,2.407030384221297
1877,1.608519936908342
1878,1.1247682164906287
1879,1.3006969399534631
1880,2.1427514642809546
1881,2.2683051714963924
1882,2.163759881637472
1883,1.6157487180704775
1884,0.5826502432033139
1885,0.7356500741953802
1886,1.0651040157549119
1887,0.08407246979776135
1888,0.7301645545391054
1889,1.5836816429152716
1890,3.830058948262306
1891,3.8396493025268574
1892,4.15804329409577
1893,4.7231984242353855
1894,5.459005836576459
1895,6.306008891747132
1896,7.225206821383483
1897,8.192334290706325
1898,9.192275599629628
1899,10.215399273565557
1900,10.823390989726418
1901,12.307959688991033
1902,12.227681065726546
1903,11.137936383425266
1904,10.053055841399468
1905,8.97480355508137
1906,7.905891991879865
1907,6.850694837400068
1908,5.816680630397616
1909,4.812625823402882
1910,3.700909791063604
1911,2.589394058316687
1912,1.478530432235606
1913,0.374172728821313
1914,0.7528748668182702
1915,1.8618534424933508
1916,1.387585988483932
1917,1.2092758501991383
1918,1.863374252094593
1919,1.2977783723081884
1920,0.18843951393125974
1921,0.8239240676870149
1922,0.7977713787480292
1923,0.5071768296343382
1924,1.1041810370516738
1925,2.862436145234851
1926,2.8753612223503078
1927,3.2885750430692045
1928,3.9792727539398802
1929,4.829840542715069
1930,5.770006054356081
1931,6.762502661590298
1932,7.787347225478877
1933,8.833287811103093
1934,9.893635958475995
1935,10.964212401507062
1936,12.042289519577432
1937,12.450536239846928
1938,11.382125340122972
1939,10.322914509875169
1940,9.276055887039384
1941,8.196340475047396
1942,7.0920167683620186
1943,5.990514905141353
1944,4.893740710426437
1945,3.805783727329482
1946,2.7371780621094777
1947,1.7242853691730362
1948,0.9628284640361874
1949,1.1635203453898815
1950,1.884767519591646
1951,0.785215473078098
1952,0.39196991855283647
1953,1.470911226612091
1954,1.604101013702621
1955,0.8879948868553043
1956,0.22787451236441858
1957,0.37924413862851447
1958,0.11896925701410295
1959,0.5020890318652289
1960,1.9073875608498896
1961,1.9268407434579613
1962,2.502032267572447
1963,3.358642279143937
1964,4.332857339504083
1965,5.360941126676158
1966,6.417054548377016
1967,7.489349148221003
1968,8.571754460145772
1969,9.660872665554786
1970,10.75466452610448
1971,11.851836134202763
1972,12.73356861745069
1973,11.63480857452698
1974,10.538815572340896
1975,9.446552759662088
1976,8.359482441258415
1977,7.279931084953709
1978,6.211820086656983
1979,5.1622556356378
1980,4.145349198523238
1981,3.1924628391062715
1982,2.381717920284115
1983,1.9042593825110345
1984,2.013129308144774
1985,2.038272796262031
1986,1.1039536907298122
1987,0.8693295347438595
1988,1.6630142086243633
1989,1.6106642749066138
1990,1.292210374351883
1991,0.8819648292843157
1992,0.310148852401447
1993,0.7293631019161076
1994,0.21460583942814157
1995,1.0015545134233819
1996,1.03824181785568
1997,1.9041121366133444
1998,2.940442536883976
1999,4.017415079887309
2000,5.109394079825569
2001,6.208466326660811
2002,7.311433698192792
2003,8.416765034401513
2004,9.523637272232298
2005,10.631569144262832
2006,11.740260660347271
2007,12.849515189454454
2008,11.831501211006016
2009,10.755549687505805
2010,9.68773138729956
2011,8.631065517203144
2012,7.590211240125922
2013,6.572684653543358
2014,5.591236233413095
2015,4.668674743269229
2016,3.8475949990559264
2017,3.2069164118805173
2018,2.8701046403442048
2019,2.9433910032428354
2020,2.5822327832926044
2021,1.9317986716042517
2022,1.8079348291594362
2023,1.9896969309797439
2024,0.9274479758468201
2025,0.48403301305383145
2026,0.6642186410505923
2027,0.3116285517245717
2028,0.5239847634882289
2029,0.17275710018957754
2030,0.5371155478185553
2031,0.6028222308639813
2032,1.7062117436940192
2033,2.8163424380907793
2034,3.9275021686620897
2035,5.039010238436984
2036,6.1506778019406765
2037,7.2624316179550945
2038,8.374237334207844
2039,9.486076701977083
2040,10.597939130034531
2041,11.709818049569353
2042,12.821709170235534
2043,12.1042970943815
2044,11.054900318307677
2045,10.01900673677819
2046,9.001279519087431
2047,8.008647327426958
2048,7.051715613572359
2049,6.147179533700102
2050,5.321823126486963
2051,4.618294988945664
2052,4.099799734799915
2053,3.841995467364063
2054,3.8969683758356033
2055,3.3305343491566033
2056,2.8558642108443992
2057,2.7735039064671287
2058,2.033399961704167
2059,1.0178234714367178
2060,0.640371899178882
2061,0.49787571769000405
2062,0.2809862521363548
2063,0.29716044060055313
2064,0.26965820835460125
2065,1.2224043182173074
2066,1.2526216366292846
2067,2.0289681932947623
2068,3.0227843475415663
2069,4.0780633653217855
2070,5.157212302097361
2071,6.2478747557652845
2072,7.344923520094892
2073,8.445870374677208
2074,9.549367181816638
2075,10.654621676903886
2076,11.761138333521828
2077,12.8685915717306
2078,12.448193935264179
2079,11.430378363149588
2080,10.431798918378684
2081,9.458550084244454
2082,8.519317613092975
2083,7.626679314307508
2084,6.799011987616822
2085,6.062982147933031
2086,5.455804516154191
2087,5.0244119242708765
2088,4.816273385612095
2089,4.778924024845379
2090,4.174704141942235
2091,3.8067120419259317
2092,3.434008311660703
2093,2.4941135509395105
2094,1.7668203130347775
2095,1.1172067265116277
2096,0.2167961511818365
2097,0.46456585891042107
2098,0.7198233730315404
2099,0.5169125606907304
2100,2.149522982343442
2101,2.16678218372927
2102,2.6911527763844867
2103,3.5017886506704974
2104,4.444727943991769
2105,5.451747563143596
2106,6.493100857248402
2107,7.554603116416109
2108,8.628821472526697
2109,9.71153716035356
2110,10.800194918755967
2111,11.893163111776705
2112,12.989353701302452
2113,12.857487824245926
2114,11.874764606231949
2115,10.916864816420091
2116,9.990930990171826
2117,9.106718857225644
2118,8.277609334978562
2119,7.521845912029036
2120,6.863699965025069
2121,6.333675880503051
2122,5.966019172986919
2123,5.791733855196505
2124,5.575459911809426
2125,5.067051703783771
2126,4.768347156183362
2127,3.97350525476654
2128,3.1963345983899454
2129,2.2708905926796055
2130,1.2448758510680975
2131,0.6444765466083082
2132,0.5241381136165811
2133,0.6424400514320184
2134,0.4774997265066298
