Grid_Number,Del_popu_Utilities
0,-1.0
1,-1.0
2,-1.0
3,-1.0
4,-1.0
5,-1.0
6,-1.0
7,-1.0
8,-1.0
9,-1.0
10,-1.0
11,-1.0
12,-1.0
13,-1.0
14,-1.0
15,-1.0
16,-1.0
17,-1.0
18,-1.0
19,-1.0
20,-1.0
21,-1.0
22,-1.0
23,-1.0
24,-1.0
25,-1.0
26,-1.0
27,-1.0
28,-1.0
29,-1.0
30,-1.0
31,-1.0
32,-1.0
33,-1.0
34,-1.0
35,-1.0
36,-1.0
37,-1.0
38,-1.0
39,-1.0
40,-1.0
41,-1.0
42,-1.0
43,-1.0
44,-1.0
45,-1.0
46,-1.0
47,-1.0
48,-1.0
49,-1.0
50,-1.0
51,-1.0
52,-1.0
53,-1.0
54,-1.0
55,-1.0
56,-1.0
57,-1.0
58,-1.0
59,-1.0
60,-1.0
61,-1.0
62,-1.0
63,-1.0
64,-1.0
65,-1.0
66,-1.0
67,-1.0
68,-1.0
69,-1.0
70,-1.0
71,-1.0
72,-1.0
73,-1.0
74,-1.0
75,-1.0
76,-1.0
77,-1.0
78,-1.0
79,-1.0
80,-1.0
81,-1.0
82,-1.0
83,-1.0
84,-1.0
85,-1.0
86,-1.0
87,-1.0
88,-1.0
89,-1.0
90,-1.0
91,-1.0
92,-1.0
93,-1.0
94,-1.0
95,-1.0
96,-1.0
97,-1.0
98,-1.0
99,-1.0
100,-1.0
101,-1.0
102,-1.0
103,-1.0
104,-1.0
105,-1.0
106,-1.0
107,-1.0
108,-1.0
109,-1.0
110,-1.0
111,-1.0
112,-1.0
113,-1.0
114,-1.0
115,-1.0
116,-1.0
117,-1.0
118,-1.0
119,-1.0
120,-1.0
121,-1.0
122,-1.0
123,-1.0
124,-1.0
125,-1.0
126,-1.0
127,-1.0
128,-1.0
129,-1.0
130,-1.0
131,-1.0
132,-1.0
133,-1.0
134,-1.0
135,-1.0
136,-1.0
137,-1.0
138,-1.0
139,-1.0
140,-1.0
141,-1.0
142,-1.0
143,-1.0
144,-1.0
145,-1.0
146,-1.0
147,-1.0
148,-1.0
149,-1.0
150,-1.0
151,-1.0
152,-1.0
153,-1.0
154,-1.0
155,-1.0
156,-1.0
157,-1.0
158,7105.0
159,-1.0
160,-1.0
161,-1.0
162,-1.0
163,30797.0
164,-1.0
165,-1.0
166,-1.0
167,-1.0
168,-1.0
169,-1.0
170,-1.0
171,-1.0
172,-1.0
173,-1.0
174,-1.0
175,-1.0
176,-1.0
177,-1.0
178,-1.0
179,5922.0
180,-1.0
181,-1.0
182,11928.0
183,-1.0
184,13824.0
185,13824.0
186,-1.0
187,-1.0
188,-1.0
189,7611.0
190,7611.0
191,-1.0
192,-1.0
193,-1.0
194,-1.0
195,-1.0
196,-1.0
197,-1.0
198,-1.0
199,-1.0
200,-1.0
201,-1.0
202,-1.0
203,-1.0
204,-1.0
205,-1.0
206,10067.0
207,10067.0
208,5449.0
209,-1.0
210,-1.0
211,30797.0
212,-1.0
213,-1.0
214,-1.0
215,-1.0
216,-1.0
217,-1.0
218,-1.0
219,-1.0
220,-1.0
221,-1.0
222,-1.0
223,-1.0
224,-1.0
225,-1.0
226,-1.0
227,-1.0
228,5922.0
229,-1.0
230,-1.0
231,11928.0
232,-1.0
233,-1.0
234,-1.0
235,-1.0
236,-1.0
237,-1.0
238,-1.0
239,-1.0
240,-1.0
241,-1.0
242,-1.0
243,-1.0
244,-1.0
245,-1.0
246,-1.0
247,5566.0
248,-1.0
249,-1.0
250,-1.0
251,-1.0
252,-1.0
253,-1.0
254,-1.0
255,-1.0
256,-1.0
257,5449.0
258,-1.0
259,-1.0
260,-1.0
261,-1.0
262,-1.0
263,-1.0
264,-1.0
265,-1.0
266,-1.0
267,-1.0
268,-1.0
269,-1.0
270,-1.0
271,-1.0
272,-1.0
273,-1.0
274,11331.0
275,1922.0
276,-1.0
277,-1.0
278,-1.0
279,-1.0
280,-1.0
281,-1.0
282,-1.0
283,-1.0
284,-1.0
285,-1.0
286,-1.0
287,-1.0
288,-1.0
289,-1.0
290,-1.0
291,-1.0
292,-1.0
293,-1.0
294,-1.0
295,-1.0
296,-1.0
297,-1.0
298,-1.0
299,-1.0
300,-1.0
301,-1.0
302,-1.0
303,-1.0
304,2093.0
305,-1.0
306,3021.0
307,-1.0
308,-1.0
309,-1.0
310,-1.0
311,-1.0
312,-1.0
313,-1.0
314,-1.0
315,-1.0
316,-1.0
317,-1.0
318,-1.0
319,-1.0
320,-1.0
321,-1.0
322,-1.0
323,-1.0
324,4879.0
325,-1.0
326,-1.0
327,-1.0
328,-1.0
329,-1.0
330,-1.0
331,-1.0
332,-1.0
333,-1.0
334,-1.0
335,-1.0
336,-1.0
337,-1.0
338,-1.0
339,-1.0
340,-1.0
341,-1.0
342,-1.0
343,-1.0
344,3552.0
345,3552.0
346,-1.0
347,-1.0
348,-1.0
349,-1.0
350,2614.0
351,567.0
352,-1.0
353,2093.0
354,-1.0
355,3788.0
356,-1.0
357,-1.0
358,-1.0
359,14077.0
360,-1.0
361,-1.0
362,-1.0
363,-1.0
364,-1.0
365,-1.0
366,-1.0
367,-1.0
368,-1.0
369,14274.0
370,-1.0
371,6127.0
372,5598.0
373,10394.0
374,-1.0
375,-1.0
376,-1.0
377,-1.0
378,-1.0
379,-1.0
380,-1.0
381,-1.0
382,-1.0
383,-1.0
384,-1.0
385,-1.0
386,-1.0
387,-1.0
388,-1.0
389,-1.0
390,2233.0
391,-1.0
392,-1.0
393,4225.0
394,4225.0
395,-1.0
396,-1.0
397,-1.0
398,-1.0
399,2494.0
400,342.0
401,-1.0
402,-1.0
403,-1.0
404,-1.0
405,2709.0
406,-1.0
407,-1.0
408,14077.0
409,-1.0
410,-1.0
411,7295.0
412,4942.0
413,-1.0
414,-1.0
415,-1.0
416,-1.0
417,-1.0
418,14274.0
419,3689.0
420,3689.0
421,5598.0
422,-1.0
423,-1.0
424,-1.0
425,-1.0
426,-1.0
427,-1.0
428,-1.0
429,-1.0
430,-1.0
431,-1.0
432,-1.0
433,-1.0
434,-1.0
435,-1.0
436,-1.0
437,-1.0
438,-1.0
439,1075.0
440,-1.0
441,1319.0
442,157.0
443,-1.0
444,-1.0
445,-1.0
446,-1.0
447,-1.0
448,-1.0
449,-1.0
450,-1.0
451,-1.0
452,-1.0
453,-1.0
454,2709.0
455,-1.0
456,-1.0
457,-1.0
458,-1.0
459,-1.0
460,-1.0
461,-1.0
462,-1.0
463,17152.0
464,-1.0
465,-1.0
466,-1.0
467,-1.0
468,20351.0
469,2759.0
470,1219.0
471,519.0
472,-1.0
473,-1.0
474,-1.0
475,-1.0
476,12816.0
477,12816.0
478,-1.0
479,-1.0
480,-1.0
481,-1.0
482,-1.0
483,-1.0
484,-1.0
485,-1.0
486,-1.0
487,-1.0
488,-1.0
489,-1.0
490,436.0
491,536.0
492,2850.0
493,4635.0
494,1540.0
495,4770.0
496,-1.0
497,-1.0
498,1464.0
499,-1.0
500,-1.0
501,-1.0
502,-1.0
503,5593.0
504,-1.0
505,2213.0
506,-1.0
507,-1.0
508,5180.0
509,-1.0
510,-1.0
511,-1.0
512,17152.0
513,5836.0
514,-1.0
515,-1.0
516,-1.0
517,6626.0
518,2363.0
519,1481.0
520,1427.0
521,12113.0
522,-1.0
523,-1.0
524,-1.0
525,14417.0
526,14417.0
527,-1.0
528,-1.0
529,-1.0
530,15034.0
531,-1.0
532,-1.0
533,-1.0
534,-1.0
535,-1.0
536,-1.0
537,-1.0
538,-1.0
539,-1.0
540,-1.0
541,5996.0
542,-1.0
543,1729.0
544,4770.0
545,-1.0
546,-1.0
547,-1.0
548,-1.0
549,-1.0
550,-1.0
551,-1.0
552,-1.0
553,-1.0
554,2213.0
555,-1.0
556,1816.0
557,-1.0
558,-1.0
559,11853.0
560,488.0
561,488.0
562,927.0
563,-1.0
564,14658.0
565,-1.0
566,18597.0
567,29355.0
568,2997.0
569,1364.0
570,12113.0
571,-1.0
572,-1.0
573,-1.0
574,-1.0
575,-1.0
576,-1.0
577,-1.0
578,-1.0
579,15034.0
580,-1.0
581,-1.0
582,-1.0
583,-1.0
584,-1.0
585,-1.0
586,-1.0
587,-1.0
588,-1.0
589,-1.0
590,5996.0
591,-1.0
592,-1.0
593,-1.0
594,-1.0
595,-1.0
596,-1.0
597,-1.0
598,-1.0
599,-1.0
600,2326.0
601,2734.0
602,-1.0
603,-1.0
604,-1.0
605,5851.0
606,1835.0
607,-1.0
608,17671.0
609,-1.0
610,488.0
611,12348.0
612,-1.0
613,14658.0
614,3377.0
615,-1.0
616,29355.0
617,6623.0
618,7867.0
619,13903.0
620,-1.0
621,-1.0
622,-1.0
623,-1.0
624,-1.0
625,-1.0
626,-1.0
627,5203.0
628,6792.0
629,-1.0
630,-1.0
631,-1.0
632,-1.0
633,-1.0
634,-1.0
635,-1.0
636,-1.0
637,-1.0
638,-1.0
639,-1.0
640,-1.0
641,-1.0
642,-1.0
643,-1.0
644,-1.0
645,-1.0
646,-1.0
647,-1.0
648,1435.0
649,1435.0
650,-1.0
651,-1.0
652,-1.0
653,-1.0
654,-1.0
655,1835.0
656,-1.0
657,17671.0
658,11194.0
659,12268.0
660,6517.0
661,-1.0
662,-1.0
663,454.0
664,2050.0
665,33303.0
666,-1.0
667,-1.0
668,13903.0
669,7076.0
670,7076.0
671,6515.0
672,8458.0
673,-1.0
674,13922.0
675,-1.0
676,5203.0
677,6792.0
678,-1.0
679,-1.0
680,-1.0
681,-1.0
682,-1.0
683,-1.0
684,-1.0
685,-1.0
686,-1.0
687,-1.0
688,-1.0
689,2415.0
690,2415.0
691,5203.0
692,-1.0
693,-1.0
694,-1.0
695,-1.0
696,-1.0
697,2295.0
698,-1.0
699,-1.0
700,-1.0
701,-1.0
702,-1.0
703,-1.0
704,5266.0
705,11633.0
706,8708.0
707,13834.0
708,7801.0
709,-1.0
710,-1.0
711,-1.0
712,4228.0
713,10304.0
714,10304.0
715,2919.0
716,10078.0
717,-1.0
718,-1.0
719,-1.0
720,-1.0
721,8458.0
722,-1.0
723,-1.0
724,-1.0
725,-1.0
726,-1.0
727,-1.0
728,32131.0
729,-1.0
730,-1.0
731,-1.0
732,-1.0
733,-1.0
734,-1.0
735,-1.0
736,7109.0
737,-1.0
738,2415.0
739,1035.0
740,8272.0
741,8272.0
742,-1.0
743,-1.0
744,3077.0
745,628.0
746,894.0
747,840.0
748,1040.0
749,1937.0
750,-1.0
751,-1.0
752,-1.0
753,5266.0
754,4334.0
755,4475.0
756,1594.0
757,12944.0
758,-1.0
759,-1.0
760,-1.0
761,-1.0
762,-1.0
763,33462.0
764,-1.0
765,-1.0
766,-1.0
767,-1.0
768,-1.0
769,-1.0
770,-1.0
771,-1.0
772,-1.0
773,-1.0
774,-1.0
775,-1.0
776,-1.0
777,32131.0
778,14015.0
779,-1.0
780,-1.0
781,-1.0
782,-1.0
783,-1.0
784,4829.0
785,13513.0
786,-1.0
787,12320.0
788,3233.0
789,897.0
790,10122.0
791,-1.0
792,-1.0
793,4269.0
794,1325.0
795,426.0
796,426.0
797,-1.0
798,1542.0
799,7675.0
800,-1.0
801,-1.0
802,4284.0
803,4773.0
804,9820.0
805,4767.0
806,-1.0
807,16540.0
808,-1.0
809,-1.0
810,-1.0
811,10926.0
812,-1.0
813,9695.0
814,9695.0
815,-1.0
816,-1.0
817,12318.0
818,12318.0
819,-1.0
820,-1.0
821,-1.0
822,-1.0
823,-1.0
824,-1.0
825,2284.0
826,6111.0
827,-1.0
828,-1.0
829,-1.0
830,-1.0
831,-1.0
832,-1.0
833,-1.0
834,8600.0
835,-1.0
836,13272.0
837,5930.0
838,6239.0
839,2523.0
840,2703.0
841,5971.0
842,3069.0
843,1417.0
844,1109.0
845,-1.0
846,-1.0
847,-1.0
848,7675.0
849,10500.0
850,-1.0
851,5867.0
852,1011.0
853,5810.0
854,7120.0
855,7524.0
856,5862.0
857,-1.0
858,-1.0
859,11620.0
860,11620.0
861,-1.0
862,35515.0
863,-1.0
864,-1.0
865,-1.0
866,14886.0
867,-1.0
868,-1.0
869,-1.0
870,-1.0
871,-1.0
872,-1.0
873,18673.0
874,18673.0
875,-1.0
876,-1.0
877,-1.0
878,-1.0
879,-1.0
880,-1.0
881,-1.0
882,-1.0
883,1616.0
884,12773.0
885,19677.0
886,9887.0
887,2802.0
888,991.0
889,6089.0
890,1931.0
891,2129.0
892,2646.0
893,1218.0
894,2969.0
895,-1.0
896,-1.0
897,6056.0
898,6056.0
899,4507.0
900,6469.0
901,3728.0
902,2492.0
903,2996.0
904,3487.0
905,3397.0
906,10954.0
907,2786.0
908,17201.0
909,-1.0
910,-1.0
911,-1.0
912,-1.0
913,-1.0
914,-1.0
915,8740.0
916,-1.0
917,-1.0
918,-1.0
919,-1.0
920,-1.0
921,-1.0
922,-1.0
923,-1.0
924,-1.0
925,-1.0
926,-1.0
927,-1.0
928,-1.0
929,-1.0
930,-1.0
931,-1.0
932,-1.0
933,-1.0
934,-1.0
935,7730.0
936,3210.0
937,2187.0
938,3837.0
939,5776.0
940,3418.0
941,3334.0
942,3428.0
943,2969.0
944,4221.0
945,-1.0
946,5859.0
947,1143.0
948,734.0
949,3090.0
950,9254.0
951,5697.0
952,1760.0
953,1776.0
954,3611.0
955,3792.0
956,2786.0
957,-1.0
958,40664.0
959,27500.0
960,-1.0
961,13654.0
962,2787.0
963,-1.0
964,7129.0
965,-1.0
966,-1.0
967,-1.0
968,-1.0
969,-1.0
970,-1.0
971,-1.0
972,-1.0
973,-1.0
974,-1.0
975,-1.0
976,-1.0
977,-1.0
978,-1.0
979,-1.0
980,2585.0
981,2153.0
982,9111.0
983,1902.0
984,7492.0
985,6925.0
986,1722.0
987,3333.0
988,4013.0
989,6301.0
990,4375.0
991,6692.0
992,-1.0
993,364.0
994,3181.0
995,611.0
996,-1.0
997,4261.0
998,12267.0
999,14904.0
1000,14482.0
1001,6597.0
1002,3034.0
1003,1576.0
1004,4928.0
1005,-1.0
1006,13582.0
1007,10047.0
1008,11696.0
1009,-1.0
1010,-1.0
1011,1241.0
1012,5016.0
1013,5382.0
1014,-1.0
1015,-1.0
1016,-1.0
1017,-1.0
1018,8062.0
1019,10791.0
1020,14019.0
1021,-1.0
1022,-1.0
1023,-1.0
1024,-1.0
1025,-1.0
1026,-1.0
1027,-1.0
1028,-1.0
1029,1536.0
1030,2016.0
1031,1529.0
1032,8725.0
1033,6634.0
1034,4251.0
1035,4342.0
1036,3413.0
1037,1310.0
1038,316.0
1039,9030.0
1040,7611.0
1041,8659.0
1042,11278.0
1043,11278.0
1044,7145.0
1045,7145.0
1046,5010.0
1047,6156.0
1048,2855.0
1049,17619.0
1050,1982.0
1051,2869.0
1052,5626.0
1053,2915.0
1054,5924.0
1055,13582.0
1056,16036.0
1057,11140.0
1058,686.0
1059,7609.0
1060,-1.0
1061,6916.0
1062,1210.0
1063,153.0
1064,-1.0
1065,31857.0
1066,18700.0
1067,8062.0
1068,18825.0
1069,8788.0
1070,-1.0
1071,-1.0
1072,-1.0
1073,-1.0
1074,-1.0
1075,-1.0
1076,-1.0
1077,-1.0
1078,-1.0
1079,1048.0
1080,4790.0
1081,5224.0
1082,3029.0
1083,6425.0
1084,9399.0
1085,4107.0
1086,1133.0
1087,5129.0
1088,5129.0
1089,3833.0
1090,11712.0
1091,28458.0
1092,-1.0
1093,10859.0
1094,4623.0
1095,3902.0
1096,13763.0
1097,3042.0
1098,4018.0
1099,1317.0
1100,1894.0
1101,6172.0
1102,1692.0
1103,7900.0
1104,1520.0
1105,3799.0
1106,6355.0
1107,3110.0
1108,2980.0
1109,5116.0
1110,4963.0
1111,8845.0
1112,153.0
1113,-1.0
1114,31857.0
1115,18700.0
1116,38539.0
1117,26880.0
1118,15273.0
1119,-1.0
1120,-1.0
1121,-1.0
1122,-1.0
1123,-1.0
1124,-1.0
1125,-1.0
1126,-1.0
1127,-1.0
1128,6279.0
1129,1948.0
1130,2874.0
1131,2236.0
1132,2950.0
1133,3033.0
1134,3781.0
1135,2886.0
1136,6504.0
1137,713.0
1138,5473.0
1139,6788.0
1140,-1.0
1141,-1.0
1142,11195.0
1143,9164.0
1144,7593.0
1145,14587.0
1146,4071.0
1147,5454.0
1148,1448.0
1149,1118.0
1150,10005.0
1151,4913.0
1152,7819.0
1153,2507.0
1154,6117.0
1155,4804.0
1156,5292.0
1157,3920.0
1158,3693.0
1159,1114.0
1160,4998.0
1161,7995.0
1162,6863.0
1163,-1.0
1164,-1.0
1165,38062.0
1166,38062.0
1167,-1.0
1168,-1.0
1169,-1.0
1170,-1.0
1171,-1.0
1172,-1.0
1173,-1.0
1174,-1.0
1175,-1.0
1176,-1.0
1177,3711.0
1178,1313.0
1179,3993.0
1180,5274.0
1181,7854.0
1182,8179.0
1183,6808.0
1184,6808.0
1185,20256.0
1186,-1.0
1187,3399.0
1188,7498.0
1189,-1.0
1190,-1.0
1191,13995.0
1192,9118.0
1193,5493.0
1194,2543.0
1195,4826.0
1196,5343.0
1197,3042.0
1198,9006.0
1199,13881.0
1200,6171.0
1201,2700.0
1202,1183.0
1203,9551.0
1204,13721.0
1205,10247.0
1206,7018.0
1207,5234.0
1208,8586.0
1209,4870.0
1210,7329.0
1211,2489.0
1212,3893.0
1213,-1.0
1214,8513.0
1215,-1.0
1216,40767.0
1217,-1.0
1218,2108.0
1219,-1.0
1220,14999.0
1221,-1.0
1222,-1.0
1223,-1.0
1224,-1.0
1225,867.0
1226,9391.0
1227,821.0
1228,3662.0
1229,1842.0
1230,4815.0
1231,3118.0
1232,722.0
1233,5887.0
1234,10058.0
1235,13605.0
1236,9427.0
1237,7207.0
1238,6224.0
1239,-1.0
1240,20660.0
1241,-1.0
1242,7390.0
1243,1101.0
1244,3830.0
1245,4597.0
1246,5147.0
1247,5226.0
1248,1674.0
1249,7241.0
1250,4797.0
1251,9627.0
1252,12612.0
1253,18579.0
1254,1327.0
1255,2867.0
1256,2903.0
1257,2109.0
1258,3378.0
1259,9701.0
1260,4854.0
1261,1945.0
1262,3983.0
1263,2871.0
1264,-1.0
1265,3659.0
1266,-1.0
1267,2577.0
1268,971.0
1269,2582.0
1270,9734.0
1271,-1.0
1272,-1.0
1273,-1.0
1274,1127.0
1275,9391.0
1276,3499.0
1277,3431.0
1278,3431.0
1279,6911.0
1280,5907.0
1281,2735.0
1282,3129.0
1283,2961.0
1284,10037.0
1285,-1.0
1286,20013.0
1287,8024.0
1288,9746.0
1289,32952.0
1290,32952.0
1291,13862.0
1292,3462.0
1293,4370.0
1294,4677.0
1295,12731.0
1296,12461.0
1297,1583.0
1298,5454.0
1299,6172.0
1300,3477.0
1301,8079.0
1302,9453.0
1303,5699.0
1304,4784.0
1305,5976.0
1306,5659.0
1307,12293.0
1308,177.0
1309,1256.0
1310,1945.0
1311,3983.0
1312,2871.0
1313,1928.0
1314,880.0
1315,4466.0
1316,-1.0
1317,13045.0
1318,9076.0
1319,15252.0
1320,8011.0
1321,-1.0
1322,-1.0
1323,-1.0
1324,-1.0
1325,2884.0
1326,10734.0
1327,4915.0
1328,1472.0
1329,5665.0
1330,8028.0
1331,8734.0
1332,5125.0
1333,4924.0
1334,12680.0
1335,-1.0
1336,20080.0
1337,20080.0
1338,-1.0
1339,-1.0
1340,11770.0
1341,10875.0
1342,4987.0
1343,6970.0
1344,9813.0
1345,12860.0
1346,9094.0
1347,4142.0
1348,9259.0
1349,3569.0
1350,4056.0
1351,5411.0
1352,5675.0
1353,4567.0
1354,4070.0
1355,9796.0
1356,7128.0
1357,4969.0
1358,-1.0
1359,-1.0
1360,3768.0
1361,-1.0
1362,-1.0
1363,1371.0
1364,-1.0
1365,9466.0
1366,15814.0
1367,10826.0
1368,10826.0
1369,-1.0
1370,9450.0
1371,-1.0
1372,-1.0
1373,4654.0
1374,8296.0
1375,10734.0
1376,-1.0
1377,-1.0
1378,-1.0
1379,-1.0
1380,-1.0
1381,-1.0
1382,-1.0
1383,11072.0
1384,15378.0
1385,2038.0
1386,-1.0
1387,-1.0
1388,-1.0
1389,-1.0
1390,9905.0
1391,6265.0
1392,4016.0
1393,7796.0
1394,182.0
1395,5433.0
1396,8703.0
1397,11726.0
1398,3862.0
1399,4227.0
1400,18549.0
1401,13059.0
1402,2718.0
1403,3641.0
1404,3340.0
1405,2607.0
1406,6830.0
1407,-1.0
1408,-1.0
1409,5721.0
1410,-1.0
1411,-1.0
1412,-1.0
1413,-1.0
1414,4774.0
1415,4783.0
1416,-1.0
1417,-1.0
1418,2134.0
1419,3023.0
1420,3235.0
1421,-1.0
1422,-1.0
1423,-1.0
1424,-1.0
1425,-1.0
1426,-1.0
1427,11164.0
1428,5171.0
1429,30979.0
1430,-1.0
1431,-1.0
1432,-1.0
1433,660.0
1434,4821.0
1435,1243.0
1436,7283.0
1437,29362.0
1438,11947.0
1439,11747.0
1440,2011.0
1441,29126.0
1442,14426.0
1443,15436.0
1444,9377.0
1445,4898.0
1446,13996.0
1447,10716.0
1448,25040.0
1449,14081.0
1450,7297.0
1451,2131.0
1452,13885.0
1453,12064.0
1454,3043.0
1455,13150.0
1456,6144.0
1457,15930.0
1458,15415.0
1459,1835.0
1460,14138.0
1461,-1.0
1462,-1.0
1463,-1.0
1464,1021.0
1465,9415.0
1466,-1.0
1467,25959.0
1468,5972.0
1469,-1.0
1470,-1.0
1471,-1.0
1472,-1.0
1473,4340.0
1474,-1.0
1475,-1.0
1476,5793.0
1477,4283.0
1478,-1.0
1479,16150.0
1480,-1.0
1481,-1.0
1482,8462.0
1483,2447.0
1484,6346.0
1485,8591.0
1486,13625.0
1487,14123.0
1488,28881.0
1489,6305.0
1490,-1.0
1491,9827.0
1492,5893.0
1493,2100.0
1494,2003.0
1495,7017.0
1496,12696.0
1497,14265.0
1498,3075.0
1499,7861.0
1500,4022.0
1501,4639.0
1502,9512.0
1503,1184.0
1504,7513.0
1505,6309.0
1506,16424.0
1507,6722.0
1508,10888.0
1509,3313.0
1510,11655.0
1511,27502.0
1512,9026.0
1513,3573.0
1514,-1.0
1515,-1.0
1516,4648.0
1517,3049.0
1518,-1.0
1519,-1.0
1520,-1.0
1521,13119.0
1522,11735.0
1523,16852.0
1524,-1.0
1525,20700.0
1526,-1.0
1527,-1.0
1528,3133.0
1529,4796.0
1530,-1.0
1531,8082.0
1532,2236.0
1533,2871.0
1534,-1.0
1535,14248.0
1536,14123.0
1537,28881.0
1538,-1.0
1539,-1.0
1540,-1.0
1541,2301.0
1542,1434.0
1543,2626.0
1544,4481.0
1545,2141.0
1546,15486.0
1547,6325.0
1548,8874.0
1549,3813.0
1550,4138.0
1551,3963.0
1552,2626.0
1553,14871.0
1554,14670.0
1555,16424.0
1556,-1.0
1557,-1.0
1558,33373.0
1559,-1.0
1560,-1.0
1561,21935.0
1562,-1.0
1563,-1.0
1564,-1.0
1565,8685.0
1566,-1.0
1567,-1.0
1568,-1.0
1569,-1.0
1570,-1.0
1571,10321.0
1572,-1.0
1573,-1.0
1574,56783.0
1575,56783.0
1576,-1.0
1577,8061.0
1578,-1.0
1579,9704.0
1580,5599.0
1581,6631.0
1582,7045.0
1583,3118.0
1584,10147.0
1585,-1.0
1586,42895.0
1587,-1.0
1588,-1.0
1589,-1.0
1590,8072.0
1591,2336.0
1592,152.0
1593,10148.0
1594,15045.0
1595,4649.0
1596,20224.0
1597,11184.0
1598,3292.0
1599,3701.0
1600,7416.0
1601,21106.0
1602,10537.0
1603,9996.0
1604,20717.0
1605,13793.0
1606,-1.0
1607,-1.0
1608,-1.0
1609,-1.0
1610,21935.0
1611,-1.0
1612,-1.0
1613,-1.0
1614,-1.0
1615,-1.0
1616,-1.0
1617,-1.0
1618,-1.0
1619,-1.0
1620,-1.0
1621,-1.0
1622,-1.0
1623,-1.0
1624,23340.0
1625,15911.0
1626,10448.0
1627,13176.0
1628,12826.0
1629,3662.0
1630,-1.0
1631,2959.0
1632,6977.0
1633,10905.0
1634,14619.0
1635,3488.0
1636,24239.0
1637,-1.0
1638,6606.0
1639,2037.0
1640,10360.0
1641,1695.0
1642,4556.0
1643,7601.0
1644,4412.0
1645,16697.0
1646,10795.0
1647,4405.0
1648,7049.0
1649,3758.0
1650,12960.0
1651,12223.0
1652,6390.0
1653,5402.0
1654,-1.0
1655,-1.0
1656,-1.0
1657,-1.0
1658,-1.0
1659,-1.0
1660,48690.0
1661,-1.0
1662,-1.0
1663,-1.0
1664,-1.0
1665,-1.0
1666,-1.0
1667,-1.0
1668,-1.0
1669,19071.0
1670,18275.0
1671,18855.0
1672,-1.0
1673,25387.0
1674,-1.0
1675,2780.0
1676,11654.0
1677,1524.0
1678,1673.0
1679,-1.0
1680,5792.0
1681,1611.0
1682,4846.0
1683,12346.0
1684,16457.0
1685,8541.0
1686,2298.0
1687,-1.0
1688,-1.0
1689,15469.0
1690,5283.0
1691,5908.0
1692,2217.0
1693,5835.0
1694,7604.0
1695,1510.0
1696,4461.0
1697,3254.0
1698,12431.0
1699,13417.0
1700,7246.0
1701,3880.0
1702,4323.0
1703,11359.0
1704,-1.0
1705,-1.0
1706,32502.0
1707,-1.0
1708,-1.0
1709,48690.0
1710,-1.0
1711,-1.0
1712,-1.0
1713,-1.0
1714,-1.0
1715,-1.0
1716,-1.0
1717,-1.0
1718,9184.0
1719,18275.0
1720,19283.0
1721,45567.0
1722,17510.0
1723,20080.0
1724,1448.0
1725,9738.0
1726,9868.0
1727,4074.0
1728,3242.0
1729,3634.0
1730,13992.0
1731,4093.0
1732,6566.0
1733,18790.0
1734,26833.0
1735,8184.0
1736,19137.0
1737,-1.0
1738,4807.0
1739,8683.0
1740,5646.0
1741,10603.0
1742,7966.0
1743,16313.0
1744,7028.0
1745,7265.0
1746,10298.0
1747,-1.0
1748,29830.0
1749,11446.0
1750,2929.0
1751,6318.0
1752,5390.0
1753,-1.0
1754,-1.0
1755,-1.0
1756,-1.0
1757,-1.0
1758,-1.0
1759,-1.0
1760,-1.0
1761,-1.0
1762,-1.0
1763,-1.0
1764,-1.0
1765,-1.0
1766,-1.0
1767,-1.0
1768,-1.0
1769,-1.0
1770,-1.0
1771,-1.0
1772,20080.0
1773,1668.0
1774,3719.0
1775,3633.0
1776,7604.0
1777,9163.0
1778,8926.0
1779,4145.0
1780,1355.0
1781,6501.0
1782,26440.0
1783,51535.0
1784,26978.0
1785,-1.0
1786,39922.0
1787,11538.0
1788,8737.0
1789,5687.0
1790,4119.0
1791,18249.0
1792,1881.0
1793,5089.0
1794,8019.0
1795,-1.0
1796,-1.0
1797,24479.0
1798,9936.0
1799,7211.0
1800,6546.0
1801,3221.0
1802,-1.0
1803,-1.0
1804,-1.0
1805,-1.0
1806,-1.0
1807,-1.0
1808,-1.0
1809,-1.0
1810,-1.0
1811,-1.0
1812,-1.0
1813,-1.0
1814,-1.0
1815,-1.0
1816,-1.0
1817,-1.0
1818,-1.0
1819,-1.0
1820,-1.0
1821,-1.0
1822,18998.0
1823,18998.0
1824,11562.0
1825,12151.0
1826,4861.0
1827,15289.0
1828,7590.0
1829,8191.0
1830,12297.0
1831,8665.0
1832,-1.0
1833,20528.0
1834,10849.0
1835,23270.0
1836,8632.0
1837,10851.0
1838,4399.0
1839,7674.0
1840,3903.0
1841,6133.0
1842,3485.0
1843,4947.0
1844,7442.0
1845,28590.0
1846,6457.0
1847,7052.0
1848,8354.0
1849,6546.0
1850,-1.0
1851,-1.0
1852,-1.0
1853,-1.0
1854,-1.0
1855,-1.0
1856,-1.0
1857,-1.0
1858,-1.0
1859,-1.0
1860,-1.0
1861,-1.0
1862,-1.0
1863,-1.0
1864,-1.0
1865,-1.0
1866,-1.0
1867,-1.0
1868,-1.0
1869,-1.0
1870,-1.0
1871,-1.0
1872,23563.0
1873,17836.0
1874,7584.0
1875,2116.0
1876,7053.0
1877,12914.0
1878,6510.0
1879,9268.0
1880,21214.0
1881,-1.0
1882,54488.0
1883,23921.0
1884,18232.0
1885,9906.0
1886,3122.0
1887,2586.0
1888,6945.0
1889,5216.0
1890,27945.0
1891,-1.0
1892,22072.0
1893,3226.0
1894,8991.0
1895,9504.0
1896,7052.0
1897,-1.0
1898,-1.0
1899,-1.0
1900,-1.0
1901,-1.0
1902,-1.0
1903,-1.0
1904,-1.0
1905,-1.0
1906,-1.0
1907,-1.0
1908,-1.0
1909,-1.0
1910,-1.0
1911,-1.0
1912,-1.0
1913,-1.0
1914,-1.0
1915,-1.0
1916,-1.0
1917,-1.0
1918,11472.0
1919,-1.0
1920,27656.0
1921,7486.0
1922,11766.0
1923,6080.0
1924,5709.0
1925,10658.0
1926,18485.0
1927,9484.0
1928,457.0
1929,14182.0
1930,31578.0
1931,26266.0
1932,54043.0
1933,22657.0
1934,11961.0
1935,10423.0
1936,2893.0
1937,2437.0
1938,28170.0
1939,38102.0
1940,32796.0
1941,23956.0
1942,15421.0
1943,1034.0
1944,9504.0
1945,-1.0
1946,-1.0
1947,-1.0
1948,-1.0
1949,-1.0
1950,-1.0
1951,-1.0
1952,-1.0
1953,-1.0
1954,-1.0
1955,-1.0
1956,-1.0
1957,-1.0
1958,-1.0
1959,-1.0
1960,-1.0
1961,-1.0
1962,-1.0
1963,-1.0
1964,-1.0
1965,-1.0
1966,-1.0
1967,11472.0
1968,-1.0
1969,5002.0
1970,4790.0
1971,4753.0
1972,2209.0
1973,6978.0
1974,14065.0
1975,10561.0
1976,12847.0
1977,9737.0
1978,16528.0
1979,25630.0
1980,52330.0
1981,48934.0
1982,29250.0
1983,12986.0
1984,1133.0
1985,1746.0
1986,20437.0
1987,-1.0
1988,5503.0
1989,-1.0
1990,-1.0
1991,-1.0
1992,1779.0
1993,-1.0
1994,-1.0
1995,-1.0
1996,-1.0
1997,-1.0
1998,-1.0
1999,-1.0
2000,-1.0
2001,-1.0
2002,-1.0
2003,-1.0
2004,-1.0
2005,-1.0
2006,-1.0
2007,-1.0
2008,-1.0
2009,-1.0
2010,-1.0
2011,-1.0
2012,-1.0
2013,-1.0
2014,-1.0
2015,-1.0
2016,-1.0
2017,9541.0
2018,2191.0
2019,4272.0
2020,6972.0
2021,2270.0
2022,21472.0
2023,7624.0
2024,12559.0
2025,4863.0
2026,3260.0
2027,10070.0
2028,22608.0
2029,82623.0
2030,-1.0
2031,72328.0
2032,32211.0
2033,16505.0
2034,-1.0
2035,32078.0
2036,-1.0
2037,5503.0
2038,-1.0
2039,10390.0
2040,14385.0
2041,10637.0
2042,4394.0
2043,5816.0
2044,3659.0
2045,16574.0
2046,-1.0
2047,-1.0
2048,-1.0
2049,-1.0
2050,-1.0
2051,-1.0
2052,-1.0
2053,-1.0
2054,-1.0
2055,-1.0
2056,-1.0
2057,-1.0
2058,-1.0
2059,-1.0
2060,-1.0
2061,-1.0
2062,-1.0
2063,-1.0
2064,-1.0
2065,1389.0
2066,-1.0
2067,5252.0
2068,17275.0
2069,7382.0
2070,3764.0
2071,6247.0
2072,838.0
2073,10148.0
2074,10215.0
2075,6008.0
2076,19560.0
2077,31257.0
2078,82623.0
2079,-1.0
2080,50258.0
2081,-1.0
2082,42714.0
2083,-1.0
2084,8126.0
2085,2724.0
2086,4470.0
2087,2731.0
2088,12703.0
2089,6002.0
2090,6052.0
2091,5941.0
2092,6236.0
2093,3701.0
2094,16574.0
2095,-1.0
2096,-1.0
2097,-1.0
2098,-1.0
2099,-1.0
2100,-1.0
2101,-1.0
2102,-1.0
2103,-1.0
2104,-1.0
2105,-1.0
2106,-1.0
2107,-1.0
2108,-1.0
2109,-1.0
2110,-1.0
2111,-1.0
2112,-1.0
2113,6311.0
2114,-1.0
2115,-1.0
2116,-1.0
2117,2251.0
2118,16623.0
2119,10699.0
2120,7397.0
2121,14331.0
2122,10027.0
2123,4823.0
2124,7139.0
2125,22547.0
2126,31257.0
2127,-1.0
2128,33326.0
2129,50258.0
2130,7785.0
2131,13556.0
2132,11702.0
2133,1388.0
2134,4202.0
2135,5226.0
2136,5671.0
2137,5653.0
2138,5318.0
2139,5515.0
2140,8472.0
2141,7298.0
2142,6973.0
2143,14744.0
2144,-1.0
2145,-1.0
2146,-1.0
2147,-1.0
2148,-1.0
2149,-1.0
2150,-1.0
2151,-1.0
2152,-1.0
2153,-1.0
2154,-1.0
2155,-1.0
2156,-1.0
2157,-1.0
2158,-1.0
2159,-1.0
2160,-1.0
2161,-1.0
2162,-1.0
2163,-1.0
2164,-1.0
2165,4256.0
2166,1504.0
2167,3788.0
2168,5738.0
2169,3731.0
2170,23213.0
2171,19145.0
2172,13253.0
2173,13750.0
2174,-1.0
2175,-1.0
2176,-1.0
2177,26088.0
2178,5376.0
2179,5884.0
2180,4976.0
2181,3047.0
2182,5253.0
2183,11649.0
2184,6974.0
2185,13401.0
2186,13954.0
2187,9879.0
2188,13775.0
2189,7354.0
2190,6094.0
2191,16802.0
2192,11243.0
2193,31752.0
2194,48844.0
2195,1040.0
2196,-1.0
2197,-1.0
2198,-1.0
2199,-1.0
2200,-1.0
2201,-1.0
2202,-1.0
2203,-1.0
2204,-1.0
2205,-1.0
2206,10331.0
2207,6524.0
2208,-1.0
2209,-1.0
2210,12048.0
2211,8665.0
2212,-1.0
2213,5815.0
2214,4839.0
2215,7897.0
2216,14723.0
2217,14211.0
2218,19217.0
2219,9280.0
2220,4856.0
2221,5082.0
2222,5728.0
2223,-1.0
2224,-1.0
2225,9868.0
2226,4603.0
2227,3229.0
2228,2953.0
2229,6607.0
2230,5502.0
2231,6852.0
2232,4730.0
2233,2066.0
2234,12721.0
2235,11091.0
2236,6659.0
2237,10528.0
2238,8144.0
2239,4821.0
2240,6235.0
2241,14359.0
2242,9327.0
2243,9464.0
2244,563.0
2245,-1.0
2246,-1.0
2247,-1.0
2248,-1.0
2249,-1.0
2250,-1.0
2251,-1.0
2252,-1.0
2253,-1.0
2254,-1.0
2255,10583.0
2256,16429.0
2257,7291.0
2258,6672.0
2259,7019.0
2260,4439.0
2261,8338.0
2262,5927.0
2263,7250.0
2264,21835.0
2265,15770.0
2266,1828.0
2267,3670.0
2268,3019.0
2269,2484.0
2270,6853.0
2271,-1.0
2272,15131.0
2273,3996.0
2274,1575.0
2275,6533.0
2276,1051.0
2277,10247.0
2278,12923.0
2279,8427.0
2280,3630.0
2281,12914.0
2282,8768.0
2283,7948.0
2284,10920.0
2285,9025.0
2286,11117.0
2287,12970.0
2288,3636.0
2289,5212.0
2290,367.0
2291,151.0
2292,9464.0
2293,9464.0
2294,-1.0
2295,-1.0
2296,-1.0
2297,-1.0
2298,-1.0
2299,-1.0
2300,-1.0
2301,-1.0
2302,-1.0
2303,-1.0
2304,24744.0
2305,17224.0
2306,7860.0
2307,6128.0
2308,9612.0
2309,6501.0
2310,9195.0
2311,5239.0
2312,5083.0
2313,10694.0
2314,13148.0
2315,4589.0
2316,11334.0
2317,8066.0
2318,6675.0
2319,-1.0
2320,17743.0
2321,15131.0
2322,10918.0
2323,26497.0
2324,10121.0
2325,4847.0
2326,11121.0
2327,12012.0
2328,8283.0
2329,4096.0
2330,21459.0
2331,13751.0
2332,14046.0
2333,14295.0
2334,16801.0
2335,1842.0
2336,9855.0
2337,15606.0
2338,14742.0
2339,-1.0
2340,-1.0
2341,-1.0
2342,-1.0
2343,-1.0
2344,-1.0
2345,-1.0
2346,-1.0
2347,-1.0
2348,-1.0
2349,-1.0
2350,-1.0
2351,-1.0
2352,-1.0
2353,8413.0
2354,14874.0
2355,3611.0
2356,5614.0
2357,5212.0
2358,5003.0
2359,4155.0
2360,3905.0
2361,5421.0
2362,3473.0
2363,13148.0
2364,9840.0
2365,10388.0
2366,-1.0
2367,-1.0
2368,14026.0
2369,7952.0
2370,5754.0
2371,8755.0
2372,6764.0
2373,5276.0
2374,7266.0
2375,27875.0
2376,11483.0
2377,10585.0
2378,9302.0
2379,8138.0
2380,8023.0
2381,19692.0
2382,15393.0
2383,20595.0
2384,1527.0
2385,9400.0
2386,9400.0
2387,14742.0
2388,-1.0
2389,-1.0
2390,-1.0
2391,-1.0
2392,-1.0
2393,-1.0
2394,-1.0
2395,-1.0
2396,-1.0
2397,-1.0
2398,-1.0
2399,-1.0
2400,-1.0
2401,-1.0
2402,9261.0
2403,6775.0
2404,8034.0
2405,2653.0
2406,6709.0
2407,6321.0
2408,3287.0
2409,923.0
2410,1690.0
2411,3466.0
2412,4348.0
2413,14673.0
2414,14673.0
2415,9077.0
2416,16692.0
2417,1597.0
2418,3446.0
2419,2400.0
2420,10441.0
2421,9354.0
2422,6490.0
2423,24273.0
2424,5846.0
2425,7683.0
2426,7944.0
2427,8453.0
2428,7406.0
2429,3381.0
2430,4837.0
2431,9188.0
2432,14028.0
2433,4175.0
2434,2135.0
2435,2187.0
2436,-1.0
2437,-1.0
2438,-1.0
2439,-1.0
2440,-1.0
2441,-1.0
2442,-1.0
2443,-1.0
2444,-1.0
2445,-1.0
2446,-1.0
2447,-1.0
2448,-1.0
2449,-1.0
2450,-1.0
2451,9574.0
2452,-1.0
2453,-1.0
2454,-1.0
2455,-1.0
2456,-1.0
2457,-1.0
2458,-1.0
2459,1989.0
2460,2390.0
2461,6628.0
2462,-1.0
2463,-1.0
2464,-1.0
2465,-1.0
2466,-1.0
2467,-1.0
2468,5005.0
2469,4392.0
2470,-1.0
2471,2315.0
2472,-1.0
2473,5649.0
2474,2919.0
2475,-1.0
2476,-1.0
2477,3537.0
2478,1571.0
2479,-1.0
2480,-1.0
2481,2251.0
2482,-1.0
2483,-1.0
2484,-1.0
2485,-1.0
2486,-1.0
2487,-1.0
2488,-1.0
2489,-1.0
2490,-1.0
2491,-1.0
2492,-1.0
2493,-1.0
2494,-1.0
2495,-1.0
2496,-1.0
2497,-1.0
2498,-1.0
