Grid_Number,Ban_num_Education
0,1.4417586048204853
1,1.1185386324217343
2,0.07820760511925981
3,0.7018200453222374
4,0.4969775766639405
5,0.7419379917882654
6,1.2778857815040645
7,1.283079558173108
8,2.0328444480362093
9,2.1866488136678246
10,1.0747001485228052
11,0.03728439958483122
12,0.6574406781769558
13,0.8898344312009909
14,1.1447896077998785
15,0.4298147434146135
16,1.2376592906704729
17,2.3133790576784707
18,3.41240489212868
19,3.659366687584097
20,2.9187602840874947
21,2.011792434132299
22,1.4311947118354191
23,1.4986026442449256
24,1.5710897097546461
25,0.7720900045712411
26,1.093976876388249
27,0.8003104746046028
28,0.8277184762869163
29,0.15068905000370142
30,1.19971265890055
31,0.3644421755687149
32,0.7629789536603749
33,1.8719823744544843
34,1.8027812218001888
35,0.8148240589810918
36,0.742104235810249
37,0.34118551418176973
38,0.7874514845360209
39,1.8964742202431035
40,1.605541032157117
41,0.5001799116980025
42,0.6288562827057699
43,0.853314993059206
44,0.6353823936921391
45,0.39648374106239564
46,0.19036714111129163
47,1.2601919520606824
48,1.2967292872988674
49,0.24046685989805064
50,0.4365804503075522
51,0.13425086990005886
52,0.13909948234835576
53,1.2306865453242002
54,2.230796350834226
55,2.85694212444278
56,2.3838187454425857
57,1.5832240588093365
58,1.342932364828074
59,0.5975974117053797
60,0.5519542113425872
61,0.62544793994122
62,0.4465232472457293
63,0.7633347449159308
64,0.5808925639526323
65,0.5542531394037264
66,0.5661711870261183
67,1.5635425370210303
68,1.8601309936024275
69,0.7927999658027672
70,0.45181065437100787
71,0.37439693344258956
72,0.5189843886240166
73,0.4248342863479418
74,0.6592927215080268
75,1.33480964561952
76,2.366776081712191
77,3.077024557643173
78,2.6089158544355833
79,2.493946726719598
80,1.4865374451646265
81,0.459212707509362
82,0.6445501955119557
83,1.4451172739090983
84,0.46495076415778164
85,0.9038013224147162
86,0.32447726720138953
87,0.750989731153531
88,1.2134992613757603
89,1.6997428037220126
90,1.0577266119600515
91,1.2522239298563707
92,2.119010683664176
93,1.801582654461473
94,0.8121689160837805
95,0.7391880491666081
96,0.6626825475102898
97,1.3715252617082243
98,1.66411717643826
99,1.3531298658388378
100,1.1013450309100359
101,0.7027432464898994
102,0.8351805014001873
103,1.040549188458495
104,0.16789757307276415
105,0.876816223993569
106,0.843383158259336
107,0.6542324590199503
108,0.8938149575481295
109,0.19345611680957628
110,0.37178990838501247
111,0.16918706297425595
112,0.9468237714108378
113,1.306433055612365
114,2.211914774722688
115,1.7001368829692334
116,0.9042378556516674
117,0.3385029796509673
118,0.24365668678131888
119,0.37609031936736537
120,0.46193940953450807
121,1.2372138849150358
122,1.6976162936092505
123,1.3331434617050375
124,0.8202381689769436
125,0.02105105986661209
126,1.106245294491865
127,1.0589017833032468
128,0.6933253525741927
129,0.841394819636658
130,1.084150347576247
131,1.2058278384340175
132,0.5006944099461422
133,0.7860731963968363
134,1.8595670432508244
135,2.2434750955994427
136,2.016965620680964
137,1.6039596558474705
138,1.4528253420815307
139,1.3513513137307605
140,0.850691140120048
141,0.6974876034989597
142,1.170504980137292
143,1.4784852317036241
144,1.669286514344422
145,1.0982574494093682
146,1.3133665995514354
147,1.3895055645184933
148,1.8363291726368427
149,2.110284631303763
150,1.9964007205813519
151,2.3881283838283975
152,2.364158550104951
153,1.7329366862563425
154,1.0068204480243432
155,0.29210061076932914
156,0.448688060267553
157,0.6569226284912307
158,0.6527146336645027
159,0.47993242777236944
160,0.08879030962826663
161,1.0449815503766116
162,0.9014360973295978
163,0.2093976408836908
164,0.721711763014035
165,0.6807102230184009
166,0.42323847212233806
167,1.08054456367283
168,0.7165821423193415
169,0.48741009631463267
170,0.6506187107627536
171,0.26151007047885605
172,0.7616139782477959
173,1.5268356580205136
174,1.1302494101007652
175,0.3522491923614344
176,0.8073363130964917
177,0.4073529594848197
178,0.7714669461485777
179,1.2018295306782452
180,1.9253074898249065
181,2.1809157714310925
182,1.0858517194135047
183,0.2731604874122856
184,0.6420763236807784
185,1.218361566399349
186,0.9279019589444188
187,0.5098684295017842
188,0.8643838157738366
189,0.9512689146614306
190,0.8084231511002606
191,1.1563081108682858
192,1.5723834826862748
193,1.476287603221615
194,1.171229915548956
195,1.0095518789706595
196,0.8304808768116854
197,0.47727171832229137
198,0.3748677372301319
199,0.0764329222236094
200,0.6161578423292373
201,0.4241886090809366
202,1.1640663768044706
203,1.5958615767113131
204,0.5719010644639271
205,0.7536391743619908
206,0.3164363407634624
207,1.2416056023157436
208,1.270386783297032
209,0.9266538000361709
210,1.605102575188727
211,2.6013234351853796
212,2.243095291552115
213,1.2768025087519008
214,0.8377560111166896
215,0.6272876028831896
216,0.3751174462893009
217,0.21757084702397986
218,1.0826354555915088
219,0.9831467040051047
220,1.4638291519840805
221,1.4101804537125504
222,0.4914093197558703
223,0.6343242353252494
224,0.1437702351227343
225,0.7200082926931425
226,1.6011265231796055
227,1.414746406277644
228,1.0726101810558364
229,0.6254081020762953
230,0.5008196080157701
231,0.9772328106443237
232,1.0307574688846977
233,0.09353878952772912
234,0.2744889842209836
235,0.7636862479194504
236,0.563724147935546
237,1.5200193850147203
238,2.0620770601458607
239,2.6879435280345683
240,2.5517862554758395
241,1.7129578051883279
242,1.3526633344212156
243,1.724075796368835
244,1.7186719792673253
245,1.4330801375593512
246,1.080886049513053
247,1.1059674988228039
248,0.7677706057052628
249,0.4014323441202022
250,0.49489380501256575
251,0.64566051072007
252,0.4002594711668925
253,0.1512474842636731
254,0.5667575997699019
255,0.5612097820198177
256,0.5015024309015319
257,0.20486295249573772
258,0.5394218945826481
259,0.8848129038086529
260,0.4752310854177235
261,1.2147714401690681
262,0.778989370365591
263,0.546761458181196
264,0.5802324798475917
265,0.3166053170376121
266,1.15757492820087
267,0.9139642283382744
268,0.2831370155258813
269,1.340844834445928
270,2.4471259698227863
271,1.9573698414511465
272,0.9699317361010814
273,0.1644903024372439
274,0.8254405385520523
275,0.7620110473285775
276,0.8668198932026429
277,0.495042444434033
278,0.6308357996934488
279,1.2048877059597438
280,1.1666160836911497
281,0.9912604678806236
282,0.2733502610773265
283,0.3325334117085987
284,0.5935380276276219
285,0.5225256830112176
286,0.77582490050332
287,0.30606484735872297
288,0.49395742244697366
289,0.24560683170792666
290,0.10619325912668388
291,0.31021650812776536
292,1.0410876604785784
293,0.7239879877608517
294,0.7334831533340636
295,0.7206552722646228
296,1.5849322204721792
297,1.308079762716449
298,1.7951787909472832
299,1.564224585266756
300,1.1204514299769013
301,1.2113193964098348
302,0.8620552076542196
303,0.6386634646835799
304,0.9542078582942158
305,0.15859925355367327
306,0.468539335716513
307,0.40721748971368665
308,0.25924544667022775
309,0.6292247838734346
310,0.1634987000553403
311,0.7017049782115142
312,0.7673898467253383
313,0.9978488559977866
314,0.7379942789617171
315,0.7294757345993166
316,0.33181954661614926
317,0.2772052320034385
318,0.9282119773986632
319,0.05551271574218727
320,1.1647541842140496
321,0.4254629928654913
322,0.5775509992823278
323,0.48019589268065643
324,0.7127355785634619
325,1.6140035632612881
326,1.3363590884745955
327,1.2845441804944295
328,1.8351264148233244
329,1.9363868235091382
330,1.3252781216006166
331,0.4408479372605662
332,0.7489001960506573
333,0.9582649216872069
334,0.8826271766960019
335,0.3379621052112599
336,0.9032119791147137
337,0.34810526157557076
338,0.5476769828839518
339,0.21893554283475414
340,0.10092900198390992
341,0.4766829257322058
342,0.5901422207899062
343,0.24178210653522922
344,0.5723777967760098
345,0.5775655472787957
346,0.5569303270207793
347,0.5538526168001051
348,0.8413625520594575
349,1.1881817715940626
350,0.3584522831862562
351,0.7553880194419303
352,0.8222059929587632
353,0.8305753417218831
354,1.7536506324771133
355,1.0118033607153143
356,0.25008517868504443
357,1.039449083997123
358,0.5007259074694358
359,0.4650218258810965
360,0.6361855762632103
361,0.22270294845816313
362,0.4635046590361014
363,0.955180971220822
364,0.24949835126743228
365,0.6803133052994188
366,0.7570842465358931
367,0.984215997161611
368,0.6863232052629223
369,0.24484748992571462
370,0.19672564820487612
371,0.5397363451332078
372,0.7304233489536069
373,0.8864440693191428
374,0.31528673325307416
375,0.12043367231798877
376,0.30012363642825723
377,0.8207586892979635
378,1.0677235122619466
379,1.579100611912677
380,1.0046312827987032
381,1.0508239474714967
382,1.24464827074245
383,1.3288586782263196
384,0.5376668095998378
385,0.2890495161362373
386,1.0303435239859369
387,1.207191308910779
388,0.8720405665601281
389,1.4244799699205504
390,0.6834595788354044
391,0.25173891474810356
392,0.08306345708422273
393,0.4584796068752107
394,0.4106498834623504
395,0.8927064236660973
396,1.0665510239611138
397,0.5606060538992675
398,0.8468752998084266
399,0.254880271379748
400,0.11667130360962646
401,0.3517925331265614
402,0.4765038028686939
403,0.6576291168021033
404,0.50639164789015
405,1.1990035437317432
406,1.5200948693486889
407,1.9171346148290647
408,1.7042430353984686
409,0.9445765067934281
410,1.149783389991694
411,1.4835774426980175
412,1.2790576821448965
413,1.3328982445721054
414,0.8145746044413549
415,0.6310456965906085
416,1.0760174328689798
417,0.5892580590270464
418,1.2040928746806956
419,1.1290765852759177
420,0.5807452701828411
421,0.46786519393967724
422,0.6442976501564504
423,0.8862372658720502
424,0.46154752890386613
425,0.42747295462055385
426,0.4543738905454735
427,0.5734568291543164
428,0.3423890862563816
429,0.31470855697481137
430,0.5129243327339684
431,0.4525960817134919
432,0.41064011928839655
433,0.7024498222136947
434,1.2021083065922988
435,0.27430352710313505
436,1.0695265836301397
437,0.6965297756975803
438,0.8628825721988538
439,0.256918047725193
440,0.2731249414561428
441,0.5094737995915463
442,0.5761288845871139
443,0.5673810258418686
444,0.3775272366650824
445,0.2699623621189628
446,0.6649655965535923
447,0.3454677697977503
448,1.3767280081746818
449,1.359295244900816
450,1.3333706703053017
451,0.8733390915370657
452,0.9255111444769211
453,0.23326053451396841
454,0.12370429447203804
455,0.7869441697965218
456,0.24340079641061452
457,0.28759662955299564
458,0.028419323647990307
459,0.30904790504836643
460,0.21785056358425536
461,0.2857972874315051
462,0.6674981218298778
463,1.029258335684089
464,0.5861613299462398
465,0.6863721593059852
466,1.752566893954803
467,0.8726540297784432
468,0.5770781968763591
469,1.508395364649556
470,0.8257482268184552
471,0.3419195049343578
472,1.087830633371353
473,0.19618419445304114
474,0.714873054097929
475,0.36747035602627837
476,0.6492673745146371
477,0.1439449448177656
478,0.8494888038770131
479,1.3391720912494678
480,1.1713146775988799
481,0.7141314462699168
482,0.5948258691665875
483,0.25420641347204187
484,0.640539370082736
485,0.490025903371533
486,0.3385668044169144
487,0.8997380219378519
488,0.42516478240325173
489,0.22655269923872473
490,0.5558443910559588
491,0.46096695589972964
492,1.0088300076992118
493,1.3004823038779787
494,1.3498690217273788
495,1.2379524723323272
496,0.2619431704853801
497,0.6832849026779072
498,0.41694231733625153
499,0.5881979686602357
500,0.9747649506138477
501,0.586373417023686
502,0.503640767541458
503,0.7071844734038504
504,0.20103010471302918
505,0.7028088364956963
506,0.37909011331682935
507,1.3080726394720068
508,0.43158083868759645
509,0.776983828829171
510,0.6373039745305994
511,0.5189591021176623
512,1.2918188305560638
513,0.5163783316203042
514,0.2150872925004642
515,0.5958178378901816
516,0.06824931297112016
517,0.03928985804467176
518,0.2871050325519629
519,0.6310593463240473
520,0.588112817230904
521,0.08080470569655601
522,0.2685189734369791
523,0.6776447782741886
524,0.8967307786252512
525,1.6861041000919121
526,0.762369177508617
527,0.38836710054464885
528,0.9298359001075056
529,0.08779250677011809
530,0.6928268575549785
531,0.27123157099499656
532,0.42517029194740774
533,0.6926495810232557
534,0.18686461256469122
535,0.4860301858011875
536,0.7176155308715855
537,0.5295065577629171
538,0.606091777453918
539,1.7109002404319338
540,1.5591696679227736
541,0.8700522437057816
542,0.7158156788017978
543,0.21021938549994973
544,0.6744011845453679
545,1.1489406837423255
546,1.3207221077035134
547,0.22777073687995156
548,0.6462813117936284
549,0.14738726071552574
550,0.1727310974194821
551,0.5749794033371423
552,0.5406185816832623
553,1.1597750733127539
554,0.8491763061916571
555,0.6478721373992753
556,0.06431700724175934
557,0.4430335258554346
558,0.6459072263900756
559,0.32213752854964545
560,0.2714739656796753
561,0.2714212026893988
562,0.31296739626425424
563,0.30966657931848585
564,0.5092047257882472
565,1.1762843698375072
566,1.4372418074591315
567,0.6858405788078928
568,0.16867246861023846
569,1.0813780816718008
570,0.1780750312972857
571,0.799278675768464
572,0.7709685338907328
573,1.0015690907170889
574,0.6793100841695495
575,0.3675430968815082
576,0.5149706348944567
577,0.8101673720509195
578,1.5189983796359154
579,0.4754922586903864
580,0.2582802005679091
581,0.31069937896414185
582,0.36575704862632896
583,0.8096144929420748
584,1.3871284338388503
585,0.2831709762383566
586,0.6661503762061328
587,0.6123980837204543
588,1.1681698960909799
589,0.3944119635063877
590,0.546046247356222
591,1.215863706091081
592,0.4265326144667797
593,0.3598632502521868
594,0.7646618197809769
595,0.28608206046684004
596,1.0988602590028782
597,1.1377290636067239
598,1.6748950261258255
599,0.8772401920674279
600,0.5205081041787774
601,0.5311104894108919
602,0.9731189273885295
603,1.1316282988057245
604,1.3299900637050606
605,0.7099012529890241
606,0.3871969985099624
607,0.948933307180949
608,1.098515609955384
609,0.8500677831435787
610,0.5068036280160877
611,0.08602899294412145
612,0.6615495950178139
613,0.26290576373362085
614,1.0359766409310966
615,0.3907669548566145
616,0.38763437762499214
617,0.38612539013832087
618,0.6506116317882903
619,0.08385533190528374
620,0.3923916520974483
621,0.39221730713626873
622,0.8287418167369993
623,0.1743144487328788
624,0.9377729373407245
625,0.3773083927411532
626,0.5310209631892774
627,0.6410885542439464
628,1.248947499449455
629,0.828926113793526
630,0.3037208789211416
631,0.4845473297731999
632,0.5341767125654779
633,0.21054453888733723
634,0.01944973438795345
635,0.4326171808630582
636,0.9995786024275402
637,0.9741509896410305
638,0.5292228934418297
639,0.7619970650212554
640,0.36756437171058404
641,0.790424978490062
642,1.1445680464994117
643,1.275125492342395
644,1.0280352290011865
645,0.49496158122477824
646,0.64072483885956
647,1.4828231278545487
648,0.655251259036139
649,0.4325063301160265
650,0.6823887421146141
651,0.24285970363121911
652,0.7861232328319846
653,1.3605827438792073
654,1.118426059182983
655,1.7673230082058289
656,1.128952694681936
657,0.9818781107105627
658,0.17685011306343967
659,0.6102661159915467
660,1.344917823222756
661,2.049841826844005
662,2.1114814378394877
663,1.1487413313990498
664,0.3565194768649425
665,0.5338830635554873
666,0.4795531452344071
667,1.2725307394566447
668,1.1441074091949095
669,0.04141766464807451
670,0.7861918145650617
671,0.3504552504994139
672,0.14552229484302828
673,0.3344932895464971
674,0.24497134566191464
675,0.7326521736883623
676,0.5228263557610205
677,0.8697210516320059
678,0.4834899792246166
679,0.3069281819852833
680,1.1413985495166483
681,0.1785020766312853
682,0.3618964622981988
683,0.5410625334379819
684,0.29502986946159687
685,0.8010503991800968
686,0.3741356838907875
687,0.9194739423508129
688,1.4375061460520102
689,1.2130523619929279
690,0.5555279080241762
691,0.36417577651666
692,0.13791610966654466
693,0.757583005887852
694,0.35496156757028335
695,0.10452392072407803
696,0.2216907019653591
697,0.6698051474138752
698,0.5073700419006922
699,0.31372525453020084
700,1.3478647160480772
701,0.5548904025730853
702,0.5640835986055069
703,0.7154968153805239
704,0.37654232486269845
705,0.2929102020302947
706,1.0404622470365408
707,0.24643313658562888
708,0.30788679003095626
709,0.1833501736817552
710,0.4838827253959748
711,0.8302980009410623
712,1.4787418986008358
713,1.04223180829172
714,0.8717110740099383
715,0.7224924930319802
716,0.4599733556224904
717,0.8916279024402302
718,0.3539736642390651
719,1.3886888544999598
720,1.9591775916624172
721,2.1438424988737705
722,1.0891153149980497
723,0.49914528581891154
724,0.8919623178175013
725,0.4108404092514599
726,1.097607900215885
727,0.7777942364969854
728,0.2312594941179314
729,0.8619636767605553
730,0.7610567860789255
731,0.06238050374625349
732,0.08112846844563755
733,0.6034010048631936
734,0.5340963708258748
735,0.339606017198676
736,0.4775476547710471
737,0.517090080434692
738,0.7701964001052175
739,0.9261854079258484
740,0.4186351608049505
741,0.22166487253129907
742,0.1277257455154018
743,0.2468550560707593
744,0.3059113405007937
745,0.5537163764611133
746,1.1810965357251293
747,0.8623563729352497
748,0.7767976526704857
749,0.006836133024773525
750,0.5362943083844137
751,0.5150148205366971
752,0.997991562004318
753,0.12812981578715515
754,0.9843595984096905
755,0.9678600584020977
756,1.2725484323181089
757,0.7003793102569543
758,0.7934210026593462
759,0.541818940367867
760,0.7216444973162998
761,0.4863771270291319
762,1.354593769436348
763,1.3080977961115414
764,0.587478573224881
765,0.8444297790468839
766,0.5160030384060774
767,0.7974396732258753
768,0.3147246639836724
769,0.770331285488102
770,0.061029922059062026
771,0.9366008112377899
772,0.7701126070120297
773,0.28872503964071916
774,0.8470552363107638
775,0.6401069173801777
776,0.031207680106555658
777,0.8767366979505729
778,0.5814879271230939
779,1.012514194301946
780,1.3287423266794323
781,1.2873842932975006
782,1.0451582064401648
783,0.9817378097988522
784,0.4624978434804171
785,0.6164790094840695
786,0.4904269613799272
787,0.8140997772797036
788,0.04341273136868315
789,0.9106781152665947
790,0.5899768992032154
791,0.49519375612333894
792,0.19093937218248108
793,0.2130198634295926
794,0.7488432634598249
795,0.032053758824952705
796,0.7376554882554646
797,0.22044189496506275
798,0.8081336074562309
799,0.4495248547267287
800,0.7252277685312102
801,0.23254652723556937
802,0.2773316007347461
803,0.6275795224382534
804,1.1724203408414788
805,0.6100403041173652
806,0.33913919738434245
807,0.3128875898197056
808,0.3168604266713553
809,0.4112095805288713
810,0.3024701036602644
811,1.080788467773121
812,1.0795472787467941
813,0.45508955379438987
814,0.7620070790612958
815,1.0362998007183781
816,0.3122961662372795
817,0.29923107156815115
818,0.9082452070779649
819,1.0257147218416909
820,0.21140586099538794
821,1.0360748812825966
822,1.2760860742126852
823,0.6209014347242067
824,0.3402933272815695
825,0.7765803100552723
826,1.22897598594552
827,1.0182788127284237
828,1.586414069335988
829,0.7657995286416124
830,0.38107438546204886
831,0.33017504823208044
832,0.5264576560513814
833,1.4529867516024932
834,0.48619432977273647
835,0.430702012488545
836,0.7826024172945286
837,0.5129681796218145
838,0.2773206305834498
839,0.559973722213736
840,0.47944513057574156
841,0.22958136583813116
842,0.8933242173354438
843,0.24880900285815752
844,0.6718869055537612
845,0.9565079514758525
846,0.5455621316961894
847,0.060131988138281654
848,0.7991043189884324
849,0.559409731995392
850,0.5192490886042105
851,0.1973600127734691
852,0.4748845068221173
853,0.7277370312820192
854,0.28662345998486155
855,0.2618190888433258
856,0.1938698452954426
857,0.17521631779715302
858,0.37822081530644686
859,0.17128607709143576
860,0.11889393183656065
861,0.13268845550358774
862,0.6303084966899394
863,0.6473163258164183
864,0.35610253145878473
865,0.30076087201642854
866,0.19968130867457298
867,0.3980651679465292
868,0.3145581355668309
869,0.723569047374237
870,1.2974029142511394
871,0.5317103217947013
872,0.5122312681926877
873,0.6808423952756996
874,0.9942287015475664
875,0.29834054538060256
876,0.5750570382042133
877,0.9083181488572426
878,0.4386959064719533
879,0.6759690107697816
880,0.735193279744435
881,0.19711034594482937
882,1.088371636047295
883,1.087789462442766
884,1.2924858140099984
885,0.4315357298439871
886,0.36555579817982253
887,0.8911445773264265
888,0.39673418084112333
889,0.3280913886109922
890,0.24205271561726036
891,0.5641133856877455
892,1.6022712798703669
893,0.7867393773403849
894,1.0693487612690247
895,1.2163328025180056
896,0.36470743419720275
897,0.6245987784301601
898,0.6906794827083207
899,0.7576951003575195
900,0.4384886179648238
901,0.9457275526514527
902,0.9164439473166259
903,1.3240877682350738
904,1.1658930451057834
905,0.4297451806836388
906,0.4326379359467409
907,0.2985998667560803
908,0.2459563374328285
909,0.18024188109106803
910,0.4379415180403439
911,0.3221871183550252
912,0.058674973648005474
913,0.17730555632565256
914,0.35606457206144265
915,0.2366209906421617
916,0.06878461045961816
917,0.062137010678735304
918,0.11801383766158281
919,0.0730417621905978
920,0.21129230562906356
921,0.2596411617233335
922,0.4630842444705729
923,0.22428425631518006
924,0.7320095828871789
925,0.5288959744983225
926,0.3509176611824869
927,0.3152148782752316
928,0.2858078179881392
929,0.5742329168838555
930,1.0941067662256054
931,0.6066795635829663
932,0.06731328686606716
933,0.13768640659851278
934,0.36829508403135675
935,0.744072584217884
936,0.9844181193398795
937,0.5190006297596029
938,0.8304987875010088
939,0.6561647294801544
940,0.8906844755023221
941,1.39247559536028
942,2.05691765415402
943,2.254210749058176
944,0.7106372214858412
945,1.2587984675751007
946,1.157446851397151
947,0.8384039360569886
948,1.3285413995260686
949,0.8384443824623529
950,0.4431646582004744
951,1.467747657183846
952,0.37734108253178195
953,0.5766267749956943
954,0.28948839833302376
955,0.4630870431426009
956,0.1682018494038352
957,0.8052171383463207
958,0.863383793192207
959,0.7858793214299028
960,0.45901651001769606
961,0.748140297720258
962,0.559536022064911
963,0.41841300849994423
964,0.19418581495135587
965,0.5738314204820637
966,0.9284619986231227
967,0.2655278966962066
968,0.289612077109483
969,0.5102636800248527
970,0.3539197999645084
971,0.1119034954652212
972,0.13640697954836412
973,0.11947104759604835
974,0.13605517383019167
975,0.06582965983686558
976,0.04377173915676254
977,0.261325932058126
978,0.16418557076207888
979,0.30332420402258625
980,0.17028071863639802
981,0.23450483135031236
982,0.38047921080806985
983,0.1875397790717971
984,0.07708056817750339
985,0.14509331640644402
986,0.35791572132435384
987,0.173590038334549
988,0.007364187393385397
989,0.1908927610873435
990,0.3343763258546246
991,0.09310907224346215
992,0.3933847208259425
993,0.3771045543862146
994,0.6689382115227354
995,0.5721461975143415
996,0.8302987396666204
997,1.4917970510940264
998,0.5773755054914925
999,0.2586152598395419
1000,0.7082696256724116
1001,1.1944885489962485
1002,2.173401448979153
1003,1.7827397322256309
1004,1.88484668610864
1005,1.3682983911765885
1006,1.6323897357996873
1007,1.3114855212432146
1008,0.20149251484671263
1009,0.5000073520762711
1010,1.5908492437549684
1011,0.8725923249018359
1012,0.45982965836538403
1013,0.4299552390865261
1014,0.7555463582298789
1015,0.44433409811773816
1016,0.40078130576741133
1017,0.17695468280968385
1018,0.8845404067167647
1019,0.7904653829599649
1020,0.32972286202924406
1021,0.7031664037573658
1022,0.23164281550212065
1023,0.26936658783447465
1024,0.6570334763741932
1025,0.5515652799795354
1026,0.4706188963694688
1027,0.8851231286660716
1028,0.23178029366088357
1029,0.035993607219499076
1030,0.006213694846912049
1031,0.11896659559567538
1032,0.08449103207465182
1033,0.17974827213301398
1034,0.2765124823281469
1035,0.2726826665388028
1036,0.19449222231822516
1037,0.3401345877048664
1038,0.053009370694109444
1039,0.3291003230050801
1040,0.11219226509508656
1041,0.0861062980622034
1042,0.04463903954927047
1043,0.4509801936009311
1044,0.1710229911031081
1045,0.035825906739418545
1046,0.35334164873512397
1047,0.06982993036334695
1048,0.430838581059583
1049,0.4752205203246139
1050,0.14528510251787738
1051,0.19648269735194557
1052,0.20120313100027012
1053,0.6181235527126216
1054,0.7743533540735974
1055,0.9806409804528667
1056,1.9484744497638964
1057,1.4559098985332366
1058,0.7014586284169644
1059,0.377329006179818
1060,0.9830588352329452
1061,1.377851631264219
1062,1.615008667852848
1063,0.9978408199483777
1064,0.3347838892228109
1065,0.9511072865295853
1066,1.682485539473103
1067,1.057769699769156
1068,1.0276719492293087
1069,1.4756027336691284
1070,0.8352162428541239
1071,0.29810403468472413
1072,0.3394932583719693
1073,0.4011112620426362
1074,0.2874628134883184
1075,0.08086746719085168
1076,0.43496572814710804
1077,0.23038418388369392
1078,0.15992306188721464
1079,0.8372765290747548
1080,0.4243034603095733
1081,0.7575203097775866
1082,0.45024603725199674
1083,0.23828520602671346
1084,0.41415190526041035
1085,0.21602885594558693
1086,0.6197327777408076
1087,0.5207484303056316
1088,0.024116612218139745
1089,0.07823399570934453
1090,0.004119918153432781
1091,0.07362097869757939
1092,0.062423759244515084
1093,0.25087038120367217
1094,0.12046720747146428
1095,0.30218938360935443
1096,0.12642672259198648
1097,0.15633167328238048
1098,0.18725848129230768
1099,0.295146987788985
1100,0.06411739201124803
1101,0.06061316357655736
1102,0.27153596971958527
1103,0.23494821358019857
1104,0.08904217168008992
1105,0.3194108454890629
1106,0.13292215445942643
1107,0.30751497547463036
1108,0.4524252886455135
1109,0.19328554200550316
1110,0.9873698668989334
1111,0.9355531325153532
1112,0.8218928779976794
1113,0.48844372965515687
1114,1.052041172771424
1115,1.7792079274986325
1116,1.35444774220892
1117,1.1878793377035761
1118,0.45121862451895434
1119,0.3699043714445392
1120,0.7530815343637224
1121,0.94607191314631
1122,0.19725184940111104
1123,0.8401747663439292
1124,1.2240895225154549
1125,1.7082316449045922
1126,0.6184293603564974
1127,0.33524297831327515
1128,0.9082897972455138
1129,0.12173997309562926
1130,1.213776033988393
1131,0.9139377167516579
1132,1.242818177779856
1133,1.171326142786601
1134,0.5749832005588514
1135,1.0403103923714492
1136,0.48569076092967384
1137,0.31973240780733103
1138,0.3441940485427206
1139,0.030977783750950838
1140,0.1438475546441669
1141,0.13012598816952742
1142,0.35899156668941357
1143,0.331336480695746
1144,0.22306176593178226
1145,0.2570097631774884
1146,0.4996916805647995
1147,0.20138942590164088
1148,0.07394709482671978
1149,0.11358068242056754
1150,0.18954601702466078
1151,0.41186000517052246
1152,0.10132628997956955
1153,0.05252493407490077
1154,0.29260604600530454
1155,0.27213350794720326
1156,0.3714961817290362
1157,0.33077252281352626
1158,0.22846856179019706
1159,0.400742030374655
1160,0.2657353543535223
1161,0.23303526050840434
1162,0.4932358279280718
1163,0.015363292686051577
1164,0.10324199287803415
1165,0.2525103189191155
1166,0.5462699341047585
1167,0.3640339925335364
1168,0.6820891403672336
1169,0.9407294110769225
1170,0.18341035282114387
1171,0.03316998519469661
1172,0.6448577486088055
1173,1.0997711371861114
1174,0.8945035608934992
1175,0.3347651004574419
1176,0.9295230018981911
1177,0.5929134854985617
1178,1.0003181962095167
1179,1.2566981281004512
1180,0.24798545172210323
1181,0.9346173599061782
1182,1.4220269720532352
1183,1.9745352171969004
1184,2.1295736820016615
1185,1.4140084944042468
1186,0.8783397758472132
1187,0.6178317260958235
1188,0.5054465078832345
1189,1.143492696873254
1190,0.1718282630998981
1191,1.1064974911418182
1192,1.141341199408558
1193,0.5420741004730937
1194,0.9826406870130922
1195,0.1870727934201982
1196,0.40438210487121656
1197,0.518139574403031
1198,0.5741571735786842
1199,0.2015286887556138
1200,0.7516995883183359
1201,0.21608833740757713
1202,0.29025057193648324
1203,0.38658413741957653
1204,0.6169761443211246
1205,0.058865588613747695
1206,0.2345349120315443
1207,0.32329367165232564
1208,0.24718647313051018
1209,0.19928045353336352
1210,0.3406804061733354
1211,0.19636543782745416
1212,0.07179718960627661
1213,0.2652341400016004
1214,0.09596316804475526
1215,0.4374518684543687
1216,0.07202742377632937
1217,0.10732234785797827
1218,0.17500657868552105
1219,0.10962758616019275
1220,0.09075221544557437
1221,0.05153611345604233
1222,0.2270647854645347
1223,0.024748035728599054
1224,0.5047516350563599
1225,0.08206050208249993
1226,0.43164146516490454
1227,0.18212126065250353
1228,0.40053004728307284
1229,0.4716477499123711
1230,0.8101046001574989
1231,0.324650747943735
1232,0.7874684802207701
1233,0.45909775075301557
1234,0.34950628377307436
1235,1.1054656221631656
1236,1.3694156287609922
1237,0.5328484500371633
1238,0.5909368233698
1239,1.2578890662709346
1240,0.48982967004758227
1241,0.42137306802839514
1242,1.4332676783213858
1243,2.530576921051336
1244,2.354614370276576
1245,1.9267919473879216
1246,1.0080644717379064
1247,0.8903499762755659
1248,1.4542624950975338
1249,1.2554978408255615
1250,1.6646397500898962
1251,0.923912219432069
1252,0.5615106409662323
1253,0.757382560281818
1254,0.8446933312993666
1255,1.0101277367861212
1256,1.4443821175084899
1257,0.6004912746705697
1258,0.8891030973681963
1259,0.8100319934416078
1260,0.5786032443212603
1261,0.12000689238328989
1262,0.0543899485610268
1263,0.3148575927407838
1264,0.04082322111252441
1265,0.1822063958078552
1266,0.06795925566140142
1267,0.2975336311340581
1268,0.036791150111296425
1269,0.1705280090460007
1270,0.16283153471946019
1271,0.3091745317880171
1272,0.25220426280696967
1273,0.04716708868589507
1274,0.17543816991090885
1275,0.1061384857866285
1276,0.07293580364582028
1277,0.18052461749165358
1278,0.15096291802743264
1279,0.37074700097821345
1280,0.06347396407543344
1281,0.31111416010160764
1282,0.1204170827866504
1283,0.16555596805821848
1284,0.2934287103858465
1285,0.20041210220066216
1286,0.6608796084669714
1287,0.18929809198040592
1288,0.2108040250250696
1289,0.6271363316605143
1290,0.09414890304699779
1291,0.33683388923506485
1292,0.29806353982591194
1293,0.5136075802715309
1294,1.6195150101321496
1295,1.3951538413017242
1296,0.5958855861585098
1297,1.1120105027776723
1298,1.7671751533101272
1299,0.9603664816534384
1300,0.8288328620565093
1301,1.6011386277583572
1302,2.6292942451170664
1303,2.898031770231195
1304,1.7970563692842891
1305,0.7301351845540329
1306,0.438697071968647
1307,0.7362016677998698
1308,1.8342281788282686
1309,1.6912172176151246
1310,0.6415857809933807
1311,0.6602357848217738
1312,0.7887603606485215
1313,0.2979254401631244
1314,0.16703599673399025
1315,0.7166890335762897
1316,0.5696438236987184
1317,0.5453509824863274
1318,0.24594425157518113
1319,0.12434152746340325
1320,0.19192876426575478
1321,0.10697478398668059
1322,0.11927203020480863
1323,0.49375069875405647
1324,0.10784069660400876
1325,0.11571495283541969
1326,0.10706246775691404
1327,0.16863798467842062
1328,0.1298900337797
1329,0.012478401640568076
1330,0.1622411197411369
1331,0.31954669163808996
1332,0.0974846788985675
1333,0.23049812121160804
1334,0.28100085315007356
1335,0.09453823051794066
1336,0.19252810012764193
1337,0.4414653483401875
1338,0.11519064702069509
1339,0.4179063972852783
1340,0.17896808037931816
1341,0.2286789093370247
1342,0.28456359410246634
1343,0.22007837244399553
1344,0.17483891992459313
1345,1.0238768249751062
1346,0.40702718604440513
1347,0.7427323095976122
1348,0.23581116359597198
1349,0.9994491750017991
1350,0.7734948382409532
1351,0.05469334578024907
1352,0.6051438775347698
1353,0.7885435506615986
1354,0.8070560844234764
1355,0.8106222687193662
1356,0.35157054835548207
1357,1.6239642917308887
1358,1.9896766707940494
1359,1.8842469744716208
1360,1.9244121909718086
1361,2.303141202534737
1362,3.0622445637999736
1363,2.2581849262579707
1364,1.5501649343721025
1365,0.9860797012676008
1366,1.149721793871906
1367,2.035738086085036
1368,2.0196554857791953
1369,1.422781244322471
1370,1.5316479860269534
1371,1.4594539268954123
1372,0.5649647936931198
1373,0.5184524367248179
1374,0.31653720677713354
1375,0.18583586575702316
1376,0.3040402763239316
1377,0.20207059357277862
1378,0.1797710198129312
1379,0.127316951356989
1380,0.2509985840406777
1381,0.20899102500882133
1382,0.19037250200385814
1383,0.16669380329606387
1384,0.12950287822766895
1385,0.21221726791148476
1386,0.24664675917635348
1387,0.22059768704965405
1388,0.04939652190935076
1389,0.07004616425135121
1390,0.126398028064036
1391,0.15117649708424366
1392,0.10764099317395356
1393,0.11564068667518367
1394,0.37850607467181924
1395,0.1718061276048402
1396,0.14724875458707204
1397,0.05644363037653483
1398,0.2176886016762947
1399,0.024970983480217854
1400,0.19401032041156915
1401,0.11347614695988814
1402,0.12341041129763564
1403,0.12627025652455814
1404,0.4064803620821271
1405,0.6798834123081041
1406,1.1358171864781634
1407,0.4048959832739721
1408,0.6772249002590472
1409,0.7070203086818376
1410,0.4198704495048401
1411,0.5659712013358292
1412,0.4169884564945386
1413,0.4573795676247935
1414,0.2535668809742358
1415,0.14217264208797617
1416,0.6872873628589627
1417,1.6893842028632051
1418,1.240275289419623
1419,0.8487828069697363
1420,1.523341561049571
1421,2.528550790086016
1422,2.118810757246395
1423,1.2053527336820773
1424,0.33347711937916585
1425,0.9667306814593596
1426,2.056888857605103
1427,1.5079947949013144
1428,0.46842058440263845
1429,0.7985297282663733
1430,1.6917602038380117
1431,0.8269739913545976
1432,0.9007088504760685
1433,0.34287323930878755
1434,0.1526083240151625
1435,0.8741986230041796
1436,0.5784858323159698
1437,0.5359487776113451
1438,0.46600271622074685
1439,0.2551992590416965
1440,0.33814260079085967
1441,0.15733749785936155
1442,0.24912023314955675
1443,0.3393364762099774
1444,0.15894844647286208
1445,0.2779796027554691
1446,0.13388717924511287
1447,0.22204343801474274
1448,0.4296335932757454
1449,0.09843349848248283
1450,0.08417882712288957
1451,0.18208666108714028
1452,0.08618298550859979
1453,0.4854783098216962
1454,0.45289798936701575
1455,0.20677124107354616
1456,0.09571638909213115
1457,0.3648484732782609
1458,0.2926980758056286
1459,0.14091025306027172
1460,0.20255102476658637
1461,0.24708305550203977
1462,0.17964672722076164
1463,0.25228007882542886
1464,0.21508359342083777
1465,0.13688911847135574
1466,0.26721311188398633
1467,0.22938555173515685
1468,0.18967618766799232
1469,0.1920647531418175
1470,0.5562653452492632
1471,0.3970564262715865
1472,0.7111873477169189
1473,0.7907435824633167
1474,0.4903768521115167
1475,0.8135537653059078
1476,1.7445679617972718
1477,0.7963883480380436
1478,0.2937698114743474
1479,1.235793297949707
1480,2.332580500025162
1481,1.9308681789058666
1482,0.8317440000012231
1483,0.10957169225800452
1484,1.187804357287497
1485,2.192344552496383
1486,1.6796688430351183
1487,0.8755771416637523
1488,1.0885061181375846
1489,2.0188903231526956
1490,1.0933135805019896
1491,0.41081544341195114
1492,0.40276010378681726
1493,0.43239173892018923
1494,0.2984683693942205
1495,0.250728822832774
1496,0.1757852993425598
1497,0.09152342537160148
1498,0.20121426487657754
1499,0.25059278355917325
1500,0.2581528703288462
1501,0.3210780194015084
1502,0.4070572432358559
1503,0.11184397859711093
1504,0.27272312448327674
1505,0.2594342344844103
1506,0.13150020344552507
1507,0.3063713853062381
1508,0.04772086197264019
1509,0.17391617704217419
1510,0.2299087013543507
1511,0.24575392674623514
1512,0.1278057237493724
1513,0.21797243668811567
1514,0.09549145254460813
1515,0.1908545333753796
1516,0.03854289566552752
1517,0.17356943421921028
1518,0.2741712578464367
1519,0.3621954311688672
1520,0.25409213957948573
1521,0.1955046120623182
1522,0.4379479673276466
1523,0.42570046081836377
1524,0.3777680136060586
1525,0.6405289404374226
1526,0.754241471201411
1527,0.26779175793655297
1528,0.4634666627876001
1529,0.5425259470543481
1530,0.7234278695028085
1531,0.2639193127577858
1532,1.342769594291287
1533,0.9156713123919004
1534,1.790468500206827
1535,2.251545525799046
1536,1.2999347906779133
1537,0.8110672380546294
1538,1.448686300890238
1539,2.452022891662808
1540,2.306563516781509
1541,1.4440585487075464
1542,1.0056224998551684
1543,1.5524530441220623
1544,2.1239479542622965
1545,2.3528590729151007
1546,1.9146694048098447
1547,1.8337692852272884
1548,1.0335885596107648
1549,0.9914011322329145
1550,0.48557389478487006
1551,0.22376758088717671
1552,0.26577828380777957
1553,0.5266118439476163
1554,0.03037610757006664
1555,0.16159962100699432
1556,0.1188418673817132
1557,0.29753585132892074
1558,0.08565496463847683
1559,0.23941934595690778
1560,0.072640434877033
1561,0.1838916438884739
1562,0.27120118096580337
1563,0.08781692214183831
1564,0.24898152696441547
1565,0.27238232677125773
1566,0.25007074089957637
1567,0.20460256366084112
1568,0.2697338961147833
1569,0.21899811173044606
1570,0.37978252292893117
1571,0.2194581466139787
1572,0.3030066041578352
1573,0.5088505050893855
1574,0.5152860814344329
1575,0.2779073511011071
1576,0.12906551500056973
1577,0.5977206386234925
1578,0.08821497712732575
1579,0.12534502409643966
1580,0.1449440406997721
1581,0.45096308321183276
1582,0.2939520253671766
1583,0.3396193111089007
1584,0.3194231309051956
1585,1.3141066387995528
1586,0.9650372755121344
1587,0.18796003183326054
1588,0.9443674052446375
1589,0.4834205400921864
1590,0.5861650809074503
1591,0.8238952439713312
1592,0.1142961907156983
1593,2.846767830190417
1594,2.8496079015386098
1595,2.1483220736351964
1596,1.892926977283494
1597,2.1416718268320776
1598,2.6462006214734064
1599,2.4044818672349626
1600,1.3073808922277375
1601,0.33138932612701355
1602,0.5750933572918691
1603,1.2616958358186674
1604,1.3452805977430393
1605,2.1214489636650464
1606,1.5963981104933618
1607,0.5040978947358075
1608,0.0472846822237062
1609,0.2925382244941831
1610,0.41821757500393064
1611,0.19976154448516711
1612,0.5602656620418395
1613,0.1500604739408578
1614,0.17029630861311076
1615,0.10707464241083431
1616,0.1401817112379392
1617,0.07557366843615158
1618,0.1692529762510313
1619,0.10401573119874158
1620,0.15126920469556493
1621,0.1303375664101051
1622,0.08537485921005959
1623,0.15864940370408798
1624,0.18185361351878593
1625,0.2886806172489715
1626,0.17584732630386415
1627,0.0627584062972466
1628,0.3546643481592007
1629,0.22950147287084455
1630,0.1941785658309362
1631,0.0602945908190558
1632,0.09046767085809544
1633,0.34506851223825463
1634,0.10958097180720075
1635,0.050246524022797355
1636,0.5826454508677652
1637,0.3963122241464323
1638,0.08968802274120675
1639,0.1023486680425667
1640,0.26878126031912736
1641,0.1401417197716881
1642,0.639336302439411
1643,0.511739245118984
1644,0.9920502299602739
1645,0.3177719834975334
1646,0.1366154929377303
1647,0.9798306327013064
1648,0.5086861083343822
1649,0.7736427616462338
1650,0.9662952705752805
1651,0.2639167380751751
1652,3.918775141319936
1653,2.9751580438419643
1654,1.9618176718843652
1655,1.148370189435821
1656,1.1232283510665841
1657,1.917652754719136
1658,2.516422546232885
1659,1.5033537460901236
1660,0.8127883303787443
1661,0.7181577410860017
1662,0.4669407647297341
1663,0.6602964764861639
1664,1.4168592534308595
1665,1.1721243128785168
1666,0.5640630493613695
1667,0.5336423188266524
1668,0.687632684962043
1669,0.1694933359508428
1670,0.30270840402635635
1671,0.3113761129001017
1672,0.21292057310379356
1673,0.32185563495175545
1674,0.1400497756201181
1675,0.2811533174399343
1676,0.11567567861410175
1677,0.21948221000204238
1678,0.08116642141041477
1679,0.10383593897529605
1680,0.055738682291829586
1681,0.05989801489218947
1682,0.2173978157311046
1683,0.14723071366904725
1684,0.08230450424138301
1685,0.05481672134152797
1686,0.10422092528027309
1687,0.2861345378323548
1688,0.11338603470618505
1689,0.15273484275910018
1690,0.1650368889637623
1691,0.09083559772412186
1692,0.3962010911539432
1693,0.16360835313054256
1694,0.13023642383385411
1695,0.05380534744191394
1696,0.25363500022368624
1697,0.34173763214388697
1698,0.1344757553308061
1699,0.18749514681818982
1700,0.0411448403837743
1701,0.28310520774592857
1702,0.23601779549563265
1703,0.5181841954719647
1704,0.4703470352248048
1705,0.7100397338205293
1706,0.6254274127898709
1707,1.1051551694027977
1708,0.4130884147278221
1709,1.2620532743434474
1710,0.9758586748018183
1711,3.9186299221367373
1712,2.8068903018139646
1713,1.695420259163626
1714,0.5857720428303098
1715,0.5335449928128759
1716,1.6428858678448022
1717,2.7205764197297935
1718,1.609797349867749
1719,0.5042036312868815
1720,0.624385648518187
1721,0.9467925455888412
1722,0.4359898966194191
1723,0.3928756744973765
1724,0.7051459695548902
1725,0.17443958815219665
1726,0.15001798848020995
1727,0.7269660437698983
1728,0.5622299018814709
1729,0.18971740093741066
1730,0.34808154102872146
1731,0.21695578838114216
1732,0.47667338004123944
1733,0.24334091962097687
1734,0.09126840230952911
1735,0.4635000424904067
1736,0.2501596630951832
1737,0.4566282073656561
1738,0.17437319686558647
1739,0.28651955168470367
1740,0.1744105021658812
1741,0.26858730323232327
1742,0.13704266814016045
1743,0.15751762040139763
1744,0.051840696754948803
1745,0.0857300537817408
1746,0.13606404308682538
1747,0.1496393799298348
1748,0.030278259439637155
1749,0.15032026412132535
1750,0.1169421246487931
1751,0.29011399043996167
1752,0.258910508431191
1753,0.2387911972117036
1754,0.14282082497047102
1755,0.43670620229923823
1756,0.10145884894818807
1757,0.06454014972895503
1758,0.1784510060463226
1759,0.18613470725421724
1760,0.37901916191372376
1761,0.23364721181414005
1762,0.38353775238776344
1763,0.2793937812146489
1764,0.05807987256491418
1765,0.47811031974724955
1766,0.39952163873633395
1767,0.6831135490786644
1768,0.3924892999750481
1769,1.0121832435249103
1770,4.0830937405948164
1771,3.0322528343374113
1772,2.047027680248757
1773,1.2880022172166483
1774,1.2650847461334132
1775,2.0036944462011532
1776,2.893065664687087
1777,1.886717323105568
1778,1.1056391350120147
1779,1.1653479561412161
1780,1.1282592500256814
1781,0.05414294153531713
1782,0.4320788410791173
1783,0.38412139298823367
1784,0.49381077772081566
1785,0.32753199583200765
1786,0.3461078780207755
1787,0.4108327565865619
1788,0.4717466649391066
1789,0.4438461259064356
1790,0.12081627054221496
1791,0.15740913986580582
1792,0.14123137287451754
1793,0.09327006873133789
1794,0.3735284195827785
1795,0.32316133573467737
1796,0.04903868427261167
1797,0.21860469379069128
1798,0.12392728332091642
1799,0.05407012445944544
1800,0.08546742623832121
1801,0.21580763771848505
1802,0.4599794036382952
1803,0.03090382422095627
1804,0.3407915029612299
1805,0.06978875816082687
1806,0.09668249749566278
1807,0.15646963220774837
1808,0.13160647269420098
1809,0.2693262694899755
1810,0.249227203574485
1811,0.23494344102589398
1812,0.3245619555291375
1813,0.14918553066691237
1814,0.23655066916789338
1815,0.29301309687459665
1816,0.17012842870862097
1817,0.16637950527678227
1818,0.14662584266337655
1819,0.30642354541776784
1820,0.4553702438594344
1821,0.03619029092397222
1822,0.5541002494912621
1823,0.5086217176312108
1824,0.7093382700147548
1825,0.5215008552402023
1826,0.4297332116802022
1827,0.7445855104258605
1828,1.1936742591631377
1829,3.5624087024695537
1830,3.3048241368425972
1831,2.8035770471104713
1832,2.308360375659962
1833,2.295620445483912
1834,1.8477415640656596
1835,1.8456597602890854
1836,1.7473434788186972
1837,0.6586607304968636
1838,0.5146473695892742
1839,1.551545323322408
1840,0.4937377004157202
1841,0.2898003764872635
1842,0.7615339858319639
1843,0.10011250508631367
1844,0.7054362611835425
1845,0.6911609682786104
1846,0.4721334455374628
1847,0.3113704976787285
1848,0.13772480904486045
1849,0.3600964926877229
1850,0.31833069130057495
1851,0.5489243191231169
1852,0.04857765148087335
1853,0.40613841191800826
1854,0.0639747296268115
1855,0.14188861776279535
1856,0.027465036816288046
1857,0.14126336109921783
1858,0.3494005225307624
1859,0.5335743492403983
1860,0.1132851312074998
1861,0.1529082636827598
1862,0.16343477208116178
1863,0.21637136337539456
1864,0.23401580223117757
1865,0.26530967388755866
1866,0.04109183098592461
1867,0.12042386211764466
1868,0.2513242692518179
1869,0.3848971465435193
1870,0.2505455902661292
1871,0.05078717499463795
1872,0.23248606648639122
1873,0.025332513640956726
1874,0.1255863482904659
1875,0.16860902146570925
1876,0.044907963777387955
1877,0.1621604293216945
1878,0.5305796396608078
1879,0.14035341853263392
1880,0.5326739370161069
1881,0.22594255889637913
1882,0.21432235410500888
1883,1.0519878439679466
1884,0.5273045948909199
1885,0.7202295829983467
1886,1.2733025124337298
1887,1.9190824400875837
1888,2.591407718009859
1889,2.224125644549096
1890,2.377170176391336
1891,2.8642650640179497
1892,1.802971087820525
1893,0.8776431296890806
1894,0.873311236429441
1895,1.6713847307985086
1896,0.7741252371570202
1897,0.7827582958405914
1898,0.6272730459672983
1899,0.2134879011965712
1900,0.31836202874239655
1901,0.4197878629305241
1902,0.34734001038070783
1903,0.1682937791101601
1904,0.8370321417230744
1905,0.6788868585673351
1906,0.5670709087388189
1907,0.1490954078205864
1908,0.12777412944117086
1909,0.502980095098492
1910,0.12410279408824507
1911,0.25682336923531024
1912,0.09834450420956732
1913,0.33168153953611085
1914,0.33026310441158097
1915,0.1210110648928749
1916,0.2666755436939823
1917,0.4178866263636447
1918,0.29675956110699087
1919,0.14838528508607843
1920,0.1520789170569008
1921,0.3448859211124655
1922,0.17381407601153123
1923,0.20806387663659695
1924,0.3189844551106954
1925,0.0425691834491861
1926,0.06729483960771246
1927,0.0846041737011476
1928,0.1543378014324307
1929,0.17938225562688162
1930,0.23325410390348178
1931,0.5771262641886615
1932,0.0917847821083471
1933,0.3238168262455706
1934,0.5594840777803833
1935,0.34029206658733974
1936,0.23319509764213991
1937,0.8505300954009034
1938,0.24616278932473512
1939,0.32612377488788447
1940,0.4754908222662158
1941,0.7442256117280668
1942,1.218693138027324
1943,0.9203276843370136
1944,0.6984381141992645
1945,0.3752532535989197
1946,0.9123924842824054
1947,1.7590563706643092
1948,1.1514174348344364
1949,1.4248183111694723
1950,2.2819541290271936
1951,1.7205205536868555
1952,0.6926435702130136
1953,0.6657190942566734
1954,0.5867233779326978
1955,1.2054386364414267
1956,0.11417296674082028
1957,0.7342432608712558
1958,0.5276234118350751
1959,0.2932729821650466
1960,0.5453795292019034
1961,0.4996864894491725
1962,0.18728521776002816
1963,0.4666218220096714
1964,0.3328820483492169
1965,0.05873244601130536
1966,0.11348436649053106
1967,0.37951881276553534
1968,0.18280468271243647
1969,0.07395113294126554
1970,0.14407693790495546
1971,0.26842529671299603
1972,0.24988306143896605
1973,0.4952000127715702
1974,0.358675509228603
1975,0.24725565699472507
1976,0.8104603313127356
1977,0.10711105152812536
1978,0.05598478291914065
1979,0.14129761634315108
1980,0.09553558097901563
1981,0.2130745755324593
1982,0.08796297385161046
1983,0.08217365705594908
1984,0.18888211912241823
1985,0.09064764719107404
1986,0.06247008510399501
1987,0.4793891089808626
1988,0.057670633378876394
1989,0.11286043308987599
1990,0.36269867649790993
1991,0.12629293771607383
1992,0.12924452866751185
1993,0.16473560859955394
1994,0.5991692705429282
1995,0.8744795314332565
1996,0.3179505714250157
1997,0.39772846942315215
1998,0.18001580139397785
1999,0.3949479708909814
2000,0.2665146267772114
2001,0.8342878406051287
2002,0.8254026624249865
2003,0.307816427942546
2004,0.23288549230165903
2005,0.336721693979439
2006,1.3518179727245097
2007,0.2427843904990371
2008,0.8736927557340562
2009,1.9850934851632975
2010,1.9461304031462945
2011,1.5842354967510774
2012,1.212936048074897
2013,0.4980235578347406
2014,0.3988040112329484
2015,0.727417578992305
2016,0.5909306839150549
2017,0.5529790757524231
2018,0.9700784846782642
2019,1.0381413176957344
2020,0.38300935331957836
2021,0.18633911030247782
2022,0.3493943390038832
2023,0.15739524915372174
2024,0.3322235431015602
2025,0.1266458425221312
2026,0.07065730596107023
2027,0.06181734215869708
2028,0.14810314565748886
2029,0.1612775835167743
2030,0.4711959572530464
2031,0.1468330236807623
2032,0.29131747081266257
2033,0.20839755581486638
2034,0.16721507551972606
2035,0.33798517740374784
2036,0.42771057869836715
2037,0.356156721656874
2038,0.29330817191652025
2039,0.2330086413363548
2040,0.12405753806869034
2041,0.06857939889344744
2042,0.2400100864352985
2043,0.12261460287476529
2044,0.17632894103916882
2045,0.3200763108789081
2046,0.4437320587921056
2047,0.10779891331133491
2048,0.23667687741889937
2049,0.31399660254528655
2050,0.4554782090560531
2051,0.47836871603642245
2052,0.03720518804562478
2053,0.3745281889080989
2054,0.24606010943888537
2055,0.25791022333878594
2056,0.25665800633795366
2057,0.7756655386763422
2058,0.9742145584214401
2059,1.0605476917972416
2060,1.0692818263384065
2061,0.5134127297083834
2062,0.4103752742840225
2063,0.39484486131981006
2064,0.3843135004853045
2065,1.7072760501526916
2066,1.0706452903156594
2067,1.3603799043308291
2068,1.1345996463059418
2069,0.8981996445387916
2070,1.5476471053555372
2071,1.1155806552302259
2072,0.26110711727239544
2073,0.8825954399265341
2074,0.5470176923948712
2075,0.4819500929493917
2076,0.584153728492618
2077,0.47870909540391665
2078,0.1368233719189047
2079,0.4139974617765579
2080,0.4328167491846036
2081,0.2889190316855928
2082,0.24271197911452094
2083,0.0963241630288326
2084,0.13768254254417228
2085,0.181129531072389
2086,0.35846826725037345
2087,0.30847980880160925
2088,0.04093060550626876
2089,0.062214277192047134
2090,0.036371020197196416
2091,0.10242387554449892
2092,0.1909896511917261
2093,0.05906789697279736
2094,0.49003040411630966
2095,0.1051991818725336
2096,0.5753761584938353
2097,0.22116755326272297
2098,0.12438726123004805
2099,0.04098238940628541
2100,0.2602315966758958
2101,0.028697663716603483
2102,0.23272569152989445
2103,0.2780350776050057
2104,0.22256822059483145
2105,0.2744595411529913
2106,0.22812390821688291
2107,0.24619844530756302
2108,0.3985608879080257
2109,0.4659161090710358
2110,1.1006905944395513
2111,0.584367482661451
2112,0.6085564182684304
2113,0.7137698244153196
2114,0.5561952859227847
2115,0.34750252942933973
2116,0.5909658439763877
2117,0.8524769061690939
2118,0.8124178429073298
2119,0.3068106931186702
2120,0.49724299436932473
2121,0.9195396555981884
2122,0.6908071260759145
2123,0.5546226905756766
2124,2.5211938350150276
2125,2.1419088075513524
2126,1.28140029899175
2127,0.8125759479879858
2128,0.2250098848096003
2129,0.7367191596415887
2130,0.8212602088412116
2131,0.5187190061750478
2132,0.5819870732871266
2133,0.5664834781535139
2134,0.1621552296316333
2135,0.19176023540583242
2136,0.6002656326997715
2137,0.5204116672967688
2138,0.838686382018657
2139,0.5210416551863851
2140,0.3115091464468677
2141,0.5190361676283701
2142,0.02395419107689487
2143,0.20546901625855787
2144,0.1344039028318996
2145,0.23911941432118305
2146,0.08225805585733884
2147,0.603377280394014
2148,0.15666934516350015
2149,0.3363579666966699
2150,0.2821663363652341
2151,0.10089972213063134
2152,0.26931237387222356
2153,0.19961705883889383
2154,0.4003131887613347
2155,0.07636469542846987
2156,0.301378326632897
2157,0.1303692905513895
2158,0.18681962181513742
2159,0.1578081216593388
2160,0.2444716247692897
2161,0.42090522453028006
2162,0.13775490529152346
2163,0.20816847317552648
2164,0.4246711517705913
2165,0.19667579186947362
2166,0.17105895821253603
2167,0.33388262729336876
2168,0.47584310631474497
2169,0.07463607447830341
2170,0.9318167771710014
2171,0.2874073675608381
2172,0.4824880036153653
2173,0.3358030797308236
2174,0.6363513761536174
2175,0.9285987098393246
2176,0.2319321815697252
2177,0.6076850890619864
2178,0.6781527704133826
2179,1.3676420892732324
2180,0.948843883431263
2181,0.960587635747084
2182,1.3090150694226983
2183,2.4045956652519767
2184,1.8707018278176366
2185,0.7590988578402793
2186,0.3066022745712336
2187,0.8725728539803901
2188,0.8737900874218024
2189,0.18577380129954607
2190,0.01942840891862194
2191,0.6258083886988968
2192,0.5575799784458413
2193,0.5440247003402534
2194,0.6756385729248598
2195,0.5593034224343264
2196,0.31901047981783853
2197,0.3273300312795424
2198,0.3294288552515032
2199,0.17384359658248885
2200,0.22945491596076764
2201,0.26841585098725446
2202,0.0191380890112463
2203,0.16888500512985863
2204,0.6132767713196131
2205,0.3487768839739419
2206,0.49950680582109613
2207,0.25064597181653303
2208,0.43679564366513296
2209,0.05343491750024312
2210,0.09702845132906503
2211,0.1046747253804897
2212,0.1330910659790232
2213,0.45154966093423454
2214,0.02298388595343869
2215,0.20337887717930322
2216,0.33516832177340544
2217,0.3356266654213718
2218,0.22410336280800028
2219,0.08540016520691845
2220,0.17214502008566293
2221,0.06391325897247613
2222,0.1690578393664951
2223,0.7009289559065919
2224,0.19390101637637783
2225,0.46030137859431164
2226,0.4658567750911169
2227,0.2818057256383482
2228,0.9817195622977835
2229,0.8329249527156433
2230,0.7789149210015099
2231,1.0216493769924666
2232,0.8908256267472467
2233,0.5534780498419757
2234,0.997990232867859
2235,0.5571667768492687
2236,0.3938529824571413
2237,0.2737576381309186
2238,0.5208338275767709
2239,0.18521841060535899
2240,0.1993441334021115
2241,0.743053262344023
2242,1.6228961651551863
2243,0.9377697861535279
2244,1.2237407451405873
2245,0.6414522497541755
2246,0.7694779243885896
2247,0.2836712501138642
2248,0.22626830367450818
2249,0.3339708548263013
2250,0.2965387065216441
2251,0.5270830650837404
2252,0.8284228585961254
2253,0.07432168711897809
2254,0.4364830962813879
2255,0.24650325720963479
2256,0.25524932953509744
2257,0.1453068230992662
2258,0.3554331738518923
2259,0.3049215606444355
2260,0.3902735937245771
2261,0.3739377261980762
2262,0.26011047844062785
2263,0.261072001680152
2264,0.10800090180055301
2265,0.6577992359750633
2266,0.5859607951174531
2267,0.1943812307306949
2268,0.13768565536809071
2269,0.35910176921035875
2270,0.386355663358269
2271,0.1032354051122624
2272,0.31777642870656203
2273,0.1728998711569552
2274,0.24787912856013838
2275,0.23324824400484853
2276,0.09374303635076602
2277,0.17374666415704001
2278,0.17193915586710695
2279,0.33880488908932255
2280,0.21875962715410932
2281,0.21665080010634602
2282,0.6426681875709515
2283,0.0781023572990014
2284,0.2687858651405525
2285,0.4633962324398461
2286,0.6636560218806181
2287,0.3637594807400653
2288,0.3974834286397327
2289,1.4103088399740908
2290,0.7797616323724539
2291,0.3608959757900239
2292,0.21633162955071866
2293,0.6255196206404361
2294,1.402878764669424
2295,1.2533825062807689
2296,0.8224461541199597
2297,0.5737291782269028
2298,1.2296904019925499
2299,0.21777805084614765
2300,0.8988362347979242
2301,1.3563743221440425
2302,0.2922372675254849
2303,0.6169638796342697
2304,0.4963795948004808
2305,0.48174070415159154
2306,0.4703600249602713
2307,0.4106314442473769
2308,1.3950905458187433
2309,0.7873194522082759
2310,0.8952310496573666
2311,1.2471164583585284
2312,0.7912440433046329
2313,0.1915898241853793
2314,0.7954138543766252
2315,0.9254346252100943
2316,0.1598562541943354
2317,0.07105511253277427
2318,0.17108352992301176
2319,0.3698768733764586
2320,0.24950640467095112
2321,0.8525205039990822
2322,0.43326015293242315
2323,0.35001781428640066
2324,0.41852524349248615
2325,0.21407327675661011
2326,0.2970517749464941
2327,0.3062235447377165
2328,0.2987203074163136
2329,0.29909759197676633
2330,0.6190762254192002
2331,0.4285083960473073
2332,0.07777956864347488
2333,0.10102082582430971
2334,0.5786029011705899
2335,0.13970869333150945
2336,0.13624613377227277
2337,0.2669088970926797
2338,0.14562962367357857
2339,0.030455103837665764
2340,0.23921702876786205
2341,0.49754349545061555
2342,0.1743485786752939
2343,0.2130384303584952
2344,0.17243904025708198
2345,0.28194286413878294
2346,0.5143658619607655
2347,0.5719428478183582
2348,1.683186641241242
2349,0.9152012149689234
2350,0.19725155998818142
2351,0.9279287279123332
2352,0.22700562452312903
2353,0.9922847477884238
2354,1.710450666653368
2355,1.9031790595359823
2356,1.6525987000466569
2357,0.8961357311448669
2358,0.22819024380221375
2359,0.3331992649460611
2360,1.8438975923820176
2361,1.2827893523167715
2362,0.9523935091769701
2363,1.2061960664668112
2364,0.5240671157210475
2365,0.5922512405971048
2366,0.9364840660741975
2367,0.7432255520150048
2368,0.44547893994853477
2369,0.4602967185380062
2370,0.769286118430881
2371,1.0597936563739654
2372,1.0148786389540014
2373,0.334145005476121
2374,0.45154812441518466
2375,0.20980671106620602
2376,0.6847764224408458
2377,0.8816423812650017
2378,0.5496102429894204
2379,0.2244851597059887
2380,0.43379554699271217
2381,0.19578745263279743
2382,0.2127461213721001
2383,0.4151808753813302
2384,0.07947376903818801
2385,0.08801697790657681
2386,0.19082571953992594
2387,0.15004421981056298
2388,0.4887797179633401
2389,0.4712434824789276
2390,0.605984305400099
2391,0.1314866810008012
2392,0.1195119965248458
2393,0.15603058705376793
2394,0.2582389875918641
2395,0.20657541675855134
2396,0.2821278252067025
2397,0.3272720417720792
2398,0.4805142488007639
2399,0.3675240539275737
2400,0.37331168164622536
2401,0.440381976595223
2402,0.6130849746246978
2403,0.6225242696106251
2404,0.9798938505416988
2405,1.2420142903155957
2406,1.2552629571789573
2407,2.020305175685008
2408,1.2473246574873262
2409,0.7760695502854819
2410,0.710482707662075
2411,0.382404113332836
2412,0.3473640164164514
2413,1.4358654181421167
2414,2.314335370466739
2415,2.2302276792015885
2416,1.172811956717069
2417,0.1806197014872167
2418,0.5412201107514972
2419,1.272496428242333
2420,0.9835096706016009
2421,0.3602747046120414
2422,0.8232155925391301
2423,1.2141288561544616
2424,0.12555004341301917
2425,1.015026644790488
2426,0.28217485927236796
2427,0.9998852503940764
2428,0.9172777172853257
2429,0.2740226079731691
2430,0.4878988764111386
2431,0.6567145997333074
2432,0.6249076521422294
2433,0.04342405202782914
2434,0.3897241378868382
2435,0.5029329726658676
2436,0.14238415203248814
2437,0.6120571748291602
2438,0.2809426134622063
2439,0.38765564674719133
2440,0.5552179091583234
2441,0.18883670762514967
2442,0.47974710794920916
2443,0.24699819717909136
2444,0.5586815746905487
2445,0.4479796495779804
2446,0.26723557530149666
2447,0.1642656361310927
2448,0.3878067487355867
2449,0.407319945632021
2450,0.11504919458175537
2451,0.0533542341919747
2452,0.3641572252623182
2453,0.13609825040552953
2454,0.45704543545108656
2455,0.21935556116075805
2456,0.12551050067931896
2457,0.22944385852170682
2458,0.0386439173995287
2459,0.18154948346237518
2460,0.4164782758768331
2461,0.20056193160293484
2462,0.16767494777926092
2463,0.40289246324802896
2464,0.5617016799586781
2465,1.3126968782141162
2466,1.7174623975713743
2467,1.276201992030211
2468,0.46235763882645686
2469,0.7622477468658443
2470,0.8685116891791753
2471,0.245126164883538
2472,0.9853374632266079
2473,1.2673242534564222
2474,1.951527142015603
2475,1.3427105887460995
2476,0.6842690149905711
2477,1.1023961137115879
2478,0.7171301378196627
2479,0.09658760274523834
2480,0.9320279128545691
2481,0.16544339620752277
2482,0.9849869807476044
2483,0.8555431799475883
2484,0.917615425878146
2485,0.6786112704311816
2486,1.104496696757471
2487,1.4125034930208509
2488,0.3993219990926401
2489,0.5927672873263076
2490,0.39588840025804267
2491,0.2950076658138132
2492,0.3274382464470655
2493,0.2480509667273839
2494,1.2145733035522168
2495,0.4496818947815767
2496,1.0066064871684515
2497,0.45085598173612107
2498,0.1767294267349255
2499,0.7708054779236121
2500,0.3557937618435012
2501,0.4580632794074536
2502,0.1801210350429409
2503,0.06528400725743037
2504,0.26374585363218295
2505,0.8177819012301973
2506,0.5238882362787709
2507,0.0735948857215268
2508,0.19757889154291472
2509,0.07459846480669112
2510,0.2923715076923375
2511,0.07650521015210203
2512,0.18354830389561083
2513,0.32996407859990423
2514,0.29963191183674115
2515,0.547889366328131
2516,0.350492206373081
2517,0.4722029726447034
2518,0.5126339932025437
2519,0.31918346708184775
2520,0.09768609891399575
2521,0.280729030339257
2522,0.4618974195592973
2523,0.4310943550303101
2524,0.6239471748019821
2525,0.7954281113538542
2526,0.43403401880544656
2527,0.18160918374853666
2528,0.7846523496335006
2529,0.9324335853277715
2530,0.8698979233890197
2531,0.6861289966851936
2532,0.447566274068916
2533,1.1280488916303328
2534,0.8506993191571585
2535,0.33230356319155663
2536,0.722244371275696
2537,1.0859754641537047
2538,0.9538069775954416
2539,0.15344739198469737
2540,0.8066495257786546
2541,0.4026306956825346
2542,0.34769173334588427
2543,0.2014894781588787
2544,0.8829024043600746
2545,1.9475651630702628
2546,1.5912928226742817
2547,0.6661766775844259
2548,0.20132255352100603
2549,0.5526678829145089
2550,0.8304183773088393
2551,0.22303526178523156
2552,0.6633608307885359
2553,1.468713955586272
2554,0.7037680903473942
2555,0.11430106744385188
2556,0.5582448651566009
2557,0.8919086765293217
2558,0.7868445390152783
2559,0.684952019567325
2560,0.26015215562892413
2561,0.1761860506133413
2562,0.6239608822059781
2563,0.5741057540168156
2564,0.17443083142814575
2565,0.5239936915790029
2566,0.021145786957655666
2567,0.17477958380980183
2568,0.5130358302267954
2569,0.23986942836893063
2570,0.08412514056234735
2571,0.10575696570409744
2572,0.1738525512484245
2573,0.019845314962064393
2574,0.6900633235091091
2575,0.0716426303695041
2576,0.3162402718454465
2577,0.13155910586009226
2578,0.5366492925145528
2579,0.40247437570007094
2580,0.07003645367338603
2581,0.6226089778496209
2582,0.9927571278475672
2583,0.5821106833608407
2584,0.4202386675324544
2585,0.5612696514953407
2586,0.7511414072205143
2587,0.8675462914666249
2588,0.5152644073116852
2589,0.24940798206876827
2590,0.8629683315448053
2591,0.5016392253246585
2592,0.5379336283371021
2593,0.3129753399924188
2594,0.6280540392204623
2595,0.6690394988355856
2596,1.7778775602724108
2597,1.4340822165831968
2598,0.4506139060133965
2599,0.3848224697387666
2600,0.6601960290048526
2601,0.5964856462866129
2602,0.7861315979197465
2603,1.0834239793307856
2604,1.8006652240387404
2605,2.1008869403670674
2606,1.6107685920822679
2607,0.905630038459469
2608,0.28251428613484675
2609,0.09855227832593667
2610,0.5228583683878261
2611,0.2816043762337634
2612,1.2709902478721655
2613,1.0462950959313644
2614,0.11586445255236041
2615,0.6116639860449897
2616,0.25387320179267814
2617,0.24402082231015756
2618,0.2102035600518495
2619,0.34230495569001035
2620,0.5719036162159999
2621,0.82433607824029
2622,0.32109991772375934
2623,0.10882019710846134
2624,0.4221760371849003
2625,0.24587981697742453
2626,0.22376074145090416
2627,0.03929420757306468
2628,0.1541660426160366
2629,0.30577352582261574
2630,0.06489719633375039
2631,0.1601764152589973
2632,0.3359409136553922
2633,0.21071322229503986
2634,0.03187826318320047
2635,0.17605363555519649
2636,0.017528160404344
2637,0.035024438223605785
2638,0.9239028797600235
2639,1.12793661648745
2640,1.6219527318417393
2641,1.1557614637819156
2642,0.2415082779121486
2643,0.7128618708673056
2644,0.8987448741030097
2645,0.677519261234286
2646,0.783494972926848
2647,0.14307498574326474
2648,1.1235290816920862
2649,0.5747962155832248
2650,0.3080296850627841
2651,0.7049173819095121
2652,0.5549817160278431
2653,0.6574463735341187
2654,0.947064213103972
2655,0.6941045385088739
2656,1.265630521470092
2657,0.780818274869055
2658,0.8940305311769525
2659,0.20839905588617047
2660,0.8420782315176124
2661,0.9801227739044748
2662,0.24949593570946382
2663,1.1138589522827609
2664,1.0658636048788364
2665,1.2675039250059554
2666,0.17552367593638374
2667,0.9380173286638995
2668,0.18007795479969738
2669,0.13984466948986699
2670,0.06449252846186555
2671,0.6178880941206366
2672,0.49536106195948776
2673,0.7136022421293188
2674,0.3609597979243507
2675,0.5497623974236253
2676,0.7166916325656836
2677,0.25261356546149855
2678,0.845624036298456
2679,0.48477055843102546
2680,0.6582933231208402
2681,0.6837147971887934
2682,0.5248105041748105
2683,0.48024574805398584
2684,0.917110366893875
2685,0.08574453879675806
2686,0.325275065529436
2687,0.4278505822523901
2688,0.4006244225588981
2689,0.20285797739579695
2690,0.45168552761395747
2691,0.25167533216015087
2692,0.5361904495764521
2693,0.26801473972654255
2694,0.6287316974821637
2695,0.7698623682855239
2696,0.5734159876576149
2697,0.5423433220940483
2698,0.37408949244538225
2699,0.7836226730215561
2700,0.8627684849000354
2701,0.34027885283747056
2702,0.5381169686138033
2703,0.5009163032447961
2704,0.22061228221219087
2705,0.826329465855716
2706,0.91903546001751
2707,1.6004509256899317
2708,0.7010315397071284
2709,0.32296898575633803
2710,0.5940083675932759
2711,0.2710100538990782
2712,0.45629956231188296
2713,0.4580558205231665
2714,0.36463317604072637
2715,1.1243752243085612
2716,1.6371816338072391
2717,0.5626846979309885
2718,0.6524774153811016
2719,1.2855460808162982
2720,0.5035105827611095
2721,0.537181982025344
2722,0.17453354589641412
2723,0.45949529246663834
2724,0.8480726721498196
2725,0.22566726920701716
2726,0.5894687895436816
2727,0.32840047727393323
2728,0.477765955589422
2729,0.770259905039883
2730,0.31113245059400124
2731,0.3494956579463854
2732,0.3681356306250221
2733,0.06322783162954396
2734,0.19878707032426013
2735,0.2972939229604377
2736,0.16409757572598108
2737,0.854478788225907
2738,0.5164856936529542
2739,1.3720569876962656
2740,1.042602546070737
2741,0.9558348605533425
2742,0.923852655850289
2743,0.1923259196537456
2744,0.07648044150812155
2745,0.19140112955301528
2746,0.7355018703383641
2747,0.1138538945838126
2748,0.14805891885844571
2749,0.2764287717621501
2750,0.3466965434841184
2751,0.45105786273763265
2752,0.323380385918751
2753,0.1786004206410232
2754,0.3650566602994818
2755,0.4151661491946813
2756,0.1616302195373386
2757,0.16916469997352832
2758,0.6567240733526798
2759,0.5501982452041703
2760,0.3773132051291256
2761,0.6191539644961354
2762,0.620298549469772
2763,0.3352295669121385
2764,0.6353212887746971
2765,0.15725843388224015
2766,1.0212436475823954
2767,1.555864070102421
2768,0.5286367800296491
2769,0.781705203864334
2770,0.6724836726291276
2771,0.8338884731057484
2772,1.1505429540660919
2773,0.4574870422678758
2774,0.5512413115589326
2775,1.661135063691879
2776,0.9816097469431154
2777,0.15792857278607375
2778,0.8920450043545806
2779,0.29608049348978754
2780,0.6382479291255342
2781,0.234672711670121
2782,0.24434881839959158
2783,0.6005852846176231
2784,0.2550399101811959
2785,0.42666591429244555
2786,0.20707406090063646
2787,0.6181713632867958
2788,0.858243032419762
2789,0.09513746801502693
2790,0.39151535376377
2791,0.9216734526609257
2792,0.42728334591622485
2793,1.0220612777404376
2794,0.43145866113938625
2795,0.356885840825154
2796,0.41905399182319875
2797,0.7692999208670419
2798,0.3396464688008829
2799,0.5302462477193116
2800,0.11853181210865672
2801,0.42458101844820517
2802,0.3383484925518838
2803,0.08739863195778393
2804,0.9616609355750172
2805,0.21024399705903682
2806,0.49768430389484003
2807,0.6346974562452361
2808,0.2987848660556464
2809,0.1890845241364736
2810,0.16740432924975163
2811,0.6215385661087867
2812,0.21846238841966442
2813,0.33376268607826504
2814,0.5440110893747447
2815,0.2595816796456129
2816,0.20924867636193908
2817,0.555807358415001
2818,0.30979342918368047
2819,0.5859677588356099
2820,1.2128231420816273
2821,0.8699827305807442
2822,0.6928209520858956
2823,0.197968394611703
2824,0.545562875583651
2825,0.4601908472074367
2826,1.180798401487075
2827,0.31463558592051394
2828,0.7509690665901929
2829,0.362697939674859
2830,0.3621277662415722
2831,1.3698645878290898
2832,1.171436010902449
2833,1.1639851934247072
2834,1.2707821564374469
2835,1.2657510789263942
2836,0.4424298029872559
2837,0.2336818068501655
2838,0.34676725802391073
2839,0.18996489224478316
2840,0.1166409503714336
2841,0.35303393813638057
2842,0.06129508430746649
2843,0.403204424215051
2844,0.3027524360493406
2845,0.10377774568484142
2846,1.1987464445888674
2847,0.7587032279039523
2848,0.6104926610570435
2849,1.096884093789881
2850,0.09569489305070408
2851,0.3069672210733144
2852,0.6963844601560866
2853,0.7847335887800285
2854,0.4306010309509592
2855,0.7580124543111108
2856,0.48474406328944364
2857,0.7933751619988105
2858,0.6516989276800116
2859,0.7290457792576017
2860,1.2758855677745207
2861,1.20206524097728
2862,0.8154540496916457
2863,0.24448785999741648
2864,0.9301929218691923
2865,0.34361259431485025
2866,0.7321484388168936
2867,0.17361567762144714
2868,0.795044446346702
2869,1.110281621918797
2870,1.4213781331270074
2871,1.2695957665320672
2872,0.9673327128434125
2873,0.81751659012307
2874,0.19145024441303904
2875,0.3812299090322971
2876,0.10691017074893087
2877,0.5585519135445537
2878,0.9101359592040369
2879,1.3267269805750719
2880,0.5217363191445986
2881,0.41358577660723594
2882,0.7665467763650089
2883,1.0937671086834506
2884,0.9093555390644648
2885,0.7658525910976814
2886,0.36012959332478794
2887,0.09079800893331831
2888,1.1010836794842838
2889,0.22791023974037017
2890,1.1444713582894785
2891,1.9796386514021103
2892,0.8981895983619795
2893,0.40912377032985875
2894,0.5530034948679573
2895,0.1044324787141644
2896,0.502402360344402
2897,0.09086455354707076
2898,0.182915997012335
2899,0.1565768590061012
2900,0.13031952422136378
2901,0.2007533775883709
2902,0.13938344037905656
2903,0.4987716122698669
2904,0.4427521856817687
2905,1.3172816360842714
2906,1.6155362887335158
2907,1.5514340251244612
2908,1.6068787119272825
2909,1.1781371824180522
2910,0.7777227680347035
2911,0.7696448220293147
2912,0.9537189737702321
2913,0.7368705627642744
2914,0.9399129566823661
2915,0.24409272778209837
2916,0.42991301780933366
2917,0.8452230148256171
2918,0.906193473751947
2919,1.1344780236577774
2920,0.5440410264941972
2921,0.5644683118360896
2922,0.08742737142354373
2923,0.42851909415279055
2924,0.27976984355911705
2925,0.46074445393286884
2926,0.0022618185556953782
2927,1.0667993416917605
2928,1.1441931642104977
2929,0.7327568706986518
2930,1.256845691289553
2931,0.23565981196810695
2932,0.45202276935541796
2933,0.7490236519973332
2934,0.40679217498496134
2935,0.3210617746952042
2936,0.5050893753679678
2937,0.6887909793980996
2938,0.28668710921156193
2939,0.973658347187944
2940,1.232525466112914
2941,1.4940982643185692
2942,0.8181262506543066
2943,0.8614416363353421
2944,0.5190020642164518
2945,0.47259378987572076
2946,0.690444221454542
2947,0.3486991336201566
2948,0.8483874494098188
2949,0.2628949467451546
2950,2.1038490773381975
2951,1.146270661650567
2952,0.8213125162616189
2953,0.2730340650226378
2954,0.547800664630945
2955,0.5982628434662177
2956,0.3929098756572346
2957,0.11490485453594879
2958,0.10404351740482415
2959,0.019727250119837197
2960,0.3004202879839289
2961,0.1634901539756447
2962,0.27488711930449106
2963,0.19886791087426225
2964,1.0089523557615971
2965,2.11406802354764
2966,2.606266393465403
2967,2.5123847319245924
2968,2.1763857661206685
2969,1.4179207419946458
2970,0.4364543911289331
2971,0.8229121182799641
2972,0.612999414242258
2973,0.7415152010055711
2974,0.466914658273722
2975,0.4003444948881984
2976,1.2543790225694802
2977,0.9855259711394392
2978,0.13461538812367582
2979,1.2227807026804072
2980,1.0392855198381745
2981,0.03413378013753996
2982,0.579269772523685
2983,0.40452824358892453
2984,0.322905321478464
2985,0.5301991400319629
2986,0.5782077641437945
2987,0.5053533790533649
2988,0.43438609706719883
2989,1.374526213287452
2990,0.8956639462851369
2991,1.3205646886036333
2992,0.8684403869105652
2993,0.2690980081940587
2994,1.0409177301390153
2995,0.6189384199908811
2996,0.5118606734468842
2997,0.4112658267826684
2998,0.13522820992120196
2999,1.1843222417403965
3000,1.2890995802774232
3001,0.31432774975544603
3002,1.004334845253514
3003,0.7739137893828616
3004,1.0166065629247398
3005,0.47922614854672974
3006,0.6392082787597082
3007,0.6136526255002628
3008,0.5592568927246704
