Grid_Number,Del_num_Education
0,1.5832482118567797
1,0.7476912494865519
2,0.5480189337266408
3,0.8377547139510173
4,0.27800485213075965
5,0.7777161210519141
6,1.5433215747989346
7,0.4522261657616605
8,0.5078508388856773
9,1.5611182781129425
10,1.6917472849517234
11,0.8019775462174101
12,0.762165253771864
13,0.35810339281609405
14,0.4097175655422785
15,0.5747689308534698
16,0.37411144585604306
17,1.2685710316732255
18,1.450991762623708
19,0.7300293567318483
20,0.38658911742214164
21,1.2849080984335686
22,1.928774737704286
23,0.817670743141202
24,0.2968330765686351
25,1.4058756230476934
26,1.5373582606773204
27,0.7762201210573226
28,0.531486670732571
29,1.5195470726813631
30,2.555478647888565
31,2.583587182789312
32,2.018888782122031
33,1.0376775349900733
34,0.2576479708944821
35,1.2364678031991687
36,2.0604011686752988
37,1.218274667024531
38,0.39219917705748353
39,1.1298492743557953
40,2.207297195727581
41,2.1475613885400433
42,1.1849427498954088
43,0.8179370716959667
44,1.1307958574850885
45,1.3227777740455713
46,0.2668955153462799
47,0.9303696761869907
48,2.032930051497299
49,0.6979802878112387
50,0.6408155285435451
51,0.31811838751560684
52,0.21869996434278577
53,1.0484452386927052
54,1.5545085592440102
55,1.542183533998567
56,1.2132809870984875
57,1.3265654348019327
58,1.5868300296464397
59,1.27409577490563
60,0.2122496714038339
61,0.6827247809054986
62,0.6323296467762739
63,1.3245045807783729
64,1.0702259315700815
65,0.47175617106600864
66,0.7013436190100732
67,0.8406507619043322
68,0.16007163132608468
69,0.32848504214505597
70,1.2433344429044477
71,1.9295220449171453
72,1.2350896055641936
73,0.9729545005921144
74,0.5132924637276353
75,1.115772856566854
76,0.33366341758847584
77,0.47646541701787753
78,1.0324336642568535
79,1.8897530624899201
80,1.9682132757594206
81,1.1292123687232445
82,1.0720261062598102
83,0.7451404719256959
84,1.4204427728555362
85,1.5565214495707447
86,0.586369492004869
87,0.32453236977834776
88,1.241442487199908
89,2.3345020838153365
90,2.0072390994881917
91,0.906164552845504
92,0.04328051699823064
93,0.6272976571151457
94,1.186447131990266
95,0.612159101510736
96,1.2111738225279793
97,2.175798935573138
98,0.2579626599850182
99,0.4474755348847412
100,0.9812033506318046
101,0.13222565514983883
102,1.2430082762234074
103,1.0179764651871044
104,0.5993355518751375
105,1.26362383794027
106,0.49283710710394096
107,0.8967521576873309
108,0.9917851057014881
109,0.2092234242313138
110,0.9715536013759307
111,0.4167160423685022
112,0.5752405892226996
113,0.6713954958581713
114,0.9663702293449344
115,0.28586955472928804
116,0.8706024360966691
117,0.3773788281231083
118,0.61566596570603
119,1.314664369740472
120,0.9636816476146343
121,1.6130358195205177
122,1.315504335546707
123,0.4890516853507659
124,0.5045129940126899
125,0.8755999341076466
126,0.40849776504797797
127,0.4759285617496814
128,1.5857249445035038
129,1.2400633578053513
130,0.613110046020399
131,0.3895701857711499
132,1.1303507741302392
133,1.6586541655950062
134,1.2990854374678817
135,0.62045710677596
136,0.5448471898434731
137,1.2673744862529748
138,1.628331349804218
139,1.8145527458637891
140,1.1483634673867604
141,0.5345770965344708
142,1.1391616973915477
143,1.0825553271948365
144,0.226326477483046
145,0.9473305661900306
146,2.0534140037389728
147,0.7622247082242439
148,0.06836567173256174
149,0.5882636465430064
150,0.19779794984569557
151,0.6998784035381321
152,0.8678731405566449
153,0.2415592962387406
154,1.065057538364645
155,0.2636797595152268
156,1.000225819419772
157,0.7685484788861421
158,0.13036211004271897
159,0.8807630352982042
160,0.9153129398990476
161,0.8231876155060109
162,0.049946941650784574
163,0.6541144246274245
164,0.0889007400479666
165,0.8360092080876157
166,0.9617418028680724
167,1.085181801516966
168,0.6977900197806642
169,0.19912367840618214
170,0.9690862821635496
171,1.186868633603783
172,1.0746555778463998
173,0.6040201281957117
174,0.6347045981908808
175,0.37194883933196554
176,0.7401869106992269
177,1.3175651673273123
178,0.31010876313413394
179,0.18379764867812226
180,0.32432636722784874
181,0.21793705594879437
182,1.004104018358819
183,0.4624303982283121
184,0.19300266065003363
185,0.22549425954516372
186,0.873473274092889
187,0.6861656306895916
188,0.8570603738604066
189,1.0200075813919547
190,1.5035596361762182
191,1.1435867284030499
192,0.5401511574534852
193,0.7930677203275294
194,0.8721291947625116
195,1.7636740249877894
196,0.9752267195459372
197,0.9105496191600015
198,0.6501148895739769
199,0.3356180865576562
200,0.4301936956371918
201,0.6994458599140796
202,0.5789394821669173
203,0.3334575294080719
204,0.9429700876635905
205,0.35052798540696667
206,1.2449043142247052
207,0.4703935571628837
208,0.7367745494524672
209,0.39116997495245426
210,1.247311187448007
211,0.6808468354416841
212,0.46307234597585545
213,0.47868061435448567
214,0.41910290881807727
215,1.4586105784394416
216,1.4707910854813138
217,0.47414332712932866
218,0.5142439179990842
219,0.7559065138202437
220,0.22196864206061517
221,0.786499635002469
222,0.20281983109082563
223,0.40500991785588647
224,1.0529128709444688
225,0.9241007615740563
226,1.0334055608731272
227,0.3147435610176903
228,0.5253635403925571
229,1.1483710264523552
230,0.2311103327987401
231,0.6414669696130009
232,0.7635395954574637
233,0.9482116099520528
234,0.9909570954066769
235,1.2991481064115356
236,0.4346281347054784
237,0.24277408919517185
238,0.056182879918681365
239,1.1460916517241204
240,0.5716376737125244
241,0.09574876440224069
242,0.38517291599000114
243,0.5461466950598233
244,0.9043846889397515
245,0.17554125510987756
246,0.8721341677561064
247,0.6748998393382982
248,0.6374268627067365
249,0.933828851604821
250,1.4617164531853821
251,1.1498112710868607
252,0.763884718095159
253,0.39427942588427495
254,0.31129958558132836
255,1.152878079880421
256,0.9516378676485416
257,1.149556778843797
258,0.7683277843885501
259,0.4303132623936682
260,1.4116194206829928
261,1.3415916885283887
262,0.3129983086206714
263,0.7375440646918063
264,1.1192519067697801
265,0.8476371163304585
266,1.0351260131498652
267,1.3423557100593932
268,1.4141210022700026
269,0.4667436647385301
270,0.3370253877915919
271,0.5036322707410307
272,0.09883774754404515
273,0.5444883912750093
274,0.49147037770803365
275,0.5026668817550548
276,0.4129666265708586
277,0.9848933963343625
278,0.4467453899887821
279,0.7442908224323863
280,1.0319755028132604
281,1.589577932957246
282,0.8591686361722596
283,1.1926633281775136
284,1.9071812867307456
285,1.2085636827328536
286,1.1321465951610081
287,0.9086225658273811
288,0.9801497905143968
289,0.8319209377348171
290,0.82606418493879
291,1.2249365001995125
292,0.3949169431496555
293,0.46410880911780755
294,1.002931258618928
295,0.8257066536217474
296,0.613735048037214
297,1.5853493507379968
298,1.6668416023801298
299,0.8499948974012504
300,0.7002375885435214
301,0.7862923665191621
302,0.7447162862573226
303,0.8766145046041761
304,0.28920775451729447
305,0.23295058980232566
306,0.3743641044159077
307,0.8714883256755614
308,0.5171323553052387
309,0.8224807055300319
310,0.9331168158278043
311,0.8741300035342956
312,1.1754465309356488
313,0.27851524376146497
314,0.08166512028478792
315,0.10778765682068435
316,1.109876692177079
317,1.4209206833515902
318,1.1442004910789605
319,0.5504106799734682
320,0.9096470885549247
321,0.157969866049581
322,0.17691606005899363
323,0.601872431078715
324,0.11213920374650564
325,0.4606265600850548
326,0.46795155900863517
327,0.43504123408230644
328,0.8574213825472154
329,1.9024069333337277
330,1.3686826773807115
331,0.29114882118917895
332,0.8769865122260844
333,1.654354169374288
334,0.9615704399515657
335,0.5627364663771958
336,0.3710652459132308
337,0.6072460449971355
338,0.5095515389071483
339,0.8272772260976624
340,1.144545558289262
341,0.5746052940726692
342,0.6255407518542424
343,0.0541903705973554
344,0.27394260121057684
345,0.5645210465098445
346,1.446830893704194
347,1.4622520418074703
348,0.36361882463753215
349,0.46595414446169126
350,0.41933058399469203
351,0.2943492993965292
352,0.7815206289772735
353,0.5405634264134348
354,0.9691232240341328
355,0.16666782879406794
356,0.15284652506020643
357,0.6681083868107276
358,0.3433099681828626
359,0.5885609444593219
360,0.37605266826794004
361,0.47077852568451156
362,0.18854385537467408
363,0.7061435054525316
364,0.8686229099101463
365,1.2806717949616977
366,0.46267151057084205
367,0.8692105186522803
368,0.6303980223699549
369,0.20696287828156018
370,0.29986733154812595
371,0.10604821394487128
372,0.12966148885551587
373,0.21659157844281088
374,1.123167635385186
375,0.5352376062725213
376,1.2647585293314794
377,1.5330425280589748
378,1.869900559412115
379,0.9319923758183618
380,0.5715763874778707
381,1.1647917765418292
382,1.3716947338573031
383,0.2633600364956608
384,0.3042997296158021
385,0.6521940607111403
386,0.4009558690619984
387,0.4852264611184056
388,0.24386428245653366
389,0.6970228784162706
390,0.2460623074588647
391,0.21831180709490972
392,0.23279667308120627
393,0.21880473073157433
394,0.41366576935197025
395,1.1702397804115299
396,1.3133365698967885
397,0.9324533337728234
398,0.7127870921895939
399,0.32070589073328926
400,0.5317708029600955
401,1.1330394695920538
402,1.388993292444147
403,1.6310194024361782
404,0.7147175694192562
405,0.02136320551271157
406,0.920863969724079
407,0.4994179082231256
408,0.425787921789939
409,0.5285188748666612
410,0.46644248255537585
411,0.12683180397373453
412,0.4061668120393227
413,0.9244363885350135
414,0.33549357468790714
415,0.5603884154875776
416,0.7853208631666565
417,0.35342510547930234
418,0.5869223300742696
419,0.4987439253523531
420,0.120787991610597
421,0.082882171968188
422,0.17111449303408488
423,0.7388950354341639
424,1.5018901653835737
425,1.9373491648068197
426,2.0757949669714675
427,1.4949855941272296
428,0.41974617142477677
429,0.23069862900949525
430,1.0987692303379952
431,1.7102943760048492
432,0.8492038339123686
433,0.7671662581273241
434,1.503731866506906
435,1.3603054117612212
436,0.6597039012401162
437,0.3407812096522695
438,0.4947170145147199
439,0.06563684545129272
440,0.303400220301582
441,0.1956767313430353
442,0.2793568108371217
443,0.8338645435076196
444,0.374161607454727
445,0.40870739690942076
446,0.5647463243201198
447,0.6887498318583218
448,0.3423532541565647
449,1.0560693864374642
450,1.3398028277051637
451,2.22434777096628
452,1.6621251967623691
453,0.5504569633174846
454,0.39769961089820094
455,1.4072699865373923
456,1.2118871353717091
457,1.2204524452681424
458,0.7921685753482929
459,0.44338934735502383
460,0.5891794865504667
461,0.5488035107659093
462,0.17294763916632713
463,0.5122157599377851
464,0.5464093257793028
465,0.21023466001945232
466,0.5867548684664341
467,0.7247769740130553
468,0.18851384937308627
469,0.11732882447243916
470,0.011674876830439882
471,0.10023914045226576
472,0.5329669181160134
473,1.1608746585867706
474,1.6120689428611914
475,1.5272525943957762
476,0.6037604422978201
477,0.46083332384474096
478,0.5980763646309494
479,0.7769204781458109
480,1.2821705885477714
481,1.1566578086961898
482,1.4783760019641499
483,2.15762715399455
484,1.7640537933778675
485,0.7390526081592173
486,0.6733305783815285
487,0.6239920703645934
488,0.5956217985674778
489,0.5669422891805725
490,0.3459954450190238
491,0.08241448046260305
492,0.18925609567577167
493,0.16969002746854187
494,0.08446970721590355
495,0.3016882019187557
496,0.9529654539553372
497,0.9966768715949871
498,0.2549423996737383
499,0.8630667270042888
500,1.974242909477082
501,1.9170695307390637
502,1.0867376868221428
503,0.15000534473049895
504,0.9739613069587848
505,0.23519728953880084
506,0.6098980858360626
507,0.26333688756129076
508,0.22905345094081428
509,0.3703006953533948
510,0.4043095628658903
511,0.8949930153042289
512,0.6914095042512641
513,0.5009647075480842
514,0.8021014851793205
515,0.5655523821754702
516,0.39214634211787414
517,0.3462146744523394
518,0.19684372580305104
519,0.14523340060944898
520,0.14450031954311884
521,0.4546199727515863
522,0.4808481283223622
523,0.7791557539993911
524,0.6063710446551098
525,0.5390585460843
526,0.39464168345820183
527,0.926565669738229
528,0.1905164286958192
529,0.3874342312238696
530,0.21024878464853125
531,0.9317182756641087
532,2.0331035978978322
533,1.9821491980873125
534,1.530203989207733
535,0.5230884744197078
536,0.3079687059110786
537,1.3178153328928328
538,1.102237833328093
539,0.16546627667181613
540,0.2257133898404084
541,0.09990184478279815
542,0.44075789166970225
543,0.41582503911621016
544,0.5372569623516549
545,0.9353301938827413
546,0.9476879061512359
547,0.961795557206246
548,1.2668298150089432
549,2.1811756443056534
550,1.473592341673959
551,1.0210963224842657
552,0.9323351211417419
553,1.3369309108751306
554,0.6329834046251434
555,0.5529085373391173
556,0.3419665572161299
557,0.7152690987072241
558,0.6223627700152682
559,0.2152458716601013
560,0.7220995931316289
561,0.8281484308176454
562,0.3560628088164495
563,0.7561562602208937
564,0.49634481251885737
565,0.46056043630009014
566,0.22779951789614272
567,0.2965846354525765
568,0.24069809400015155
569,0.3640748025789575
570,0.2764574013055541
571,0.30361328070091637
572,0.22434714247313778
573,0.24779495459564782
574,0.25033897823220297
575,0.9550235537622758
576,1.2053243342816828
577,0.9323735112349679
578,0.7452056556768637
579,0.22041803798955614
580,0.9962117571090388
581,1.1488485864125866
582,1.010341795878977
583,1.416763944259566
584,0.7317526537412008
585,0.8763896578689819
586,1.180746520558794
587,0.17440730352084563
588,0.11286397251763566
589,0.7456779036326567
590,0.16502488682883149
591,0.5434706486325885
592,0.6169890483415928
593,0.2596446180419524
594,0.48079058848952944
595,0.11981218793334907
596,0.8497557064827386
597,1.076596698143702
598,1.8651812773695156
599,0.991876551666273
600,0.06474592661395542
601,0.6132522563784875
602,0.40340353147400454
603,0.822962330600356
604,0.5509673400140352
605,0.2725819231573733
606,0.3901768473550389
607,1.0408278008798664
608,0.49329476961998414
609,0.3479152325504802
610,0.3978175524487074
611,0.36820109766608555
612,0.15394681139304067
613,0.26542086908248697
614,0.11433395088160364
615,0.823061412922235
616,0.5135360646995605
617,0.22176729566439166
618,0.5010728816267241
619,0.2631352691459804
620,0.35519919817188605
621,0.9552572739092032
622,1.0647139023091472
623,0.8136980654267826
624,1.1193289066008043
625,0.600546583561143
626,0.5042671157415497
627,0.17682945543153744
628,0.5634560550805163
629,0.9218653742426396
630,0.6083809269346032
631,0.1017334402864479
632,0.45455744827151406
633,0.8154933324646126
634,1.2941059819622958
635,1.087118870045149
636,0.28189991435059125
637,0.05769947191146968
638,0.8915509452483512
639,0.6210963569417085
640,0.36287144151145545
641,0.4545820644049907
642,0.643802990669108
643,0.9299754385466834
644,0.14973444599607558
645,0.20761824441167204
646,0.5980717650689851
647,1.3768917051966378
648,0.542893346108664
649,0.17610780695863132
650,0.7095884480617919
651,0.18922351538831259
652,0.8109106194002104
653,0.16673004389641136
654,0.7312890562864305
655,0.3944480054396164
656,0.45284491489855916
657,0.03971118107505345
658,0.13555504436290727
659,0.3446875700628518
660,0.16632807562005814
661,0.5714240192647666
662,1.0426416643996297
663,0.8629513341412884
664,0.6768526341390108
665,0.17251283161232245
666,0.3831664525501413
667,0.6706738341403381
668,0.27952114477419787
669,0.5034796975292426
670,1.4711111364964151
671,0.3639218476439924
672,0.17445515540880238
673,0.5731050213818127
674,0.07347463690131523
675,0.9591734837276429
676,0.6681292588553736
677,0.08012707048811653
678,0.29478673718641196
679,0.538378650110687
680,0.535204245865635
681,0.18815334371500245
682,0.19376937125103882
683,1.0233708211474621
684,1.6328258898841113
685,1.0365591436144
686,0.08194433527153033
687,0.674889541484418
688,1.3358783388064452
689,0.6346224722019386
690,0.030841379053081493
691,0.0873051945586613
692,0.8110935079080412
693,0.3414270172511889
694,0.21806546559603346
695,0.23741707719443444
696,0.841312577678557
697,0.32513366826241147
698,0.9318607272266304
699,0.38411049394176927
700,0.835297804824608
701,0.21661517865929944
702,0.6362222219879853
703,0.6935790677138856
704,0.3340494885208174
705,0.07829855105163555
706,0.30166886520341474
707,0.09749248118018962
708,0.2660606928921719
709,0.6158876093992827
710,0.8642646170837575
711,1.3734564281459436
712,0.28886257107758795
713,0.24440673202921892
714,0.29633933976081017
715,0.40956646579938905
716,0.4659181538660964
717,0.05718338184341555
718,0.1912099966931766
719,1.0180347700854229
720,0.7592370579012668
721,0.4991192591473609
722,0.7354968550154356
723,0.9309887327486357
724,0.24916324222375352
725,0.7971381607519196
726,0.1733799783504443
727,0.2845492869808176
728,0.7272738290000821
729,0.4227508084658466
730,0.5506723202441656
731,0.6280851470142313
732,1.5100713533739143
733,1.5299727552046252
734,0.41813454024620855
735,0.1334374252868458
736,0.12317538853155954
737,0.6882581525524976
738,0.5687064826674363
739,0.24483705609219303
740,0.061057073990085996
741,0.2535523499291213
742,0.785012681987395
743,0.3081643950612707
744,0.4362994465533303
745,0.3345640350120533
746,0.06818016420102514
747,0.24794184291117347
748,0.3673857407390776
749,0.25157581729790235
750,0.8015784019003063
751,0.5854770778931842
752,0.4382124525175623
753,0.30538971725999875
754,0.2071641425824408
755,0.16912786955207348
756,0.2814545719608944
757,0.11474827292088542
758,0.08641217888541318
759,0.24159165552839407
760,1.3474812865837102
761,0.7797884937602402
762,0.7567495066028684
763,0.3844803777975175
764,0.10814155379339267
765,0.18274168177022615
766,0.8983194895953923
767,0.8231283504938111
768,0.9132332866376871
769,0.2491276020759523
770,0.9866950935511235
771,0.30206557523500716
772,0.886719990411248
773,0.9300024698619382
774,1.0651674712630745
775,0.7089314725750523
776,1.0236956693319925
777,0.4603979690132711
778,0.6842352355717342
779,0.9202644542603269
780,0.5097664323044904
781,1.4145715854166994
782,0.9158659808529654
783,0.8866996581045471
784,0.45123870053554477
785,0.18137734830198624
786,0.35260961454775386
787,0.1792072965588933
788,0.09718632359556104
789,0.18439618312427403
790,0.15321746288714877
791,0.5327182395516514
792,0.17766998174598936
793,0.05815624772827141
794,0.26593310915162166
795,0.36608847693481555
796,0.7047509699264308
797,0.19253700597299073
798,0.20205503109968892
799,0.2507921165009248
800,0.5580040811604758
801,0.3390547220200654
802,0.04178503785003244
803,0.2550974914126697
804,0.081005105611258
805,0.1428004584019472
806,0.1940465700670031
807,0.23919724615380353
808,0.7880763674040603
809,1.2135261453607742
810,0.1614487243251539
811,0.2961824184483013
812,0.4902242767189775
813,0.02803649054020776
814,0.5026406436287822
815,0.7797329210084889
816,0.25634143766668355
817,0.5527618938632365
818,0.716596416164169
819,0.5364146960978798
820,0.5944744486047416
821,0.22196639657053757
822,1.3062951543654882
823,0.8631558688623496
824,0.4509804932214911
825,0.450859800618543
826,0.41887074165058275
827,1.0760782233449995
828,0.9617888697460374
829,1.2543759652945334
830,0.8753618311740032
831,0.06732830144108504
832,0.21887602473554127
833,0.39034872120783226
834,0.3757056624951003
835,0.5071333080746334
836,0.16892006003553497
837,0.12385148664967115
838,0.24018658244723803
839,0.21699936444508156
840,0.15485321422715612
841,0.06886449556084348
842,0.04170909133236407
843,0.29847089792723036
844,0.3971440152590645
845,1.1591545584496101
846,0.38059423329324416
847,0.3637127644821359
848,0.32569189285314326
849,0.2066837359222348
850,0.4780663389582498
851,0.3773540379109894
852,0.13528032465029002
853,0.2436098239247541
854,0.0928268193983806
855,0.11411826204926044
856,0.07790833967005639
857,0.36259555207251615
858,0.6028736110051073
859,0.1933568628155393
860,0.40673719243147927
861,0.49826592356699345
862,0.2457249536634584
863,0.43038229832395813
864,0.23198954947859035
865,0.7580594875112262
866,0.0820547504323633
867,0.78072194281329
868,0.4867173251586071
869,0.6424799073314713
870,0.6044312600116706
871,1.2574050663028422
872,0.18571077529273075
873,0.2798943346903302
874,0.3300218533816949
875,0.7967824148678045
876,0.1971218712562187
877,0.09914770386865514
878,0.5659721414201504
879,0.1283774375174313
880,0.32353353988268485
881,0.525100723792345
882,0.5353662459346356
883,0.12005245221777631
884,0.42090449061388563
885,0.20388200655792743
886,0.2758534313561838
887,0.14144471808969805
888,0.07168816802377012
889,0.2827902182193286
890,0.14071539138882486
891,0.2965827791541917
892,0.21605631267160252
893,0.4693671977492314
894,0.4304307422980305
895,0.3884652076509629
896,0.5612852671264995
897,0.5145074073762779
898,0.48700551534578035
899,0.11875715948295683
900,0.10487370144693578
901,0.26055059998423624
902,0.140699585481592
903,0.06627410728275016
904,0.17064904450269286
905,0.06112076248732071
906,0.17992161235142462
907,0.34815552541667927
908,0.12395039879447406
909,0.4818310437435062
910,0.631002660560193
911,0.9188822933553039
912,0.4621189260686236
913,0.5089331229029391
914,0.91471891013346
915,0.39139961256432054
916,0.636495834617093
917,0.5065971291558695
918,0.23305742745575342
919,1.3228334546314313
920,1.281642006438469
921,1.105912472150281
922,0.3965402460325475
923,0.17295224079577673
924,1.035421736333543
925,0.14421157278239582
926,0.8201587921765284
927,0.9818550211426195
928,0.3466519312546232
929,0.3857718188016299
930,0.4529745339468886
931,0.6532004038432724
932,0.1448986276878697
933,0.41921321464330097
934,0.5720619591966561
935,0.22097919470733124
936,0.2748745623162442
937,0.10684149855997395
938,0.31711518183985726
939,0.16445731575492015
940,0.05274201052426055
941,0.15788358027458457
942,0.05672140401545164
943,0.17929580336427026
944,0.3562380305976346
945,0.5287197024730818
946,0.4724769271574746
947,0.5494840136964558
948,0.019771398580716176
949,0.2733765937181217
950,0.16009145877107914
951,0.21570998819242343
952,0.10896993653956076
953,0.11984731733343237
954,0.2685764570616112
955,0.0653267806877804
956,0.20613594692066872
957,0.5621418023638619
958,0.049715735752834396
959,0.16416544855668425
960,0.3446458312173402
961,0.14374183703766927
962,0.10812236357924136
963,0.3121749165488443
964,0.13037182761944924
965,0.9522670173210773
966,1.2534022627964847
967,0.8908740910301058
968,1.4156291833951664
969,0.3912303242174229
970,0.4012496034601525
971,0.050614994907735446
972,0.7261143803681726
973,1.3123122699638827
974,0.8275030953655371
975,0.2950120544811837
976,1.331429209994177
977,0.4528253192367079
978,0.551196126913994
979,0.9868387755161426
980,0.22674329258186257
981,0.12042805843440205
982,0.24851695112679206
983,0.12614468716106372
984,0.22604273595438779
985,0.1675530264486023
986,0.3628732122024519
987,0.15242767536411148
988,0.24092111144993356
989,0.27262276700347743
990,0.11210634035829065
991,0.30818543051449293
992,0.3219341786887327
993,0.9099589853163089
994,0.2838572244934335
995,0.3867764342584363
996,0.1641426656849257
997,0.19980864074038618
998,0.26552058951842794
999,0.37710642265953587
1000,0.20076227287930398
1001,0.1438589605614502
1002,0.37467452507596155
1003,0.2222789296339549
1004,0.06261202694555339
1005,0.25337792543752713
1006,0.6560347964161085
1007,0.4768338418585139
1008,0.24198833514336704
1009,0.17141231080270394
1010,0.009950293067070879
1011,0.19591766397116145
1012,0.13878567135307537
1013,0.15951444572355347
1014,0.5031980285218135
1015,0.6003898622543464
1016,0.691730498701129
1017,0.9040389590973668
1018,0.602284434553993
1019,0.15251151086083037
1020,0.23442318829160705
1021,0.29972685246058656
1022,0.8186223328941946
1023,0.7823097057476518
1024,0.398997850290909
1025,1.1416732619647842
1026,0.3671248720290315
1027,0.903613858548821
1028,1.5110967754108129
1029,0.18179059644525633
1030,0.1095234550222009
1031,0.21615735885173748
1032,0.2121036217738226
1033,0.15156320622097608
1034,0.22916546963768358
1035,0.2435834398022231
1036,0.1318488574395337
1037,0.5647865888364638
1038,0.15610341338169165
1039,0.17666916471052588
1040,0.19082286385563058
1041,0.17450689805387334
1042,0.400832087451433
1043,0.12375215680799133
1044,0.19230752060836018
1045,0.13584943887711212
1046,0.1247616663424505
1047,0.19882610854758595
1048,0.20125579439377306
1049,0.2199393160982467
1050,0.352145844803765
1051,0.20081166762417776
1052,0.27878047123632194
1053,0.15495373159757636
1054,0.32541890798137024
1055,0.058763699224415704
1056,0.1659384565639078
1057,0.3618066430749375
1058,0.029178101979340596
1059,0.07465552645223224
1060,0.2615790414404046
1061,0.12932807992011164
1062,0.21815263910076838
1063,0.8015690054771263
1064,0.44957093690572686
1065,0.17163611881035507
1066,0.23651966490825382
1067,0.4349191974233886
1068,0.18720943633494883
1069,0.07869874602451227
1070,0.8599654719761736
1071,0.4029400401295508
1072,0.42380954747391264
1073,0.8621165977120592
1074,0.3830671430372265
1075,0.22665626691618074
1076,1.1059793128545654
1077,0.6250189518546309
1078,0.1511800607124566
1079,0.1560533794394323
1080,0.19960368740835835
1081,0.2864474443183332
1082,0.22713640090604642
1083,0.12171530457908813
1084,0.10507223259567762
1085,0.17835350742378894
1086,0.32470246907642253
1087,0.4494019784853914
1088,0.15590738484896366
1089,0.443828830521541
1090,0.28255332592472654
1091,0.0737475567894395
1092,0.15007326751894093
1093,0.12602177658191976
1094,0.04294573868214053
1095,0.3340018478365723
1096,0.19735925512320307
1097,0.40347831377551696
1098,0.08420090817181192
1099,0.16335403404516702
1100,0.22731435750105372
1101,0.09667320054532776
1102,0.035612726446816866
1103,0.26142563924266166
1104,0.1135292308940032
1105,0.3306480009592897
1106,0.22657219438360252
1107,0.17070015103202094
1108,0.1331213348302524
1109,0.2335036551411227
1110,0.13675710457081905
1111,0.035454996269251665
1112,0.33160386279579135
1113,0.6131343887972511
1114,0.14701774194645942
1115,0.29219526707447413
1116,0.29166451387365216
1117,0.2304678795471522
1118,0.029674402789409027
1119,0.6978678024551082
1120,0.7630144079209634
1121,0.5960491838312811
1122,1.066595337721946
1123,0.5234791163238192
1124,0.9110860947099643
1125,0.9591822902954933
1126,0.46980239581613426
1127,0.1203018176664663
1128,0.05144257545187287
1129,0.3120060846288273
1130,0.08880608989752767
1131,0.1956666398797686
1132,0.037416376123669465
1133,0.20356641254309685
1134,0.23695194332718653
1135,0.20948906823536523
1136,0.26560665843967224
1137,0.06707335857074234
1138,0.17648705115731114
1139,0.5214168793859835
1140,0.39670971087233337
1141,0.3435657849138087
1142,0.08904222502574807
1143,0.22917793846111797
1144,0.17723748359214067
1145,0.32005482438284893
1146,0.30950680965551924
1147,0.40464351075795085
1148,0.32322280059861636
1149,0.08833149752310544
1150,0.18592301390231922
1151,0.09754422696177469
1152,0.17679758702935738
1153,0.03419314867421027
1154,0.23063084731533362
1155,0.15737274393680725
1156,0.21829582739320888
1157,0.24517646109264282
1158,0.2145162137796512
1159,0.08805954818744384
1160,0.009543590663108923
1161,0.5939455016070169
1162,0.2994302621486779
1163,0.6458646094033079
1164,0.8844606147938694
1165,0.26002337872472847
1166,0.24979405152907738
1167,0.832433158142466
1168,0.48206460082585134
1169,0.2546759181440443
1170,0.6916935387767962
1171,0.6291571380117509
1172,0.3333160994246994
1173,1.4321594703713811
1174,1.0408265286107359
1175,0.6196674660988282
1176,0.10549387934755584
1177,0.06177462638457994
1178,0.23301063469200695
1179,0.2881656925841878
1180,0.12950377997327198
1181,0.2620227182252172
1182,0.121678151625225
1183,0.2928418463671571
1184,0.11258032379028009
1185,0.45211736155272714
1186,0.26722262008132985
1187,0.06064260556481925
1188,0.14793601128197362
1189,0.6516295719416327
1190,0.48287489580699355
1191,0.10105958461244145
1192,0.45419681718095956
1193,0.1406140108925253
1194,0.2097535566500588
1195,0.06444561622384785
1196,0.29267777902603515
1197,0.16593613722593917
1198,0.16538035897032471
1199,0.10181420254325671
1200,0.13687331232823852
1201,0.06926920127885496
1202,0.2383667170747838
1203,0.46288786917820385
1204,0.22502159161861723
1205,0.16100405072674465
1206,0.07221690047029382
1207,0.30787462120196174
1208,0.5429780672316096
1209,0.1799602205349979
1210,0.19508815717983158
1211,0.0518964761198402
1212,0.47283274549648363
1213,0.3022561025747326
1214,1.062171608348257
1215,0.547538895815915
1216,0.4451295085069496
1217,0.05577275022728982
1218,0.5154260272362924
1219,0.3059454267759515
1220,0.3553928903341779
1221,0.28187644245701327
1222,0.8766536146106418
1223,0.3279714590393764
1224,0.13856854271257174
1225,0.3259626958701814
1226,0.22768199317701418
1227,0.0766794366691876
1228,0.10432271171508348
1229,0.18206010050036908
1230,0.1030573831170118
1231,0.06269066698703547
1232,0.19013418548773692
1233,0.12068321622305508
1234,0.1324604261024298
1235,0.02692146197167093
1236,0.16307113705183401
1237,0.08723683088404185
1238,0.21422870867277427
1239,0.6528747326766495
1240,0.13862086689655823
1241,0.5383781083307657
1242,0.17297020553897266
1243,0.04013721057545503
1244,0.19557230120296196
1245,0.08376138489992402
1246,0.16153644610015724
1247,0.17674575742525447
1248,0.09384688569873675
1249,0.21805126540730832
1250,0.39249804612928724
1251,0.16450246570438373
1252,0.15464275862549526
1253,0.18076294025649953
1254,0.12549029478311965
1255,0.12112540542821765
1256,0.20255640475511424
1257,0.082543806191811
1258,0.21587604590532564
1259,0.2569004609295459
1260,0.3283584918774507
1261,0.5288156865872525
1262,0.8070166791539978
1263,0.6744396914260116
1264,0.25935900020285935
1265,0.2737950254866895
1266,0.6575833971520092
1267,0.8499193403277178
1268,0.1580649176223642
1269,0.20884394269149278
1270,0.0895077197242995
1271,0.2809640560141768
1272,0.5148424409323549
1273,0.7947924657556018
1274,0.10417063437258228
1275,0.3025622435418507
1276,0.0989143732285484
1277,0.5516819580596057
1278,0.10396199370338753
1279,0.09577392707150872
1280,0.08096249721643924
1281,0.23075655159948286
1282,0.3486946260157996
1283,0.30993025562537635
1284,0.16898126989022969
1285,0.3147389126883818
1286,0.39637971062352206
1287,0.23011181011006127
1288,0.8877647478778544
1289,0.6449496375159022
1290,0.4699552969031757
1291,0.41186536680840413
1292,0.26966169443636007
1293,0.06999384782963901
1294,0.1751990221007808
1295,0.25819031052789887
1296,0.2157916390543546
1297,0.14709662079711933
1298,0.4384478715097138
1299,0.2404701017816439
1300,0.12906052008747868
1301,0.2606370881159508
1302,0.14110568617428967
1303,0.06129224607794074
1304,0.2122195336000424
1305,0.43682487232290995
1306,0.12067023804530859
1307,0.07677055009330139
1308,0.060473188036123976
1309,0.22437204409171888
1310,0.25417251886428904
1311,0.2378753606693322
1312,0.10786649891733101
1313,0.042739637416252634
1314,0.2277021313378838
1315,0.09400241556360453
1316,0.2490792286475579
1317,0.2235090532673866
1318,0.17145558632982588
1319,0.2441777084751323
1320,0.24175230626125435
1321,0.13882567189916767
1322,0.25114880606853407
1323,0.4262797669930462
1324,0.4306421344100331
1325,0.22525659098495357
1326,0.23220305714874762
1327,0.044204389036992794
1328,0.46372179752035647
1329,0.013207664556415004
1330,0.03706505699162588
1331,0.22869489407536253
1332,0.03474496560279521
1333,0.03848254707930522
1334,0.04115305689377759
1335,0.41431342383266445
1336,0.7601889427424651
1337,0.4658603795165848
1338,0.5181330839867148
1339,0.5135753459420753
1340,0.43010288988159345
1341,0.35579426251442414
1342,0.2731020453893119
1343,0.0682026676649396
1344,0.3355330558464701
1345,0.3103381563880839
1346,0.24666060037793033
1347,0.04448586892635494
1348,0.45649355785136647
1349,0.19736891148626445
1350,0.19825346891734316
1351,0.5247215693091161
1352,0.0482247308702316
1353,0.1969218451408318
1354,0.2556181920815674
1355,0.4604248406858106
1356,0.07400342539645204
1357,0.24491552784134116
1358,0.11930478819873193
1359,0.5536112662866748
1360,0.09798219399911857
1361,0.928425111632013
1362,0.6516809000973169
1363,0.7113553175456303
1364,0.4351154442652625
1365,0.3599901930329639
1366,0.25161818445278405
1367,0.24544198805718492
1368,0.2229389076591459
1369,0.43872088551942806
1370,0.24904167070900451
1371,0.4735143269045485
1372,0.3806214634755909
1373,0.2652911006448594
1374,0.35476011106358446
1375,0.12280774090675271
1376,0.5360362424480117
1377,0.5788872060457645
1378,0.7097275306352215
1379,0.4411172307381903
1380,0.42966120020510795
1381,0.31705867354152506
1382,0.5305176771311028
1383,0.1385713378551399
1384,0.3161366570676736
1385,0.39754997119022273
1386,0.44117795770706664
1387,0.369061553787656
1388,0.8322356613638938
1389,0.07877663136192481
1390,0.44922089105574675
1391,0.26952811852707403
1392,0.09713828123788124
1393,0.020566859963081583
1394,0.12075866010605536
1395,0.15396976426358547
1396,0.05264918336586571
1397,0.18281027768048216
1398,0.4599948020231349
1399,0.20520455800356058
1400,0.5052865603579422
1401,0.2642987150236171
1402,0.34692661581398637
1403,0.2681650715448601
1404,0.5176795765461003
1405,0.24274020721979941
1406,0.14542349528039766
1407,0.07747987341780108
1408,0.7288685456913336
1409,0.398586302964326
1410,1.4729818220476025
1411,1.074278189940914
1412,1.2944807094792519
1413,0.8695080269866358
1414,0.3721078682816641
1415,0.11741727679355764
1416,0.5875720849062527
1417,0.2834493505231428
1418,0.38427595758278876
1419,0.11967796280709293
1420,0.2901112749553101
1421,0.14262452250697286
1422,1.1197614027181173
1423,0.9063108578783687
1424,0.773816073258269
1425,1.1500936884268527
1426,0.7772311209298376
1427,0.3389784611757596
1428,0.24158647301845926
1429,0.42948077026579246
1430,0.47524833841645236
1431,0.9871604950041138
1432,0.5923287536302627
1433,0.02107346566032119
1434,0.30475309239995924
1435,0.06112981041265596
1436,0.7024243288419185
1437,0.15845296118963834
1438,0.04047081809725397
1439,0.49411112323474754
1440,0.21832404190499025
1441,0.2522815594672469
1442,0.20196272547918398
1443,0.07177252295192939
1444,0.2471785919014234
1445,0.13331264007357738
1446,0.15702039260155165
1447,0.16960808545804784
1448,0.16400251262100154
1449,0.08158130840398685
1450,0.08228882123235928
1451,0.17972320383651735
1452,0.10960363791867139
1453,0.3647111340123609
1454,0.039090372193778325
1455,0.33480143572228677
1456,0.0239541084085497
1457,0.05038308361902774
1458,0.4388612944601481
1459,1.0856949692707256
1460,0.2962108892960755
1461,0.5954847246329514
1462,0.8371655759177681
1463,0.6816704092516406
1464,0.1129748104182681
1465,0.09669939041721713
1466,0.17780303097969977
1467,0.21393085928146996
1468,0.17495889743698434
1469,0.5926601701689814
1470,0.5398213238226782
1471,0.6449565409866195
1472,0.25818095031841315
1473,0.08282486168391591
1474,0.49048400253659497
1475,0.35426279322699566
1476,0.4054067255678472
1477,0.15543748048043068
1478,0.2365448220495828
1479,0.04014814601820493
1480,0.3603833686122321
1481,0.2827661029959997
1482,0.1464799079048717
1483,0.10434519598343941
1484,0.31940730586187016
1485,0.3589365778187636
1486,0.14354333757888718
1487,0.030657775611710653
1488,0.25798146981139974
1489,0.18904582800008904
1490,0.30455899699357175
1491,0.25596169967042437
1492,0.16956975613408348
1493,0.11979013477809722
1494,0.15366429980856466
1495,0.1751339452931185
1496,0.2050376581838259
1497,0.14876869395997097
1498,0.2364291881649623
1499,0.06932212816429936
1500,0.17101165993561313
1501,0.07713766635924549
1502,0.5041093637641828
1503,0.18674837274485848
1504,0.08243544214487969
1505,0.03396267760423796
1506,0.46051318756087817
1507,0.6023925539482896
1508,0.11572656250746227
1509,0.12554915813675954
1510,0.3980444131067343
1511,0.30547536386216173
1512,0.2368522935604926
1513,1.0533369472474514
1514,0.7304072085076189
1515,0.4384653721928171
1516,0.14302296033406173
1517,0.43711114821367764
1518,0.4398416585073862
1519,0.44717181527248967
1520,0.22542604466811755
1521,0.063000496686102
1522,0.040570106912384406
1523,0.06192169647579825
1524,0.19680947567564627
1525,0.5558465109172789
1526,0.4581071255329666
1527,0.21752932493556756
1528,0.07362043138526012
1529,0.670656477801117
1530,0.3806898135227204
1531,0.10686216865632134
1532,0.18717152442102794
1533,0.41438908557175114
1534,0.7566208240373719
1535,0.40943729328416895
1536,0.25046638976320446
1537,0.04354749388204886
1538,0.14205760616408664
1539,0.1975135975120648
1540,0.41530256170076596
1541,0.26339840268008835
1542,0.23180223993499846
1543,0.43810806044450923
1544,0.3188366044877621
1545,0.17259612406734445
1546,0.2703391813337556
1547,0.21941389805412592
1548,0.20087757583867866
1549,0.08624878725438023
1550,0.021195100340989457
1551,0.25639666111136267
1552,0.05725184107042657
1553,0.026331651790728532
1554,0.19468472360972908
1555,0.3143740119761417
1556,0.07145751608823593
1557,0.6891111708899437
1558,0.3526858610480779
1559,0.205796340982191
1560,0.2219560156465086
1561,0.5870724748994984
1562,0.6128305692048974
1563,1.5274085819746805
1564,0.5488098281628893
1565,0.4320418431916327
1566,0.6306225577057999
1567,0.9108798810802036
1568,0.32115670318415956
1569,0.2380813295509721
1570,0.5129797957955569
1571,0.48550496678998867
1572,0.7896251921651907
1573,0.38981359717019426
1574,0.2551970565219181
1575,0.2630625682855273
1576,0.3871074127903397
1577,0.36237086049964357
1578,0.2973381380863294
1579,0.12813475223533596
1580,0.06064150877271077
1581,0.32167808319941077
1582,0.22926878729044733
1583,0.2177390118644622
1584,0.10463750264778496
1585,0.3039273579327179
1586,0.14099324027182247
1587,0.29775945260708875
1588,0.38488400892041513
1589,0.7302204714103214
1590,0.2909094098614861
1591,0.08848334099542358
1592,0.45773978826160877
1593,0.25520722252528383
1594,0.16015872527909453
1595,0.14595122452353612
1596,0.10853135231182888
1597,0.21611777024194523
1598,0.11850858227075298
1599,0.15517282357802956
1600,0.5257954927528578
1601,0.3855761961478927
1602,0.2719672333424969
1603,0.14662930968299803
1604,0.25611181954856477
1605,0.3235361121826888
1606,0.7850585508038588
1607,0.1531550244426344
1608,0.7691973949129072
1609,0.19749691888406876
1610,0.23504493388423842
1611,0.46176113261436863
1612,1.5661480276726234
1613,0.6748240875127
1614,0.4391396716514701
1615,0.9723364984648967
1616,1.327594833121869
1617,1.2365595464743735
1618,0.8591566671519466
1619,0.8773650079494836
1620,0.4231055679801397
1621,0.49639167235464354
1622,0.4714430726535634
1623,0.8067659244027956
1624,0.7154729442688281
1625,0.3957834162891189
1626,0.1884855006242809
1627,0.42800840341664237
1628,0.027889440300301563
1629,0.036649463319852256
1630,0.5524354762358107
1631,0.1338382406479577
1632,0.22301445239710296
1633,0.13500563115813627
1634,0.13591314628451287
1635,0.12537097274101172
1636,0.24443402801846387
1637,0.24113632798406584
1638,0.2887533380384655
1639,0.24815079324810319
1640,0.26192269357568704
1641,0.2849259700448444
1642,0.10671469393960673
1643,0.09753614630027983
1644,0.023100735315417092
1645,0.21371514336143801
1646,0.09631513154634913
1647,0.07667090588280927
1648,0.31739912607899856
1649,0.08831352057409783
1650,0.08997632794901612
1651,0.09846772021434815
1652,0.14738793747919174
1653,0.33701652417026484
1654,0.0654393543846539
1655,0.16157895317057394
1656,0.2840316724127222
1657,0.6834175181284112
1658,0.3279473977134729
1659,0.4233195368996376
1660,0.7287962887947871
1661,0.9421679189325752
1662,0.6616428420876079
1663,0.4228963862841792
1664,0.1895694126433852
1665,0.8869193799593083
1666,2.035195050717729
1667,1.8255307291715155
1668,1.0862078429398254
1669,0.0502586751755679
1670,0.4404536066882743
1671,0.4289781433509548
1672,0.5162760015828807
1673,0.9506249636330188
1674,0.7316197972534594
1675,0.36754392490699
1676,0.009847589184384511
1677,0.17292280784116368
1678,0.1632113496387299
1679,0.7087168810387028
1680,0.31352796231444546
1681,0.0502598643408709
1682,0.185374091535826
1683,0.06218731634703054
1684,0.08560665126102421
1685,0.19365422653891412
1686,0.5693679068715662
1687,0.4001853119813221
1688,0.4413631999130652
1689,0.2537014591891109
1690,0.07047466622529872
1691,0.49788956364895676
1692,0.31096057567314467
1693,0.14934281928572996
1694,0.09242203897316262
1695,0.18076694461993156
1696,0.3388565513739444
1697,0.060675958031495454
1698,0.11994891378414604
1699,0.11752832735323099
1700,0.24229728810112053
1701,0.18030464945395583
1702,0.20025980772952773
1703,0.038216139962916805
1704,0.17757035611573618
1705,0.601309963309199
1706,0.15945453648984098
1707,0.09908726623449415
1708,0.04828213354141651
1709,0.37322753327361585
1710,0.6599410438625039
1711,0.7842417067816508
1712,0.4580080602597621
1713,0.895973885835603
1714,1.2344864739177626
1715,2.2130478317068047
1716,1.1902638823238911
1717,0.4495378179064302
1718,0.18641023326006315
1719,0.2832881568907936
1720,0.02248593179107102
1721,0.34531418630052624
1722,0.22670751570382885
1723,0.2384206475741987
1724,0.07825321190489651
1725,0.07068770866679876
1726,0.1949384742897632
1727,0.1308735772256503
1728,0.3302659922197331
1729,0.030745057103584127
1730,0.12412569068537327
1731,0.03562267538544115
1732,0.1280780573765904
1733,0.2819611756738871
1734,0.24320659369914574
1735,0.1351056094517924
1736,0.19654833178122202
1737,0.3334203107067182
1738,0.0812404470110309
1739,0.13606207045656732
1740,0.04863547651950997
1741,0.36499370435116657
1742,0.158435847585256
1743,0.21763853925222326
1744,0.18263399851984505
1745,0.3528515313485009
1746,0.09288972499562012
1747,0.5282308986044373
1748,0.09838888483312792
1749,0.07587432370828978
1750,0.1318731323553254
1751,0.11075658757009811
1752,0.3049389722287377
1753,0.08045979837835128
1754,0.6942296995070718
1755,0.31474561496108094
1756,0.7052118567197416
1757,0.2802923786583369
1758,0.08071111331193334
1759,0.1083914178708058
1760,0.8704996810523296
1761,0.6541325644580174
1762,1.6033937339403412
1763,2.0389399106579935
1764,1.3337994868637706
1765,0.7674854016686408
1766,0.46083837510843695
1767,0.24240882628828891
1768,0.5913623102780937
1769,0.5727432247342423
1770,0.23893680456353025
1771,0.4522405914627871
1772,0.1792959768890733
1773,0.2808462270987116
1774,0.25165212223009176
1775,0.31297896838620276
1776,0.205154520870403
1777,0.28016592633940557
1778,0.07977620446390357
1779,0.023353610144898694
1780,0.15525717288451418
1781,0.16174395789399143
1782,0.26452736188535053
1783,0.19602268512867146
1784,0.1177766225981681
1785,0.6684679563191889
1786,0.4192201702242394
1787,0.14644250441057577
1788,0.06732497052563628
1789,0.312557163397946
1790,0.25375670312274634
1791,0.4154381986514077
1792,0.2951738793789258
1793,0.5258151673105637
1794,0.19823012804978382
1795,0.6125693054404576
1796,0.47774122754208953
1797,0.05536061019638733
1798,0.07139966687306738
1799,0.14743456866299698
1800,0.11828177990073292
1801,0.31732872784277816
1802,0.8277272461237193
1803,0.1715008369473462
1804,0.8746328002842267
1805,0.8399579238591212
1806,0.6971737335047073
1807,0.6890947511535808
1808,0.27630319125064673
1809,1.2151624030509438
1810,1.5403155431524573
1811,2.12493927431719
1812,2.9473010166566844
1813,0.5652463869477803
1814,0.6606352230116165
1815,0.7129417332531989
1816,0.6394818972512935
1817,0.9741979460297332
1818,0.3012228924396191
1819,0.319342742226709
1820,0.2061252561844244
1821,0.17041558164872608
1822,0.11718281456905758
1823,0.12764885998484818
1824,0.07212037446867199
1825,0.13875396795991118
1826,0.17880108075765844
1827,0.13698663758588372
1828,0.20409321545082898
1829,0.32269759329413794
1830,0.07083523260302757
1831,0.0886383523012048
1832,0.16639335010384718
1833,0.1787603119493992
1834,0.10135155168726197
1835,0.2831019685456351
1836,0.06334257499194955
1837,0.26728315514148665
1838,0.3529687940798656
1839,0.2055633789724506
1840,0.17196940939356478
1841,0.13150648776878165
1842,0.13334413989913216
1843,0.10329354012626638
1844,0.34395887976656403
1845,0.18794927700544592
1846,0.3545079539396324
1847,0.19108288680159607
1848,0.3999391154855671
1849,0.49312229453794404
1850,0.6505981702035567
1851,0.6846013541229923
1852,1.126777669871467
1853,1.1937122847984536
1854,1.4854898599213142
1855,0.7291656771898556
1856,0.4799682195322616
1857,0.991060534140387
1858,1.7157742894452432
1859,2.4927685757134257
1860,2.890730102805618
1861,3.601611875528746
1862,0.8793059476899389
1863,0.9434360289779111
1864,0.3938209349211275
1865,0.5804060790311152
1866,0.5810850805746046
1867,0.7896380712298415
1868,0.9354123967928942
1869,0.20956844432906563
1870,0.38878684571384076
1871,0.3770403431489465
1872,0.4237813150366076
1873,0.24729483038210304
1874,0.03183901774251913
1875,0.061507255120317406
1876,0.1345524160155571
1877,0.044342090844436036
1878,0.1916198193185539
1879,0.2627229472378768
1880,0.12532208343980455
1881,0.3048773991107771
1882,0.258616153132699
1883,0.3922382192245379
1884,0.4334332462500552
1885,0.33752918875593513
1886,0.05643848173435627
1887,0.21324272780362022
1888,0.24418191841007805
1889,0.350623921296458
1890,0.39751752062160606
1891,0.29181779446212497
1892,0.4161266941186558
1893,0.16110815500993506
1894,0.1062342500442954
1895,0.41560408799581755
1896,0.5539622135166393
1897,0.9713117696204474
1898,1.0125119536320648
1899,0.8081474578185406
1900,0.8357519465674277
1901,1.25963369655193
1902,0.2487590718099422
1903,0.8808010616524634
1904,1.4377381992152616
1905,0.5882594383850295
1906,1.0477926991774944
1907,2.079074854420713
1908,2.2295824884889552
1909,2.5976740654831834
1910,2.644843270850985
1911,1.772017912742722
1912,1.2785310403978014
1913,0.21750625702771187
1914,0.23170550389488032
1915,0.915974325326501
1916,0.8175357518640596
1917,1.0931185488126045
1918,1.0994917384020249
1919,0.3096443993129344
1920,0.10302221078008607
1921,0.06852506016870304
1922,0.1454080824632777
1923,0.2862867336375474
1924,0.41957896492741265
1925,0.08091646188640979
1926,0.07372148706654334
1927,0.3560319672225235
1928,0.17590220248146896
1929,0.21791459682479516
1930,0.08521417943469721
1931,0.14127416834906065
1932,0.2633293728242278
1933,0.16825025558806184
1934,0.03446980690634896
1935,0.3194935582762007
1936,0.16209888560432087
1937,0.3194274974082812
1938,0.20095636742233547
1939,0.33544674355500514
1940,0.23774578279276862
1941,0.38241946750069217
1942,0.41905487790125
1943,0.1499362572063501
1944,0.30508137754175
1945,0.6226767754016955
1946,1.564843205130647
1947,1.8501148505461908
1948,1.2209333536849105
1949,0.6479885285542883
1950,0.6810117957652763
1951,0.6554061480124036
1952,0.4257621320777742
1953,1.537215119759728
1954,1.5360212578575239
1955,1.6926588648336278
1956,1.5160954960870825
1957,1.2660488897727966
1958,1.8384983927873086
1959,1.6718431927099473
1960,1.8533698234424585
1961,1.0218788320827241
1962,0.09314362836298613
1963,0.2502971052592534
1964,0.623271343716517
1965,0.461467114190039
1966,0.6723663922378106
1967,1.4155067894284585
1968,0.5797804869215825
1969,0.1886836855198434
1970,0.2424782811690483
1971,0.2155785080124608
1972,0.18314313755932365
1973,0.4253355648763518
1974,0.4095194878884674
1975,0.07440878579987155
1976,0.22684579612659442
1977,0.3030299619100481
1978,0.24410356210560194
1979,0.40797008245244537
1980,0.15858931392160264
1981,0.1477029984038661
1982,0.06918855205783361
1983,0.03199698140733359
1984,0.24911644324318094
1985,0.1971909771686508
1986,0.15103055171348664
1987,0.04647515533544005
1988,0.42553952602767314
1989,0.5442043688776282
1990,0.797538437414036
1991,0.5135950271082289
1992,0.8879179347089285
1993,1.098855669885486
1994,0.9491869471698972
1995,0.8226395731191726
1996,0.8763679479430957
1997,1.0712785354488779
1998,0.30943129441538886
1999,0.4863151716901949
2000,0.6576497542095218
2001,1.04087701244541
2002,0.7917829540197403
2003,1.159799319915287
2004,0.7334804177756347
2005,0.8222759468142338
2006,0.3624019504707849
2007,1.0630789804699183
2008,0.7005564852458995
2009,0.8797302843180217
2010,0.46138382924137217
2011,0.6505700862379192
2012,1.0818651268118329
2013,0.3728785143449735
2014,1.175348872451043
2015,1.2729725448317233
2016,1.6396752140596984
2017,0.5410176959672386
2018,0.05959374805908902
2019,0.13183766359387392
2020,0.235417345781419
2021,0.37869150721451744
2022,0.14177598101670025
2023,0.12354806251671749
2024,0.14981638479083564
2025,0.07195860113500485
2026,0.2755830083114208
2027,0.033652852465499865
2028,0.25297671109927333
2029,0.56264617800992
2030,0.12457426042564594
2031,0.17855868590679297
2032,0.18517380917393975
2033,0.10749517104919937
2034,0.521554950709604
2035,0.5288586170280609
2036,0.48300345577780385
2037,0.7702883736683519
2038,0.39083492264082925
2039,0.6453661799856563
2040,0.25032242477300864
2041,0.03618674503628764
2042,0.19138468489024707
2043,0.3180045205198446
2044,0.10888037972319398
2045,0.08185904502565891
2046,0.46398752303095436
2047,0.6648297735498575
2048,0.18126682679867032
2049,0.5104190509598171
2050,0.6931182205285272
2051,0.2002575937226039
2052,0.9295481879732553
2053,0.13873896096548022
2054,0.7518427911672688
2055,0.01769486551181252
2056,0.7488471141597766
2057,0.17953636213945134
2058,0.11685449106421049
2059,1.0224876640071219
2060,0.5794382649717313
2061,0.7351636472476886
2062,1.34218255738734
2063,1.2441233451110334
2064,0.9641300101750788
2065,1.2543293542299963
2066,0.8593557518875072
2067,0.21517815981314564
2068,0.10594224516455576
2069,0.15582679588685028
2070,0.15616408012475005
2071,0.12287606929344506
2072,0.05180055412367962
2073,0.19461768199431737
2074,0.15156102964268145
2075,0.16225122525360194
2076,0.028620135683739407
2077,0.2637894941582115
2078,0.2715726072152077
2079,0.3699628276010067
2080,0.6024306494583223
2081,0.3009288660613653
2082,0.3168072874039249
2083,0.35906656044696644
2084,0.25265503615312124
2085,0.26613549134266384
2086,0.32784852196375897
2087,0.08929127487631026
2088,0.3746516155032471
2089,0.13813340727122136
2090,0.4512739812293056
2091,0.26664762827633387
2092,0.039015219254486505
2093,0.37623657421738155
2094,0.2512899200953504
2095,0.379066219570653
2096,0.10960094650030787
2097,0.5719664111351591
2098,0.2623632332579783
2099,0.9960910811723162
2100,0.20907485314229013
2101,0.6118756521776725
2102,0.8280651859500229
2103,0.28977597662612065
2104,0.022426714095751782
2105,0.17339132310534555
2106,0.7382748449087234
2107,0.8197958126504433
2108,0.8973185676355208
2109,0.782943471914147
2110,0.904262777134946
2111,1.5909230779694912
2112,0.8349919540976302
2113,0.18462242953456626
2114,0.439202709878599
2115,0.9635851142630881
2116,0.25988617030685984
2117,0.4807228611629831
2118,0.06100652798032445
2119,0.2712845742938542
2120,0.05087387087040077
2121,0.09858622270229651
2122,0.6163925605651269
2123,0.21240699083257777
2124,0.15681411913644927
2125,0.42382998628139806
2126,0.1684190632031321
2127,0.7446770084636808
2128,1.0281120021332453
2129,0.5648473960568251
2130,0.08162857892531862
2131,0.4193675878864058
2132,0.06589763684646863
2133,0.11867228498078553
2134,0.24647341735660822
2135,0.26657557986633046
2136,0.11894717938429594
2137,0.16370882264051095
2138,0.21593838845769242
2139,0.18748129695888868
2140,0.24236518882332123
2141,0.15715619248423643
2142,0.23921252302103782
2143,0.1860944223353898
2144,0.2497466355464923
2145,0.3908557930433218
2146,0.7633628150772082
2147,0.9747774849466398
2148,0.7027042429271542
2149,0.8552733507592842
2150,0.15204924403750938
2151,0.42345177205103296
2152,0.38053866425318494
2153,0.3209099161341883
2154,1.0416229859126918
2155,1.2076645738399308
2156,0.04900425153214252
2157,0.5201327054232848
2158,0.7340748636714212
2159,0.5796386295558512
2160,0.6272714303081973
2161,0.7522891118488114
2162,0.17028285541088584
2163,0.6319425435919895
2164,0.2255311533465797
2165,0.2744816702830759
2166,0.10452110455834498
2167,0.23933093240938774
2168,0.09502806751054893
2169,0.1636692762133748
2170,0.016341849710455204
2171,0.31255527737181704
2172,0.1525115618944145
2173,0.30766515530616706
2174,0.827182237137865
2175,0.23279160547781905
2176,0.267346201604242
2177,0.12570393280570946
2178,0.24247660115976222
2179,0.09634387686713547
2180,0.14340704707275317
2181,0.18586624879725455
2182,0.16016554193068105
2183,0.10318753540151365
2184,0.2797737656303833
2185,0.09470431403884672
2186,0.03358925125036128
2187,0.21406482471769978
2188,0.1772800117716487
2189,0.23629726568657738
2190,0.10199651396519699
2191,0.2395289241628904
2192,0.0675062058293404
2193,0.13289272813293404
2194,0.22406416286944705
2195,0.1529797826010468
2196,0.6060843190532239
2197,0.09548677230260143
2198,0.06535609005007702
2199,0.7052519057034596
2200,1.0015252431034334
2201,0.46758322131524843
2202,0.28912192099402834
2203,0.623156210975864
2204,0.4882626519942385
2205,0.09592535373958487
2206,0.3766342709669181
2207,0.2283038153094403
2208,0.41173030759646767
2209,0.3028237052965817
2210,0.33401046987715566
2211,0.1357290017149286
2212,0.3583112344251551
2213,0.5028066755501123
2214,0.08562342384552242
2215,0.12189697520978524
2216,0.37942514594355065
2217,0.06368027077260978
2218,0.18264705403886522
2219,0.2730190318626197
2220,0.1333191434981844
2221,0.1099348766312246
2222,0.3114344430749133
2223,0.9655861141572462
2224,0.6390677235899497
2225,0.6304673610544163
2226,0.14300439873708454
2227,0.06108720171809329
2228,0.022664676374896248
2229,0.20017539607377802
2230,0.18053047659640076
2231,0.16345285728391432
2232,0.08592027361273273
2233,0.16480480547972332
2234,0.36684701933515756
2235,0.11195829301961101
2236,0.24931660647593554
2237,0.09129365909492392
2238,0.22846419303399404
2239,0.05815590034797427
2240,0.15689117215971554
2241,0.013920677305826787
2242,0.16500272671053431
2243,0.30216749545342925
2244,0.3191463887655508
2245,1.1466798220227747
2246,1.0087577912629446
2247,0.9754240603097314
2248,1.127728198925334
2249,1.1224783173173143
2250,0.5064927169564245
2251,0.12408461140620228
2252,0.04907763271396011
2253,0.9561734418319797
2254,0.11880098981661323
2255,0.002370828766260073
2256,0.17216172345131536
2257,0.18539233374823175
2258,0.37712084138503865
2259,0.18400309922984998
2260,0.08786166350088546
2261,0.17075643529611356
2262,0.1955911084291978
2263,0.0823286156220407
2264,0.1698816334220909
2265,0.3740666395875296
2266,0.5074559444999424
2267,0.16595404992885815
2268,0.1189562059910405
2269,0.1198811577772622
2270,0.2611308864167781
2271,0.5788486018259767
2272,0.5732144007478656
2273,0.31641891757480217
2274,0.1399483407839082
2275,0.3862272455300346
2276,0.012495750143660084
2277,0.20640709005563412
2278,0.030503610163551857
2279,0.1779782475588512
2280,0.2695274610318765
2281,0.3131170314290488
2282,0.2951430669010457
2283,0.13940761362289336
2284,0.2527888870400335
2285,0.10625778549224679
2286,0.16401048819333378
2287,0.1930215346494646
2288,0.18958659775841255
2289,0.24386540929432618
2290,0.2924570233865397
2291,0.7467471263232577
2292,0.4891942476556088
2293,0.1757308270503586
2294,0.7070821831650306
2295,0.12574431731455799
2296,0.8422247767722558
2297,0.561260182803845
2298,0.40292360202034827
2299,0.4482134630114214
2300,0.5053699167417531
2301,0.590801268970795
2302,1.3860535368123423
2303,0.09431017532485667
2304,0.15623312916511792
2305,0.18682110070749133
2306,0.21858591429070995
2307,0.016669324912997285
2308,0.21097720822388005
2309,0.4024540711208566
2310,0.13073303580427106
2311,0.14756555969129276
2312,0.22704616955802018
2313,0.23686446535020847
2314,0.12629543175271446
2315,0.11750551705423369
2316,0.25813497793790824
2317,0.26700204483645007
2318,0.5750402214644567
2319,0.9567003332350434
2320,0.1803498440047363
2321,0.30219735340009246
2322,0.1933453091273715
2323,0.2476092183047508
2324,0.46858375555139237
2325,0.45324594118887074
2326,0.09569323763547018
2327,0.20793017725559923
2328,0.1717510490288362
2329,0.36169120642806474
2330,0.17133516232877985
2331,0.43751033283049945
2332,0.15209874026164297
2333,0.12544663768719755
2334,0.3655122451041295
2335,0.46053946784582345
2336,0.19544255578079983
2337,0.14998872273782735
2338,0.2878301169766889
2339,0.3840771300015757
2340,0.10187810798812279
2341,1.1375379868897562
2342,0.7910114976267558
2343,0.02047564776784636
2344,0.4004211037638765
2345,0.7322137222851708
2346,0.4516957042531632
2347,0.4646025265576333
2348,0.8270150315347373
2349,0.8687709156966339
2350,0.9370357674008157
2351,1.8639129504557874
2352,0.20577135067131982
2353,0.09022307059669285
2354,0.24627468931506685
2355,0.2687374945551189
2356,0.15424782956961014
2357,0.14604178446858543
2358,0.08555741933245244
2359,0.12160802269168017
2360,0.2827627591615251
2361,0.299605198226201
2362,0.3188272032027617
2363,0.4204451163542566
2364,0.291227197708466
2365,0.14604770406740417
2366,0.5677030243805916
2367,0.8141884827556691
2368,0.07303511791788131
2369,0.17438332991005925
2370,0.038572469648536806
2371,0.24463620917661316
2372,0.22502093222314054
2373,0.17055677210942025
2374,0.3201874868793032
2375,0.0491844199804332
2376,0.0879317547729866
2377,0.09872199675334643
2378,0.22399914133466559
2379,0.344555853657163
2380,0.06914217725621227
2381,0.14443196940391498
2382,0.03070746953675354
2383,0.23830264475206722
2384,0.2576054610296612
2385,0.4062154107182861
2386,0.13187054141735866
2387,0.31203964366181347
2388,0.8750943806065723
2389,0.7673749394911871
2390,0.36802059538867404
2391,0.36823832485500174
2392,0.7497910986838594
2393,0.611575908372944
2394,0.4912449321937415
2395,0.6673070402508526
2396,0.595519103049543
2397,0.8918193419861025
2398,1.746135303627048
2399,1.7913729781236707
2400,2.2247687813450097
2401,0.2703890952729106
2402,0.18899613181313696
2403,0.22804704470645068
2404,0.2826372895024786
2405,0.1643419640510548
2406,0.1328518763030028
2407,0.16728193083003928
2408,0.26146103271433013
2409,0.425751714640332
2410,0.1857068050914041
2411,0.18627258382564432
2412,0.6239735380065821
2413,0.20587845215264353
2414,0.686461273073952
2415,0.18918265195044356
2416,0.18415549552603425
2417,0.2693139817939089
2418,0.0669953292129289
2419,0.3606599227793755
2420,0.40625518145222367
2421,0.3878777207208738
2422,0.17019460387912347
2423,0.07902722903904096
2424,0.13359257824303933
2425,0.10919944468059242
2426,0.3642020848870609
2427,0.09048587786897964
2428,0.35829079653672646
2429,0.08874757848926668
2430,0.1519880701889834
2431,0.10873061268850297
2432,0.1386807027537634
2433,0.0968956564736282
2434,0.29277066035101285
2435,0.28829276482269356
2436,0.15078340088633593
2437,0.08550621811211188
2438,0.41484083164110985
2439,0.7490644396307888
2440,0.1789132651055836
2441,0.9865292784331434
2442,0.8134412293703026
2443,1.052714704509006
2444,1.2723651259845872
2445,0.37788852839226755
2446,0.8149720706226855
2447,0.8460060985775233
2448,0.856834226219788
2449,1.4448671917555422
2450,0.3306466341147653
2451,0.03980020847860702
2452,0.09653043480188093
2453,0.18531125980154783
2454,0.07166276436600762
2455,0.4978179472926103
2456,0.17246836564770415
2457,0.07667526402385519
2458,0.20758882188852845
2459,0.09041060175375076
2460,0.08407909027291753
2461,0.14569535731881128
2462,0.5164979052729575
2463,0.5659306232133305
2464,0.07450933093093626
2465,0.07948969419246317
2466,0.4288373351340853
2467,0.28922815362176846
2468,0.1969777449918402
2469,0.19160505496202163
2470,0.05169144950440008
2471,0.2569193271947447
2472,0.41525485818813335
2473,0.04389037368229848
2474,0.12319170734866056
2475,0.7806784992414322
2476,0.2754508943771142
2477,0.02263479383029165
2478,0.31996186249554265
2479,0.33610994135830874
2480,0.1503290179564373
2481,0.2042022125397395
2482,0.16456818928976857
2483,0.183711765730549
2484,0.6648930780279338
2485,0.534044308822307
2486,0.690459653772139
2487,0.3788336599431744
2488,0.11825008989023332
2489,0.6269870505201443
2490,0.7484832356443277
2491,0.4987117546118226
2492,1.552437443214609
2493,1.8180452596738104
2494,1.3294223506364307
2495,1.4846891733173755
2496,0.37404127573117585
2497,0.06833301650493946
2498,1.0087378265333096
