Grid_Number,Gur_num_Education
0,0.10832771924463279
1,0.6653497265844786
2,0.5588857739330606
3,0.80400445895802
4,0.9787504144968694
5,1.0284884234510143
6,0.7796221039703928
7,1.334134603288351
8,1.148755285983637
9,0.17996449975631687
10,0.49655794600572906
11,0.9817107536205092
12,1.3220278445610945
13,1.1456101273338684
14,1.1970595313464496
15,0.6545307931584007
16,1.2615881853879123
17,0.2275430744200655
18,0.1529224958382903
19,0.38162944039837793
20,1.4208025450871502
21,2.00401134771447
22,0.912965486086657
23,0.35187045446423576
24,0.3426865500398867
25,0.9192083659513074
26,1.95361026209931
27,1.6009233143310988
28,1.9447828029907641
29,2.28697872530156
30,1.2796340499388932
31,0.494271333849904
32,1.1506551779774754
33,0.9242900293686773
34,0.3854519120969029
35,0.22677362078908478
36,0.9328067781370565
37,1.4231300205045527
38,0.5657808829378297
39,0.6098248418526341
40,0.5103388308294001
41,0.2023548052204363
42,0.9432217923343175
43,1.265060067681636
44,0.643963889115586
45,0.23567500536901625
46,1.2970972395221123
47,0.7595041411949716
48,0.3763265276474867
49,0.7792020931073111
50,0.30329342044642216
51,1.105313972779205
52,0.21663774846365014
53,0.3571356108046644
54,0.7802134616843392
55,1.5753501807392856
56,2.112670870139167
57,1.1317157109340652
58,0.6376722566666131
59,1.253840809062837
60,1.2317055558561976
61,1.0442992214538585
62,0.6235206627601867
63,1.2406740250152812
64,1.3996362308092976
65,1.2791042102382586
66,0.4928981222120912
67,1.063044788371713
68,0.06775090317557787
69,1.0235072382029717
70,0.08808473201941776
71,0.90931253076638
72,1.1374349984748802
73,1.2858086447007253
74,0.3452878718086529
75,0.7870847327891666
76,0.32717993506261306
77,0.790709794994538
78,0.5718627489335186
79,0.2997284819512456
80,1.0345593453236963
81,1.1255563146043803
82,1.1497718286451337
83,0.6161377107350358
84,0.47472085850851586
85,0.6180793579670009
86,0.5352275193702337
87,0.7640026296240622
88,0.8998403478088772
89,1.6979752614433588
90,1.7693931968403194
91,2.000718721385706
92,1.8703775059004009
93,1.6057051859453455
94,0.9873131444090522
95,0.2894556485211496
96,0.08056147172784274
97,0.06924523182611725
98,0.4218945336145698
99,0.5051208360277367
100,0.926397450096597
101,0.9060931558575765
102,1.0321247652140262
103,0.42986264756625076
104,0.3431960342819802
105,0.300892101042357
106,0.3728333006529458
107,0.3104826851912579
108,0.6407797629306566
109,0.4138677810203509
110,0.8832728000729785
111,0.7917980287851636
112,0.7987982926004253
113,0.5064884684659591
114,0.9135775820795015
115,0.26420913239262644
116,0.40342379033422754
117,0.5453291349958247
118,0.9902705562636336
119,0.6109778813925888
120,0.5577841595574263
121,0.9722231633062437
122,1.7420765273404424
123,1.834643872416543
124,1.277831368045595
125,0.7964166781204545
126,1.145812021336288
127,1.4810298468709975
128,1.6321640328284974
129,0.5202869555695179
130,0.24705331168659042
131,0.5510087163002304
132,0.5916634391139499
133,0.8526669455390392
134,0.6283042201435495
135,0.9356479919991172
136,0.19116218162785042
137,0.4820090910888497
138,0.6370078192897589
139,0.9772629545019144
140,0.23137203304451817
141,0.6218845702136333
142,0.19062422059627004
143,0.37713934665878057
144,0.3832328934515368
145,0.3597575892479859
146,0.19438719391322792
147,0.6406920830035555
148,0.42680003074008904
149,1.476692409794669
150,0.45406428361142503
151,0.7459705814879795
152,0.6180419407760587
153,0.5135151497794167
154,0.2713162687304937
155,0.23226646223685132
156,0.891566625291881
157,2.002173001366247
158,1.6950916419554822
159,0.7597311664804555
160,0.1370496696281306
161,0.7320700404993029
162,0.5058572350744402
163,1.1614631103315403
164,1.0939126727903283
165,0.7924542757815175
166,0.41573947818812196
167,0.8198738326593356
168,1.7850517639850145
169,1.0976919103246536
170,0.8425096779644403
171,0.8346217715447847
172,1.1437835583478524
173,1.1397665377730801
174,0.10442556263997918
175,0.06787376087790072
176,1.0405738642460431
177,0.16328771664788747
178,0.10552185606875429
179,0.48349990271385557
180,0.6203555557846565
181,0.497923624081346
182,0.382338299764185
183,0.8538244284647358
184,0.5358704534413329
185,0.07885437768580124
186,1.0671403779038875
187,0.25059702181932836
188,0.4894763292466775
189,0.4715557492561602
190,0.9302653992783863
191,1.2743205088266956
192,2.199459096964745
193,1.4005906190292203
194,0.28937456762312325
195,0.42179851727088713
196,0.8287283491288511
197,0.4804950522817134
198,1.150644546824423
199,1.9479216050774213
200,1.7625050134275189
201,1.2899162383045926
202,1.466549494077721
203,1.8780910310074364
204,0.7789400547562064
205,0.3544615673732907
206,0.9053776142443344
207,0.9875806732592682
208,0.6842125106764734
209,0.3409607184708992
210,0.17618635289189932
211,0.5361787870985602
212,0.26880076261211816
213,0.03361314634644183
214,0.3345798617946946
215,1.2683780103875424
216,1.077343449021807
217,0.06948373776817046
218,0.26681405104179595
219,0.361666886983125
220,0.3340168502732046
221,0.9265444490135019
222,0.1518581297351078
223,0.9272265798555096
224,0.21576871097667133
225,0.9269501883524522
226,2.03587315636922
227,1.9831366929177583
228,1.7215522511670285
229,1.0419842519437752
230,1.2140481812501684
231,1.270970489260634
232,0.5767320515645027
233,0.8615857766443611
234,1.903917692569802
235,1.6119183896644604
236,0.9473067725918272
237,1.2920377985253952
238,1.9038647848746177
239,1.3850867352467484
240,0.7526494430036146
241,0.37232958115809384
242,0.8696874936739457
243,0.4992076571799228
244,1.2401718580141339
245,0.09500804497677004
246,0.9456851783066873
247,0.6628784491866447
248,0.6379419724323312
249,0.1545141558880588
250,1.0327667042087878
251,1.4218877371019512
252,1.039195072486923
253,0.827620502181773
254,0.552045098593219
255,0.24869205586894017
256,0.06072967517515803
257,0.17716913875219154
258,0.9521210093868444
259,0.4281311164952749
260,1.0242582193250789
261,1.083362597940117
262,1.0212765538340256
263,1.6709227113218974
264,2.000328434687554
265,1.5032522190643138
266,0.4415835728028699
267,0.2194686854085778
268,0.8327595902150706
269,1.7668940929891988
270,1.3218458093236223
271,0.21555992741120975
272,0.8654957334285641
273,1.0708690803867587
274,2.0043204933465426
275,1.3292043500874045
276,1.1479750156156638
277,1.5640345498649721
278,1.3924423469031881
279,1.4440031910683373
280,0.13840100736429828
281,0.9037964311530589
282,0.2582202917093329
283,0.9093713897095266
284,0.11689085786257454
285,0.9239294570849752
286,0.5026182797129825
287,0.5428880089300725
288,0.2875461164545852
289,0.6264896237610686
290,0.7092224010802722
291,0.8782489674723362
292,0.3887226959904598
293,0.6856196744028561
294,0.6075604193821859
295,0.8823864577994841
296,0.2463409627169595
297,0.2060974509955511
298,1.3104752891718432
299,1.6362239752617862
300,1.1017857155528985
301,0.8291436596721172
302,0.6500531920625778
303,1.1330568794754885
304,0.7951146430380378
305,1.0845988699339328
306,1.0519573724364564
307,0.38976814666201715
308,0.7223983694237419
309,1.7577591699249013
310,1.557439251503451
311,0.9039733398210804
312,0.7113445089755048
313,0.7776818426630208
314,0.5532630962981325
315,0.16381871329417083
316,0.7098888652684585
317,0.5855337179838521
318,0.8388345123289634
319,0.49879657577419967
320,0.559173591963397
321,0.3126330593093372
322,0.5013304083075402
323,0.4643591346898015
324,0.3680222718776798
325,0.8961814029848955
326,0.2225498451073918
327,0.6079845935085532
328,0.4195605299241648
329,1.400624252006878
330,1.2571584990514646
331,0.4349160590024452
332,0.6341548933510613
333,1.5990287655108761
334,1.2001023874350174
335,0.16387374103540395
336,0.7058298741324779
337,0.08563826222518232
338,1.0005445183072743
339,0.23313183284690547
340,0.5270734433309576
341,0.15346071672120778
342,0.476848129779022
343,1.1497675658361712
344,0.8028041337344932
345,1.282268517982284
346,0.1893077135278682
347,0.07820456490841017
348,0.5078346505731854
349,0.5253273522385029
350,0.3588639454341078
351,0.9301665369798668
352,1.1958782652567956
353,1.190640755496962
354,1.0046569670845984
355,0.7651229459987074
356,0.48822562726598556
357,0.4243300234196867
358,0.3166746555472981
359,0.6837109596564107
360,0.18847266099378918
361,1.1154766067713575
362,0.9819384277456911
363,1.1664369118664202
364,1.562984103522688
365,1.0807287401680479
366,0.7383952364399308
367,1.025634066180815
368,1.2373373608495861
369,1.2504052418034153
370,0.8037633393147355
371,0.8816921245525512
372,0.8449723702645419
373,0.16930553882911492
374,0.0804905439038389
375,0.47307840443906696
376,0.7502290889852331
377,0.7218419803164713
378,0.7545695937355102
379,0.3306559864364322
380,0.9713441092608134
381,0.4678869527655806
382,0.6555749992828018
383,1.3483341724305697
384,1.4548034322314627
385,0.5331375906125033
386,0.8512711591382444
387,0.425165840032523
388,0.6136263964906193
389,0.41754842894464483
390,0.3451627527233762
391,0.36658884181784257
392,0.2364666225642251
393,0.4932174846145989
394,0.4121554034724665
395,0.6516823406677024
396,0.5724082214937037
397,0.3845854522871771
398,0.7225378572752827
399,0.7659850498585682
400,0.10350255462056795
401,0.04986225775822665
402,0.8454831905910033
403,0.32824460543706235
404,0.3939443315663255
405,1.3613957177912925
406,0.49622746556513253
407,0.5197184580102118
408,0.9474123129476824
409,1.057345387423459
410,1.315856661046657
411,1.4467154900633263
412,1.0351539198943749
413,0.21868795826208107
414,0.5439963331841968
415,0.4292512323416555
416,0.7604173189871477
417,1.2404751010889346
418,0.7586733942829516
419,1.3884313208932035
420,1.1436850762791202
421,1.4422810824189147
422,0.6528394346794153
423,0.456083239728005
424,0.6755836190929291
425,0.7910829620535234
426,0.7806370905082999
427,1.0726224797272303
428,1.274490886486527
429,0.6008663750692341
430,0.40965448855183706
431,0.30825464272205255
432,0.8261061126004674
433,0.3005492300909832
434,0.0726207779039706
435,0.1265722936488406
436,0.4369472582986744
437,0.9243990342486526
438,0.48049169635674294
439,0.5032836898849895
440,1.3540884415676961
441,1.0121201009992502
442,0.36508789236087874
443,0.5218787773570184
444,0.6805337957465405
445,0.7074425014874044
446,1.4018322652743045
447,1.5528296638824302
448,1.1778938398627226
449,0.33546000707592016
450,0.30819829445375135
451,0.8586798178916855
452,0.9592877455284246
453,0.029764869478046463
454,0.9380803631347615
455,0.4232673825850747
456,0.5370300236040488
457,0.9458288224196902
458,0.2418986502821612
459,0.2677039808044059
460,0.8368714747469785
461,0.5816445622080377
462,0.659895474443903
463,1.7336308772035656
464,1.401184686611461
465,0.6191512411427305
466,1.036115703317334
467,1.1039176516828078
468,0.7010878247615155
469,0.3198757070638614
470,0.15108955686143877
471,0.5223838778803744
472,0.1824769247283931
473,0.3209616864122802
474,0.5685776659190976
475,1.1458929571341567
476,1.6374918663447924
477,1.2428926168675203
478,1.198131324650976
479,0.3579052269828772
480,0.6376676099417605
481,0.4774483065573849
482,0.960391821331986
483,1.51615792979719
484,1.2348560185186404
485,0.6508228354255795
486,0.46128469403721745
487,1.1440633026482108
488,0.302116488830551
489,0.2915085728322295
490,0.17017276705055243
491,0.6456031210879377
492,1.2394000172451602
493,0.8344107855471262
494,0.6810441042586978
495,0.27289029480665156
496,0.868588388361409
497,0.9230001551086323
498,0.893966432142957
499,0.8072061526095193
500,0.6615198125023238
501,0.0812558715649208
502,0.15415443980037596
503,0.35494798813272027
504,0.5302805068799282
505,0.47043862238489886
506,1.3724661108689638
507,0.7365863465025755
508,0.4480864530123198
509,0.20859973764346892
510,0.1765504961412778
511,1.1830469267217945
512,1.4248667478033403
513,0.8614393335847772
514,0.08388840932612388
515,0.8160273140045168
516,0.6291865288933062
517,0.06580523609728742
518,0.7962972828432576
519,1.4392723714623668
520,1.181698435808171
521,1.0888214611420237
522,1.202611114939495
523,0.9962324757666797
524,1.0946303028885367
525,0.13497018627660953
526,0.9078407676790864
527,1.1215119673991925
528,1.3003314564871906
529,1.4834703193171361
530,1.156327066573579
531,1.3996817436875162
532,0.6340821302772641
533,0.5417971434661993
534,0.21365032763553096
535,0.6817557577571002
536,0.7242456777170869
537,0.17281922627206087
538,0.3019722617778236
539,0.489984834506303
540,0.4901202381499799
541,1.03609809752973
542,0.9856958698863365
543,1.242544683645601
544,1.0334404949883507
545,0.813974171195294
546,0.7603606857003579
547,0.5851260222210056
548,1.0654362669078674
549,0.20301760496162174
550,0.8120643039647288
551,1.4469104806509867
552,0.9510628073834213
553,0.16529334083658528
554,1.21668075604353
555,1.2667069731334026
556,0.762810902332885
557,0.4044053335632736
558,1.396144745791586
559,1.8153642543008808
560,0.1617005552872809
561,0.11370573641832081
562,0.30867755764962307
563,0.6610707184045794
564,0.5700924130697725
565,0.5720523219313888
566,0.7598757088433035
567,0.3894522988323517
568,0.05240528244481594
569,0.10026893086244937
570,1.0066792543558765
571,0.5938641961301204
572,0.7418508265516601
573,0.6772701927011943
574,0.15025157110270154
575,0.8831447161871383
576,0.1963123578113896
577,0.2904001268700565
578,0.3266437040929551
579,1.0571640028031584
580,1.3888178873968657
581,0.8960592679964012
582,0.1268341040083733
583,0.8235347418573344
584,0.4163456956616311
585,1.1604636254469005
586,0.8044356564240442
587,1.3886498006950032
588,1.0252086392049178
589,1.626843434480984
590,0.7835338378754183
591,0.1432823296844679
592,0.8887116725327251
593,0.4224571782769428
594,1.2334366501048781
595,0.39614633558124124
596,0.10041697339419686
597,0.40842294070815394
598,0.5308740298815218
599,0.1875145452764741
600,0.601029682260353
601,0.7198058616677825
602,0.7536674252977503
603,0.2969422898615066
604,0.35049080583243564
605,0.33681781278615763
606,0.5917281615151596
607,0.6213493883088921
608,0.5641938206520369
609,0.3220102597504275
610,0.160092314440099
611,0.15253408545858652
612,0.8281503655356347
613,0.723882760835426
614,0.18245413834836033
615,0.9228504112291346
616,1.5572679033359023
617,0.9562043651055487
618,1.0358919224305396
619,0.39480963090722554
620,0.911054481659796
621,0.30382889741528973
622,1.3518380341969607
623,1.9351555320610359
624,0.9893349157546826
625,0.8280112015092925
626,0.7670284543464972
627,1.1438514869856309
628,0.559196313854993
629,1.2866948666120592
630,0.1459585100834767
631,0.3301517988096721
632,0.7402486438144272
633,0.7824231188252778
634,0.17112617378363765
635,0.722970735231148
636,0.29314908325055333
637,0.48218840427647514
638,0.5331242019218475
639,0.7036358610828347
640,0.592449697293788
641,0.38265809567313
642,0.8561194020002739
643,1.2954429549182012
644,0.8103556528746008
645,1.0709433689849739
646,0.2631944942458235
647,1.08476347739577
648,0.8643386518063348
649,0.8812269334182921
650,1.1231555020023205
651,1.2347215648898022
652,1.9300515362025719
653,1.0762150937900141
654,0.15494866083553027
655,0.8210884145863272
656,1.2035987595280844
657,1.714271083754884
658,1.681325932470984
659,0.7374551006879976
660,0.5006997256159543
661,0.8876026592138777
662,1.8335098016789162
663,1.5347674835254366
664,1.4936698062129863
665,0.22898495845573377
666,0.2322711273797395
667,0.8357664738099233
668,0.32078397421842153
669,0.906164339024935
670,0.3991712757989647
671,0.5527060881483379
672,0.504074413915196
673,1.320518878635443
674,0.36597729779863725
675,0.677718686663018
676,0.6728758609691545
677,0.9602112376478998
678,0.8558484708019897
679,1.4666762055146971
680,0.9951611375490917
681,0.21748876559258706
682,0.5827372931813135
683,0.2562927789876386
684,0.33220864537407646
685,0.3466111270627152
686,0.5549280618967045
687,1.487780540165527
688,1.132400644692783
689,0.20504386219861714
690,0.3030955009896975
691,0.8861179251794827
692,0.8714710236057909
693,0.8048600014336894
694,1.3204455967146753
695,0.4699516715249936
696,0.8349063086981883
697,1.2802622517707
698,1.0897020891795337
699,0.516909000280587
700,0.08146556776488546
701,0.16240077051235874
702,0.505012678265922
703,0.2325257028659802
704,1.3418464229981852
705,0.9922347167980321
706,0.11225134706841561
707,0.33813487815625715
708,1.34258211225592
709,0.28301271967601727
710,0.07795984178904394
711,0.7211341163081262
712,0.3908198687080604
713,0.3745352277059597
714,0.5295857524045595
715,0.17416939819995927
716,0.3538993315711548
717,0.10044996070221386
718,0.48286376123724845
719,0.41980114782368894
720,0.88377215210436
721,0.7476912494865519
722,0.5480189337266408
723,0.8377547139510173
724,0.27800485213075965
725,0.7777161210519141
726,1.178917803218092
727,0.4522261657616605
728,0.5078508388856773
729,1.5611182781129425
730,1.3438383911060559
731,0.8019775462174101
732,0.7609291761122361
733,0.35706161731103303
734,0.4097175655422785
735,0.0829171179595931
736,0.2911059793672172
737,0.46268501071357493
738,0.4950507855253779
739,1.3660402025690919
740,0.7780037189717741
741,0.12426994553480221
742,1.069524690691693
743,0.8116654807229265
744,0.5172441160810337
745,0.5233482973886708
746,0.61827909038159
747,0.6372934467778846
748,0.7161408672286914
749,0.5703193603079354
750,0.34118166075103573
751,0.30302481577470636
752,0.8475643686861808
753,0.11101474824992552
754,0.28153953960603906
755,0.6979802878112387
756,0.15904253161890639
757,0.31811838751560684
758,0.21869996434278577
759,0.7283968739547959
760,0.9052120089348578
761,1.542183533998567
762,1.2132809870984875
763,1.3265654348019327
764,1.5868300296464397
765,1.27409577490563
766,0.2122496714038339
767,0.6827247809054986
768,0.6323296467762739
769,1.3245045807783729
770,0.25129033329599393
771,0.6106509330532269
772,0.568527558336872
773,0.5440038618528199
774,1.3845309635203618
775,0.38728852806156255
776,0.4361036291524805
777,0.7085979465120419
778,0.3045705296672489
779,0.424228748846333
780,0.8508856725533802
781,1.043204309772767
782,0.4631194227420932
783,0.2899947073020482
784,0.9596808968105912
785,0.902564291608076
786,0.4175393722642255
787,0.560536579188119
788,0.5667131827970554
789,0.7093249529525087
790,0.2579626599850182
791,0.4474755348847412
792,0.9812033506318046
793,0.13222565514983883
794,0.5755361775804432
795,0.7874690563576302
796,0.5993355518751375
797,1.26362383794027
798,0.49283710710394096
799,0.8967521576873309
800,0.9917851057014881
801,0.2092234242313138
802,0.9715536013759307
803,0.4167160423685022
804,0.5752405892226996
805,0.35805308495175087
806,0.14077692707239717
807,0.8973780008164759
808,0.4207149276609613
809,0.5606908097172093
810,1.0921632087015918
811,0.9855446180534081
812,0.5089155781350595
813,0.10654510387892076
814,0.3014557919199328
815,0.710991584237283
816,0.3729855119626803
817,1.2438877017011307
818,1.0153008438165014
819,0.08796109659560553
820,0.525423200378031
821,0.4276043152090142
822,0.33640669160379216
823,0.527279404121223
824,0.8145324170816265
825,0.7125627913126271
826,0.06836567173256174
827,0.5882636465430064
828,0.19779794984569557
829,0.6986111242022566
830,0.8678731405566449
831,0.2415592962387406
832,1.065057538364645
833,0.2636797595152268
834,1.000225819419772
835,0.7685484788861421
836,0.13036211004271897
837,0.8840313651429469
838,0.9153129398990476
839,0.8231876155060109
840,0.39354005226306293
841,0.24676951470950714
842,0.08401688503537326
843,0.5665266189840246
844,0.590243500169505
845,0.5554520615414059
846,1.6190396099973279
847,0.7741987563732471
848,0.31903079584841687
849,0.8141128569229045
850,0.1808290854005324
851,0.6368025271809936
852,0.9209827678826988
853,0.8054271056378736
854,0.9004234413745746
855,0.5172497508939896
856,0.5645304727177772
857,0.7072844563209615
858,0.5836972768801286
859,0.16117225164810536
860,0.9752267195459372
861,0.9105496191600015
862,0.6501148895739769
863,0.3356180865576562
864,0.4301936956371918
865,0.647438664109488
866,0.5789394821669173
867,0.3334575294080719
868,0.9429700876635905
869,0.35052798540696667
870,0.6067766424123331
871,0.4703935571628837
872,0.7022071416365792
873,0.39116997495245426
874,1.2461682481364749
875,0.1961301288362213
876,0.27744519124296746
877,0.5448266436125199
878,0.773333169300731
879,0.8546426365855839
880,0.6327526043791866
881,0.8699491831826425
882,1.1301416973217238
883,0.8680472026805871
884,1.4780195229602116
885,0.8410919353884049
886,0.9288678762836047
887,0.19086262578117133
888,0.3925586982380649
889,0.9018129724952026
890,1.0262831191683413
891,0.926634875793576
892,0.1148311828688733
893,0.7993082966994219
894,0.33175574111313993
895,0.17554125510987756
896,0.8361850620208217
897,0.6748998393382982
898,0.6374268627067365
899,0.955853387322651
900,1.4017577109600063
901,1.1498112710868607
902,0.763884718095159
903,0.39427942588427495
904,0.3010689599549096
905,1.152878079880421
906,0.9516378676485416
907,1.0986242490341382
908,0.7658748713318568
909,0.43116924929281153
910,0.6522479413055341
911,0.9616178472069589
912,1.3911972931909165
913,1.4954880468839356
914,1.4265018126786249
915,0.4764529286990136
916,0.18860218023836697
917,0.22197492684256342
918,0.44302867639005855
919,1.0610629894522872
920,0.7440625172238489
921,0.19642350774956316
922,0.5494556819170129
923,0.6521299967778728
924,0.24250489068659545
925,0.34035350826551614
926,0.7191944284554602
927,0.39619712002714236
928,0.9514756607064566
929,0.7394612412980627
930,0.7139636112905255
931,0.7826269559796164
932,0.4139111299618477
933,1.484251405996214
934,1.6668416023801298
935,0.8499948974012504
936,0.7002375885435214
937,0.7862923665191621
938,0.7447162862573226
939,0.8766145046041761
940,0.28920775451729447
941,0.23295058980232566
942,0.3743641044159077
943,0.8714883256755614
944,0.5171323553052387
945,0.641388135487203
946,0.8338117294218332
947,1.1454537875310327
948,0.572947500162204
949,1.3477509253229842
950,0.5494983127219613
951,0.5491797496363151
952,0.8554835888028348
953,0.19555918441157127
954,0.7905272299873709
955,0.6162440351745867
956,0.048455180783275285
957,1.0160983191685216
958,0.5383919236707524
959,0.5950815549237238
960,0.28521682565880196
961,0.7095040536079117
962,0.14763237973159307
963,0.1417168260628261
964,0.11958135965752299
965,0.0541903705973554
966,0.27394260121057684
967,0.5645210465098445
968,0.6898898091890299
969,1.4622520418074703
970,0.36361882463753215
971,0.46595414446169126
972,0.33363792370564727
973,0.2943492993965292
974,0.7815206289772735
975,0.5351368730902557
976,0.9691232240341328
977,0.13699183288608058
978,0.15284652506020643
979,0.6982438618179803
980,0.6602726885945757
981,0.8484226434069077
982,0.941767278034318
983,0.15953937747363467
984,1.221133240522202
985,0.47572561785868883
986,0.5181360738229047
987,0.4119553491466502
988,0.6001709647433237
989,0.8661512968515603
990,0.7106544203780167
991,0.24105018656514263
992,0.6707130625500992
993,0.8770005069784513
994,0.9416031363257146
995,0.20778980030095848
996,0.5250692845538304
997,0.6401548644666225
998,0.038016720755203265
999,0.1665607641033694
1000,0.23279667308120627
1001,0.21880473073157433
1002,0.41366576935197025
1003,0.7472481563835207
1004,1.3133365698967885
1005,0.9324533337728234
1006,0.7127870921895939
1007,0.32070589073328926
1008,0.5317708029600955
1009,1.1330394695920538
1010,1.388993292444147
1011,1.3867683307162506
1012,0.7147175694192562
1013,0.02136320551271157
1014,1.0756502709903613
1015,0.24077020746682912
1016,0.48511921981729667
1017,0.3894266338142941
1018,0.5234350301489968
1019,0.8558985555429005
1020,0.6344228314643073
1021,0.8626264129167046
1022,0.914585893073906
1023,0.4502545076523892
1024,0.7138053911582121
1025,0.29313426788628355
1026,0.47245006836810105
1027,0.7964291277830705
1028,0.2694785033240985
1029,0.9704536686771237
1030,0.023965852413775173
1031,0.4264213253738045
1032,0.2711911899375053
1033,0.3874384976250695
1034,0.2668212307190822
1035,0.1956767313430353
1036,0.2793568108371217
1037,0.8338645435076196
1038,0.374161607454727
1039,0.40870739690942076
1040,0.5647463243201198
1041,0.6839576191396421
1042,0.3423532541565647
1043,1.0560693864374642
1044,1.3398028277051637
1045,2.22434777096628
1046,1.6621251967623691
1047,0.5504569633174846
1048,0.2382823218448285
1049,1.3120340460853313
1050,0.43946622214572945
1051,0.4766776029397269
1052,0.46592969777256354
1053,0.6860603862903631
1054,0.3450720873344884
1055,0.5281586463669184
1056,0.2239223964775401
1057,0.6577819090878362
1058,0.5754122288286042
1059,1.3658432352234218
1060,0.6951988697125884
1061,0.29575991099859705
1062,1.0385473034344481
1063,0.2349256990072912
1064,0.5113722141345947
1065,0.17356112815320418
1066,0.19714671051713537
1067,0.18822167830694728
1068,0.5187424258179213
1069,0.1226533035799922
1070,0.3459954450190238
1071,0.08241448046260305
1072,0.18925609567577167
1073,0.16969002746854187
1074,0.08462315428584696
1075,0.3016882019187557
1076,0.9529654539553372
1077,0.9966768715949871
1078,0.2549423996737383
1079,0.8630667270042888
1080,1.974242909477082
1081,1.9170695307390637
1082,1.0867376868221428
1083,0.7282478823242576
1084,1.533803601898633
1085,0.5158725520917309
1086,0.24804468974309388
1087,0.5757316139929815
1088,0.4416083352998092
1089,0.6181303432864775
1090,0.8462409258580345
1091,1.1289421338804055
1092,0.42372745665354405
1093,0.3588961264026746
1094,0.9534782025989491
1095,0.2301929182276664
1096,1.0240282323796073
1097,0.9518461895726766
1098,0.16259980683655492
1099,0.5588719888707355
1100,0.25234138173718046
1101,0.11404877328287698
1102,0.5860379963736111
1103,0.3871599091965593
1104,0.22489903394912994
1105,0.160101410171012
1106,0.2257133898404084
1107,0.09990184478279815
1108,0.44075789166970225
1109,0.41582503911621016
1110,0.5372569623516549
1111,0.9353301938827413
1112,0.9476879061512359
1113,0.961795557206246
1114,1.2668298150089432
1115,2.1811756443056534
1116,1.473592341673959
1117,1.0210963224842657
1118,1.1670243164056753
1119,1.37800860719402
1120,0.04288684836173773
1121,0.17607572556542056
1122,0.25934340708712217
1123,0.7479113037737193
1124,0.15646546671111003
1125,1.169082570448361
1126,1.581367837939801
1127,0.6834694931192487
1128,0.7447268357793532
1129,1.2513655978406903
1130,0.360326600733655
1131,1.0727394292271142
1132,1.1654152433860627
1133,0.6403641478118831
1134,0.975253786759913
1135,0.14141468691716513
1136,0.27867214430809983
1137,0.3842737409651308
1138,0.19921663369736292
1139,0.24284703334957902
1140,0.10934821632557518
1141,0.7456779036326567
1142,0.16502488682883149
1143,0.5436980258333219
1144,0.6169890483415928
1145,0.2596446180419524
1146,0.48079058848952944
1147,0.11981218793334907
1148,0.8507649362278727
1149,1.076596698143702
1150,1.8570930216531103
1151,0.991876551666273
1152,0.06474592661395542
1153,0.6132522563784875
1154,0.40340353147400454
1155,0.439663338669456
1156,0.06167011874120499
1157,1.0532783089707818
1158,0.46399336278067543
1159,0.7536262740707148
1160,1.0936981643324595
1161,0.7035652112049489
1162,0.32188161118775804
1163,0.1728995481540233
1164,0.9983542885103793
1165,0.6393272913180581
1166,0.6376362299269697
1167,0.3744408315070613
1168,1.3183514468513875
1169,0.45329507561544413
1170,0.363040558591553
1171,0.4250568985790978
1172,0.699588676373209
1173,0.0026173799395635545
1174,0.0458755815630565
1175,0.05769947191146968
1176,0.17708196078422256
1177,0.6210963569417085
1178,0.36287144151145545
1179,0.4545820644049907
1180,0.6580798615716785
1181,0.8650180330872534
1182,0.14973444599607558
1183,0.21135046558444986
1184,0.5980717650689851
1185,1.3768917051966378
1186,0.5412565439883262
1187,0.17610780695863132
1188,0.7095884480617919
1189,0.18922351538831259
1190,0.6012715575061673
1191,0.7434986346725619
1192,1.1894106088309495
1193,1.0210611120891389
1194,0.4160750498836879
1195,0.9275630543892722
1196,0.39904016818206856
1197,0.5157285610879423
1198,0.3867214017530003
1199,0.2992135582735668
1200,1.1353117583430141
1201,0.8183912013402882
1202,0.8533671398575176
1203,1.3593010831006016
1204,0.5613510495568612
1205,0.503949538980688
1206,0.9429691105464202
1207,0.19451319500175787
1208,0.09806615953174878
1209,0.2871747797475801
1210,0.08194433527153033
1211,0.674889541484418
1212,1.3358783388064452
1213,0.6346224722019386
1214,0.030841379053081493
1215,0.0873051945586613
1216,0.8110935079080412
1217,0.3414270172511889
1218,0.22041975771334305
1219,0.23741707719443444
1220,0.841312577678557
1221,0.32513366826241147
1222,0.9318607272266304
1223,0.38411049394176927
1224,0.835297804824608
1225,0.4599656725571563
1226,0.8742336731827052
1227,0.23785620080062186
1228,0.7919377277544931
1229,0.4068916855353312
1230,0.645275880718501
1231,0.4885272252739271
1232,1.2251601833636805
1233,0.6062562126639087
1234,0.6805448883159964
1235,1.2893836794963311
1236,0.6259388988571296
1237,1.1984368796785834
1238,0.5122966608706733
1239,0.6950152643169892
1240,1.0611157957884871
1241,0.02075406586676406
1242,0.20384074015017398
1243,0.535321353251788
1244,0.39453757140661616
1245,0.1334374252868458
1246,0.12789462613945757
1247,0.6882581525524976
1248,0.5687064826674363
1249,0.24483705609219303
1250,0.061057073990085996
1251,0.45296583391591283
1252,0.785012681987395
1253,0.3081643950612707
1254,0.4362994465533303
1255,0.3345640350120533
1256,0.06818016420102514
1257,0.24794184291117347
1258,0.3673857407390776
1259,0.25157581729790235
1260,0.6747026339743186
1261,0.7285490104470201
1262,0.4334104702620658
1263,0.8534910868641854
1264,0.48687190101961136
1265,0.6697085714678209
1266,0.552755080185679
1267,0.7022731036159877
1268,0.4108796661749548
1269,1.5222742953802775
1270,1.2508706959101612
1271,0.36917561852333075
1272,0.8725833275686837
1273,0.4678078022904439
1274,0.4401382881148691
1275,0.4607390963336393
1276,0.727454559733473
1277,0.46823801573083407
1278,0.34934504156714236
1279,0.9179677010850956
1280,0.45123870053554477
1281,0.18137734830198624
1282,0.35260961454775386
1283,0.1792072965588933
1284,0.09718632359556104
1285,0.18439618312427403
1286,0.15321746288714877
1287,0.41670331075462774
1288,0.38236752034882604
1289,0.05815624772827141
1290,0.26593310915162166
1291,0.36608847693481555
1292,0.7047509699264308
1293,0.7344014322040934
1294,0.5948977790522736
1295,0.3461324336076687
1296,0.41880270489920207
1297,1.2109072310515219
1298,1.6161959489784536
1299,1.4603141477867596
1300,1.4480828102549863
1301,1.2747203899460327
1302,0.7988160602923069
1303,1.03863193075344
1304,1.664048803533814
1305,0.9424818809414145
1306,0.7945696104316387
1307,0.7007661077313204
1308,0.40105108884528157
1309,0.3504247739884335
1310,0.873769031988833
1311,0.2510252213423561
1312,0.8235734262895046
1313,0.07597498034917421
1314,0.6380510778447069
1315,0.27068747882142546
1316,0.3757056624951003
1317,0.5071333080746334
1318,0.16892006003553497
1319,0.12385148664967115
1320,0.24018658244723803
1321,0.21699936444508156
1322,0.15485321422715612
1323,0.06886449556084348
1324,0.04170909133236407
1325,0.29847089792723036
1326,0.3971440152590645
1327,1.3881689655035718
1328,0.38059423329324416
1329,0.3637127644821359
1330,0.7276726009682681
1331,0.3927218856403724
1332,1.4674008215613998
1333,1.8394723819887255
1334,2.31125861059872
1335,2.120013956657072
1336,1.0172744186512084
1337,0.21931176630928853
1338,1.2386324718890263
1339,1.4040613097949668
1340,0.30112589021703473
1341,0.35148645826712427
1342,0.5106559370195707
1343,0.3260403609898651
1344,0.4797796559716027
1345,1.0269003514739936
1346,0.6917246090468719
1347,0.6713489950464729
1348,0.523422782671073
1349,0.2321665173257345
1350,0.5787022980001497
1351,0.12005245221777631
1352,0.42090449061388563
1353,0.20388200655792743
1354,0.2758534313561838
1355,0.14144471808969805
1356,0.07168816802377012
1357,0.2827902182193286
1358,0.2868189047502731
1359,0.2756391252018015
1360,0.16968072038793
1361,0.3760824511196725
1362,0.4304307422980305
1363,0.3884652076509629
1364,0.6392885462571726
1365,0.9874087412843076
1366,0.13525766164371422
1367,0.4876702830133354
1368,1.0343678788244668
1369,1.4773885805521474
1370,1.6023376744592335
1371,1.537187001321559
1372,1.1730599440808134
1373,1.352549181624969
1374,0.6894770282388115
1375,1.0999623219705474
1376,1.2278792048059943
1377,0.6907930076291969
1378,0.6067900776770915
1379,0.44272145811050545
1380,0.1462324599093002
1381,0.043515657043190964
1382,0.2749970844819522
1383,0.30581213355057113
1384,0.25723421527142126
1385,0.6532004038432724
1386,0.18908935598312668
1387,0.41921321464330097
1388,0.5720619591966561
1389,0.07438531293526492
1390,0.30739981872380245
1391,0.10684149855997395
1392,0.2867671939195094
1393,0.16445731575492015
1394,0.05274201052426055
1395,0.15788358027458457
1396,0.05672140401545164
1397,0.17929580336427026
1398,0.3562380305976346
1399,0.4123338358703299
1400,1.2516587124060075
1401,0.1410631978873895
1402,0.26234887470613155
1403,0.0589522749334707
1404,0.5888379134992286
1405,0.8554012259802666
1406,1.4970698122410124
1407,1.1502094246111365
1408,0.6640466823313431
1409,0.2015227022000949
1410,1.0008060691906941
1411,1.7100202234669986
1412,1.5906710226900618
1413,1.5264077664176816
1414,0.6942648275508523
1415,0.1940380624164916
1416,0.3266403697019884
1417,0.5097026798984542
1418,0.22361593305659633
1419,0.09965840541381901
1420,0.22674329258186257
1421,0.12042805843440205
1422,0.24851695112679206
1423,0.12614468716106372
1424,0.25357802285535397
1425,0.1675530264486023
1426,0.35091283188334155
1427,0.1682717202283444
1428,0.23892494806816483
1429,0.27262276700347743
1430,0.11210634035829065
1431,0.30817370546616646
1432,0.3219341786887327
1433,0.9099589853163089
1434,0.2838572244934335
1435,0.8524537253424961
1436,0.8677326103746078
1437,0.37612817910188245
1438,0.4015027139302571
1439,0.6555641898916504
1440,0.25689467030843205
1441,0.6751083936494334
1442,0.34808248008613374
1443,0.3176307979447205
1444,1.1447804442244136
1445,0.532793860243151
1446,0.9841041522772666
1447,1.2052066112161464
1448,1.810420774214489
1449,1.0609397424347973
1450,0.6386932842223441
1451,0.6096401641974849
1452,0.48451711159929417
1453,0.11841265763887947
1454,0.0772388141637534
1455,0.18179059644525633
1456,0.1095234550222009
1457,0.21615735885173748
1458,0.21716635537210469
1459,0.15156320622097608
1460,0.22916546963768358
1461,0.22758696480971516
1462,0.1318488574395337
1463,0.1746782567605511
1464,0.15610341338169165
1465,0.17666916471052588
1466,0.19082286385563058
1467,0.17450689805387334
1468,0.43195898045812
1469,0.12375215680799133
1470,0.24633128089002632
1471,0.5627385920609581
1472,0.8674243518017841
1473,1.0738137625815012
1474,0.8436054132630896
1475,0.44327205904114503
1476,0.547738899369921
1477,0.3986717546921859
1478,1.0133126820190075
1479,1.227939188489465
1480,0.49760261278256757
1481,0.28771429903313667
1482,0.3311382519129105
1483,1.2811824381284223
1484,0.712854413914452
1485,0.47459555142306864
1486,0.5259814477406385
1487,0.3696509617914285
1488,0.1649835243726869
1489,0.10766575626552291
1490,0.1511800607124566
1491,0.1560533794394323
1492,0.19960368740835835
1493,0.2864474443183332
1494,0.22713640090604642
1495,0.12171530457908813
1496,0.10507223259567762
1497,0.17835350742378894
1498,0.32470246907642253
1499,0.4494019784853914
1500,0.15590738484896366
1501,0.443828830521541
1502,0.28255332592472654
1503,0.0737475567894395
1504,0.24633660612372385
1505,0.41619569425477043
1506,0.5713522866559856
1507,0.08221991872989406
1508,0.15790590936696447
1509,0.08844201870616399
1510,0.29041603961653406
1511,0.30340786694000355
1512,0.27603087325276743
1513,0.49475468555150526
1514,0.6097625583569153
1515,1.1959088111431908
1516,0.6637603084415987
1517,0.5847535493345594
1518,0.5413934099565111
1519,0.2636672828745054
1520,0.16304236760984975
1521,0.061746565766058706
1522,0.25572420653347583
1523,0.43049193240503764
1524,0.38438573625555683
1525,0.1203018176664663
1526,0.05144257545187287
1527,0.3120060846288273
1528,0.08880608989752767
1529,0.1956666398797686
1530,0.037416376123669465
1531,0.20356641254309685
1532,0.23875700964628088
1533,0.20948906823536523
1534,0.26560665843967224
1535,0.06707335857074234
1536,0.17648705115731114
1537,0.5772290319854716
1538,0.4182830433925391
1539,0.9478176243794796
1540,0.8854314554948028
1541,0.7476131508223396
1542,0.28439193677662256
1543,0.10628024971803811
1544,0.1196614729736744
1545,0.11426949476980727
1546,0.49824930631596326
1547,1.1710482206738493
1548,0.6817333205505975
1549,0.9737463594970126
1550,1.1014978972036822
1551,1.2712053246773798
1552,0.40049631654718554
1553,0.9277218971138147
1554,0.5105690643690916
1555,0.2346194366999146
1556,0.1046288439644122
1557,0.3348553931311125
1558,0.5895362445118879
1559,0.035782855973572475
1560,0.10549387934755584
1561,0.06177462638457994
1562,0.23301063469200695
1563,0.2881656925841878
1564,0.040299182600447736
1565,0.2620227182252172
1566,0.121678151625225
1567,0.2928418463671571
1568,0.2600930729940963
1569,0.45211736155272714
1570,0.26722262008132985
1571,0.06064260556481925
1572,0.14793601128197362
1573,0.7228406195273002
1574,1.1245514565190977
1575,0.7428908635864635
1576,0.4401432172851445
1577,0.20460622440038995
1578,0.9545342340033144
1579,0.4864527170587361
1580,0.5415636770299564
1581,0.7219041191358231
1582,1.0432307075588254
1583,0.6747078387466273
1584,0.4611107801945302
1585,0.15983720414176555
1586,1.2263351649119896
1587,0.5987870452854217
1588,1.1729552182353398
1589,0.6133234208477
1590,0.203714889552171
1591,0.3228882651212592
1592,0.550799450454748
1593,0.41345238110664784
1594,0.2887728636706853
1595,0.3259626958701814
1596,0.22768199317701418
1597,0.0766794366691876
1598,0.10432271171508348
1599,0.18206010050036908
1600,0.1030573831170118
1601,0.083912761533681
1602,0.19013418548773692
1603,0.12068321622305508
1604,0.16691898891914536
1605,0.02692146197167093
1606,0.5010621814623188
1607,0.08723683088404185
1608,0.21422870867277427
1609,0.6528747326766495
1610,1.493244202641931
1611,0.5025699437895682
1612,0.5768232776469392
1613,0.2817908801102659
1614,0.4547054191383742
1615,0.5571720435153859
1616,0.44156689959055107
1617,0.8730387676706126
1618,0.9237402173271319
1619,0.78983977736483
1620,0.27769533721552764
1621,0.8347094102661679
1622,1.3889840673806115
1623,0.4552574006083551
1624,0.7297170717340298
1625,0.5110198744288523
1626,0.4176893026240211
1627,0.4328591747903275
1628,0.043872933018790645
1629,0.5244567311131227
1630,0.10417063437258228
1631,0.3025622435418507
1632,0.0989143732285484
1633,0.5516819580596057
1634,0.10396199370338753
1635,0.09577392707150872
1636,0.08096249721643924
1637,0.23075655159948286
1638,0.3486946260157996
1639,0.30993025562537635
1640,0.16898126989022969
1641,0.3147389126883818
1642,0.39637971062352206
1643,0.23011181011006127
1644,1.038951033645533
1645,1.191539743184394
1646,0.6054264644082952
1647,0.7994276677559519
1648,0.11852690118528038
1649,0.35611239886110574
1650,0.6429328846306848
1651,0.45423240018960404
1652,0.5293193976555042
1653,0.5898364758516774
1654,0.6327567122851294
1655,0.48933286454400166
1656,0.6833721782752759
1657,0.8912097163399065
1658,0.1765440511239247
1659,0.2619215055419722
1660,0.39367400048443935
1661,0.7368457903754452
1662,0.5909832331821249
1663,0.37310532275237307
1664,0.192615760512134
1665,0.4262797669930462
1666,0.4306421344100331
1667,0.22525659098495357
1668,0.09425609201407788
1669,0.044204389036992794
1670,0.46372179752035647
1671,0.013207664556415004
1672,0.03706505699162588
1673,0.22869489407536253
1674,0.03474496560279521
1675,0.03848254707930522
1676,0.03895958078474465
1677,0.41431342383266445
1678,0.7601889427424651
1679,1.347957964374717
1680,1.0974619707674467
1681,0.388866535774612
1682,0.7010480089557551
1683,0.3905419969250699
1684,0.48321563342691887
1685,1.0270110867962083
1686,0.47328648443045523
1687,0.44862557995370556
1688,0.4044368944511176
1689,0.6387219585145089
1690,0.4017617921040735
1691,0.2678076574576107
1692,0.6320494840464522
1693,0.5948855362157903
1694,1.2329519849969972
1695,1.2037781985123392
1696,1.3474131845441673
1697,1.103643971275854
1698,0.8145992770271858
1699,0.9050714087177354
1700,0.23197536828016618
1701,0.2652911006448594
1702,0.35476011106358446
1703,0.115094262967464
1704,0.5360362424480117
1705,0.5788872060457645
1706,0.7097275306352215
1707,0.4411172307381903
1708,0.42966120020510795
1709,0.31705867354152506
1710,0.5305176771311028
1711,0.1385713378551399
1712,0.5930744169576009
1713,0.39754997119022273
1714,0.44117795770706664
1715,1.27177249554529
1716,0.799812806365425
1717,0.43698995516653694
1718,0.6387230085204401
1719,0.06778905160790284
1720,0.4401545527086434
1721,0.3398268324957967
1722,0.5304401739288319
1723,0.44722567318988987
1724,0.14425279884540268
1725,0.28270597780552986
1726,1.135004405017077
1727,1.2054563647087868
1728,1.4706827781017282
1729,1.2527345973922939
1730,0.25052032364638865
1731,1.014415711106113
1732,0.7113607681195566
1733,0.40196606297157766
1734,0.9767169896273707
1735,0.14262452250697286
1736,0.6237096227092201
1737,0.536374828711018
1738,0.773816073258269
1739,1.1500936884268527
1740,0.7772311209298376
1741,0.3389784611757596
1742,0.24158647301845926
1743,0.42948077026579246
1744,0.9484454411639552
1745,0.9871604950041138
1746,0.5923287536302627
1747,0.02107346566032119
1748,0.30475309239995924
1749,0.05467361556668996
1750,0.7314126361066392
1751,0.05402906135808459
1752,0.12870800628843293
1753,0.847478345571948
1754,0.308220318434204
1755,0.7818239540959161
1756,0.26570064534393517
1757,0.9215336945217855
1758,0.8567964074854609
1759,1.070338445260205
1760,1.0712558121743927
1761,1.7343629054436318
1762,2.1030994635667843
1763,2.4264776499036844
1764,1.4484931012867568
1765,0.7690896742910417
1766,1.2480897084393516
1767,1.2309283373324809
1768,1.0819574827065845
1769,0.5004518666346457
1770,0.5398213238226782
1771,0.6449565409866195
1772,0.25818095031841315
1773,0.08282486168391591
1774,0.49048400253659497
1775,0.7393704362941008
1776,0.4054067255678472
1777,0.15543748048043068
1778,0.2365448220495828
1779,0.04014814601820493
1780,0.8501986461361335
1781,0.2827661029959997
1782,0.1464799079048717
1783,0.10434519598343941
1784,0.31940730586187016
1785,1.0711892351840417
1786,0.8976689895339992
1787,0.7700079785757893
1788,0.43322031186148224
1789,0.38329946273253357
1790,0.36208469765734386
1791,0.5213714093889378
1792,1.0242542762263318
1793,1.7848965807354877
1794,1.945277398977972
1795,2.0318166417395953
1796,2.448879621919788
1797,2.3537067920358807
1798,2.2323370694344744
1799,2.131234603232899
1800,1.7422105014028815
1801,2.000324026086096
1802,2.106793208435976
1803,1.1013735317770916
1804,0.5105407536049482
1805,0.44717181527248967
1806,0.22542604466811755
1807,0.063000496686102
1808,0.040570106912384406
1809,0.06192169647579825
1810,0.19680947567564627
1811,0.5558465109172789
1812,0.4581071255329666
1813,0.21752932493556756
1814,0.07362043138526012
1815,0.8749545511676631
1816,0.3806898135227204
1817,0.10686216865632134
1818,0.18717152442102794
1819,0.41438908557175114
1820,0.8194500606222821
1821,0.3082998669166407
1822,0.061903217773263304
1823,1.1254656829597602
1824,0.7721420912038138
1825,0.5651892605158162
1826,1.0441047751758477
1827,1.000580122711645
1828,0.9584129914351128
1829,1.4813308724729117
1830,1.2715155150752
1831,1.7338326630226466
1832,1.4727606884259057
1833,1.2699347818360516
1834,1.87864498144449
1835,2.7192197278016668
1836,2.5125086573287607
1837,2.0188558633540663
1838,1.7711752171826625
1839,1.0479290733286766
1840,0.32115670318415956
1841,0.2380813295509721
1842,0.5129797957955569
1843,0.48550496678998867
1844,0.7896251921651907
1845,0.38981359717019426
1846,0.2551970565219181
1847,0.2630625682855273
1848,0.3871074127903397
1849,0.45404065756403644
1850,0.32935898435266975
1851,0.12329728209788607
1852,0.06064150877271077
1853,0.32167808319941077
1854,0.22926878729044733
1855,1.2115954934063065
1856,0.7959074419106148
1857,1.040557040781878
1858,0.8602369954810271
1859,0.2258308960867839
1860,1.2097803748808749
1861,0.7080580987155807
1862,0.03146612016683072
1863,0.3343788696968207
1864,0.7308962617598798
1865,0.29869290158817374
1866,1.1628303593497422
1867,0.845070056349005
1868,0.39748031097245645
1869,1.4403819410394652
1870,2.5424932675477665
1871,1.8489410933696986
1872,1.0871684318657129
1873,1.1908608458354726
1874,1.778402394133274
1875,1.2365595464743735
1876,0.8591566671519466
1877,0.8773650079494836
1878,0.4231055679801397
1879,0.49639167235464354
1880,1.2109715953893558
1881,1.1194185483395152
1882,0.7154729442688281
1883,0.3957834162891189
1884,0.1884855006242809
1885,0.42800840341664237
1886,0.027889440300301563
1887,0.036649463319852256
1888,0.5977181295722812
1889,0.1338382406479577
1890,0.7566788401245116
1891,0.19649837915928714
1892,1.1889361967351952
1893,0.28509981891080216
1894,0.885196362576587
1895,1.4096426733678715
1896,0.34677190633187754
1897,0.787598574256156
1898,0.7359050913120505
1899,0.5805424574514616
1900,0.6229481929838211
1901,0.3553034739063352
1902,0.30262368072442125
1903,0.6837355315126067
1904,1.4154362952192077
1905,1.9857647156887686
1906,1.5617080527294436
1907,0.4498626598404255
1908,0.6623315829505447
1909,1.7742187523309227
1910,2.035195050717729
1911,1.8255307291715155
1912,1.0862078429398254
1913,0.0502586751755679
1914,0.7984612543299947
1915,0.4289781433509548
1916,0.5650880730033617
1917,0.9506249636330188
1918,0.7316197972534594
1919,0.3651174941626698
1920,0.009847589184384511
1921,0.17292280784116368
1922,0.1632113496387299
1923,0.7087168810387028
1924,0.31352796231444546
1925,0.6096219697236336
1926,0.16238638618262521
1927,1.0640403066317492
1928,0.38638181615012973
1929,0.9073426760301435
1930,1.6947047465924638
1931,1.2126921076882398
1932,0.3629003683836635
1933,0.49692954708034465
1934,0.8829040428609365
1935,1.1494179327814964
1936,0.5294069404044742
1937,0.29092311265694076
1938,0.3251450532989129
1939,0.6132141386344772
1940,1.0643157175650844
1941,1.1349570992478626
1942,1.066350150820213
1943,1.1718878897365834
1944,2.020495516298056
1945,2.2130478317068047
1946,1.3216467975770492
1947,0.4495378179064302
1948,0.18641023326006315
1949,0.2832881568907936
1950,0.02248593179107102
1951,0.34531418630052624
1952,0.22670751570382885
1953,0.31906796383867014
1954,0.0802604370267795
1955,0.07068770866679876
1956,0.1949384742897632
1957,0.1308735772256503
1958,0.3302659922197331
1959,0.030745057103584127
1960,1.1588915097627774
1961,0.9150871728187423
1962,0.9435663699211477
1963,0.6200589806587065
1964,1.0946859428846596
1965,0.8226103240701808
1966,0.8598761017798062
1967,0.8015104283916725
1968,0.6184556375810758
1969,0.884086802007682
1970,0.6086926542585672
1971,1.2003132892308688
1972,0.7419789659414372
1973,0.40388832321471285
1974,0.5840654062514685
1975,0.48710906724358355
1976,0.6266731808941797
1977,0.8132698470185277
1978,1.2637165052004713
1979,2.0334910245439963
1980,1.3337994868637706
1981,0.7674854016686408
1982,0.469439123018966
1983,0.24240882628828891
1984,0.5913623102780937
1985,0.5727432247342423
1986,0.23893680456353025
1987,0.4522405914627871
1988,0.17677453429770348
1989,0.2808462270987116
1990,0.25165212223009176
1991,0.31297896838620276
1992,0.205154520870403
1993,0.28016592633940557
1994,0.07977620446390357
1995,0.19757728899400065
1996,0.8786633497500519
1997,0.6136572765053363
1998,0.5879492715223658
1999,0.7707313752345917
2000,0.405601172076129
2001,0.6506816586135996
2002,1.1182881523528625
2003,1.0899285830715477
2004,1.0628443498293831
2005,0.05850063765490908
2006,0.3711275223672777
2007,0.19537947189611163
2008,0.28810206322380044
2009,0.391589886782203
2010,0.15181087628439996
2011,0.9775484284718646
2012,0.22229203711009832
2013,0.8591063345643503
2014,1.6356742948972776
2015,0.5652463869477803
2016,0.6606352230116165
2017,0.7129417332531989
2018,0.6394818972512935
2019,0.9741979460297332
2020,0.3012228924396191
2021,0.319342742226709
2022,0.2061252561844244
2023,0.17041558164872608
2024,0.11718281456905758
2025,0.12764885998484818
2026,0.07735434516837568
2027,0.13875396795991118
2028,0.17880108075765844
2029,0.13698663758588372
2030,0.7874275521879459
2031,0.6323869061328461
2032,0.16065588079101534
2033,0.9608005153816696
2034,0.6813219838248525
2035,0.19449916111285234
2036,0.36982552607892005
2037,0.5846577487082631
2038,0.3744238381543904
2039,0.901892111644148
2040,0.9334412373844332
2041,0.6222146780121393
2042,0.8277664064139066
2043,0.7638081637716849
2044,0.6035657965480158
2045,0.5669633642321456
2046,0.32966471858997015
2047,0.10507939585280633
2048,0.987076289536473
2049,1.1211014614324604
2050,0.8793059476899389
2051,0.9434360289779111
2052,0.8488333707721238
2053,0.5804060790311152
2054,0.5810850805746046
2055,0.7896380712298415
2056,0.9354123967928942
2057,0.20956844432906563
2058,0.38878684571384076
2059,0.3770403431489465
2060,0.4237813150366076
2061,0.24729483038210304
2062,0.03183901774251913
2063,0.048483876095500845
2064,0.1345524160155571
2065,0.2397207100882626
2066,0.5512578359811028
2067,1.0415443507329019
2068,1.4078503937577787
2069,1.1836804788441255
2070,0.5565047485664705
2071,0.6743639647598753
2072,0.2776011843354695
2073,0.6683473203268975
2074,0.19233975759688854
2075,0.20948725218471387
2076,0.9158796565102075
2077,1.8023219849407515
2078,1.7319286366321351
2079,0.7408786963545018
2080,0.3957962039181486
2081,0.6292319401945766
2082,0.19602706227633657
2083,0.43807086039314064
2084,0.6888604830087383
2085,1.772017912742722
2086,1.2825090567953994
2087,0.21750625702771187
2088,0.23170550389488032
2089,0.9825966178947021
2090,1.751500817726363
2091,1.6797607317761873
2092,1.0994917384020249
2093,0.3096443993129344
2094,0.10302221078008607
2095,0.06852506016870304
2096,0.18209405230037937
2097,0.2862867336375474
2098,0.41957896492741265
2099,0.32303747147571177
2100,0.5061078950377884
2101,1.2798269804878197
2102,2.015826640501838
2103,2.227219354453919
2104,1.9003632359921394
2105,1.535936038223514
2106,1.2964241149894409
2107,0.598142856584956
2108,1.2278829760623031
2109,0.8982780835241699
2110,1.0645692337069457
2111,1.3885805253492518
2112,2.2794443220851277
2113,2.037738635095496
2114,1.1345484937147905
2115,0.9459831664829744
2116,0.8258036761828584
2117,0.19614600232465454
2118,1.150399912886302
2119,1.2672552687869116
2120,2.088375970012726
2121,1.698311907037042
2122,0.8589928153042937
2123,0.2502971052592534
2124,1.236178034185569
2125,2.3380517455230856
2126,2.446448897851824
2127,1.4155067894284585
2128,0.5797804869215825
2129,0.22558639152141508
2130,0.3158046545790833
2131,0.5920078837431431
2132,0.4141767769122566
2133,0.5335379140110549
2134,0.5839185559399638
